date,temperature_C,dewpoint_C,relative_humidity_pct,wind_speed_ms,precipitation_mm,runoff_mm,soil_moisture_m3m3,surface_pressure_hPa,evaporation_mm
2018-01-01,20.582043992879246,15.087408979553418,70.83284900491067,0.611161917367886,0.0025661131857106553,5.527207936294508E-4,0.26643373406088583,916.7382890380832,1.9909710962308593
2018-01-02,20.7492874496987,14.556845579789446,67.7017799650186,0.47700916721697706,0.015543014659967772,0.0017262739421777674,0.2643920226539752,916.8188045456496,1.9421056132952057
2018-01-03,20.433984863905998,14.649752136847598,69.47609776510224,0.32772584877483774,0.06834346998420376,0.010830743073290813,0.26292145715109794,918.2862845198732,1.7921099045873718
2018-01-04,20.871064422205425,14.38941745789559,66.5146324420656,0.5769624195589313,0.0013144482491712788,7.017860593629852E-4,0.26131283343650963,918.3782173818672,1.920643375130797
2018-01-05,20.31567991370775,14.287761484846387,68.40850941888738,0.6693477608542014,0.060503785293285775,0.01175981433466566,0.2598950445787072,917.3914351110468,1.84016863768593
2018-01-06,20.53517234028086,14.456149345717659,68.21183659417255,0.19400299239948152,0.13962347379168466,0.020056434155114853,0.25891303906230306,917.3717891536787,1.8936894324974387
2018-01-07,20.257820613949157,14.402295140527494,69.32661292973843,0.571133496075752,0.5613462123843626,0.10234115758820851,0.26086018796697263,917.7973373250983,1.9017935343458428
2018-01-08,19.895169826659515,11.125180864998923,57.06619255071409,1.4308450128200885,0.0017116101389547111,0.00607556002331516,0.2599711002977359,918.5751381318156,2.0347512782655324
2018-01-09,20.808618254899123,12.914024526759668,60.62694351272493,1.1686013623134965,0.003399504009167746,5.192142132309562E-5,0.25799784715463975,919.9374625334108,1.902440754817555
2018-01-10,21.292578119886798,15.907557254689745,71.40267405654404,2.085088517968177,0.16102003554224711,0.011204697899086874,0.2572678119377977,920.5829373208676,1.2390410380790153
2018-01-11,22.79305170685318,15.912114511267122,65.24603920608543,1.1271786375852768,0.008087448123176804,0.0017491609342280365,0.2563465765399144,920.1766367145491,1.956346345204151
2018-01-12,22.582128402780892,16.791578483427717,69.83634971296222,1.27056536600641,0.24767860730806043,0.029588416725249454,0.25600655716117604,919.9325770841884,1.7271315721233311
2018-01-13,22.964534723743608,14.321745449601973,58.3869362800996,1.1620127822062243,0.00641884428453982,0.002276845579392378,0.2548278276467143,919.2074807410486,1.9818490669637758
2018-01-14,22.111140984452714,8.953734317168179,43.0624843325321,2.0166826522564087,0.0,7.341556085366122E-5,0.25301225803394434,919.7886285988073,2.105351898234167
2018-01-15,22.28676952664314,10.541703625189065,47.3683916364135,1.632920765462584,0.001716613667213096,4.1590705007462335E-5,0.25127129324543707,919.3890547805541,2.024393582139054
2018-01-16,22.465409027391473,14.467775342914711,60.653253125511824,0.8073822803072536,0.03238623033665355,0.0025332909751726827,0.24999207846327304,918.5848684901833,1.7594803263736847
2018-01-17,21.582784562283624,13.346966456755283,59.76897821071586,1.1192664562250219,0.27529293524668175,0.04491043292215196,0.2506609244679381,918.6927687275934,1.7789296488442754
2018-01-18,21.266543704910262,9.722496421744543,47.75606796177725,1.9448562959297548,0.001716500018382329,0.002600143603814857,0.2497225898877172,918.5793186802824,1.9450324434825237
2018-01-19,20.654781134064397,7.282191353548977,42.02678031955643,1.8922169824311557,8.534627795597771E-4,5.358082589664717E-5,0.24835979753079568,918.9424931857785,1.9668792732302904
2018-01-20,20.482702872835304,9.778337031018438,50.278628376838135,1.254835074001257,0.0,2.0173826941780155E-6,0.24716688542110182,918.5453048060587,1.852240687920168
2018-01-21,20.38694803544344,10.409009618884081,52.85928845580924,0.9594900101459846,0.0,0.0,0.2461671065536975,917.6841167752261,1.8007856043514283
2018-01-22,20.788113297012224,13.691288110318647,63.985044842859736,0.14268895885964258,0.20707083810913784,0.017881725871531362,0.24589853000681156,917.1477647968892,1.7353613015428662
2018-01-23,20.985544272077522,16.298262762720306,74.60074593709463,0.657846408748306,0.1897262164194774,0.0215147560013166,0.247070370884486,917.2337868584173,1.4574320464064368
2018-01-24,21.50377160911944,14.943667259587004,66.33204179360018,0.6042461839579474,0.05377037191804733,0.010427698769428196,0.24693098550623546,916.9128499290822,1.4701761492691234
2018-01-25,21.78940033956431,13.691547776821597,60.10126599300334,0.7810241144636169,8.565568033751306E-4,6.236554029996335E-4,0.24609758894477485,916.3878966723961,1.7303624641618522
2018-01-26,21.591298230511093,14.223763100051656,62.99042626038194,0.49238786739391044,6.572409617844532E-4,6.0381551727829395E-5,0.2451686241588555,916.9501505637935,1.6607454662337964
2018-01-27,21.372100112073504,15.484387926676833,69.2628389365261,0.2691584327500034,0.21310160409773748,0.0257069316447667,0.24521752589079582,917.523258017212,1.5528943597401657
2018-01-28,21.83585576125087,14.37972349402827,62.81065462712845,0.9607427518580768,0.1870400406929772,0.02982603232165418,0.2459670553724946,918.0501779483882,1.7247406379725887
2018-01-29,21.913337474538345,12.738106017616929,56.044894599163335,1.5747238387903713,3.1846141024527456E-6,0.0017541837879061794,0.2453235667683211,918.9642871900144,1.7481676971054607
2018-01-30,21.53715856232513,11.548843178791413,53.040531310073476,1.7743707638485107,0.0012943312412971864,1.475693979273195E-5,0.2443701641558777,919.1945540323327,1.7483922779415866
2018-01-31,21.228835373211986,8.276738455808642,43.4050390539258,1.9216682776918554,8.52346317969932E-4,7.032510225832468E-6,0.24349186860613545,919.7379880698993,1.7995473640414061
2018-02-01,21.3730198177539,5.929181217985224,36.71536305872464,1.6679659382490248,0.0012872037586930674,2.4553693539948765E-5,0.24264715028925374,919.3379185496914,1.824200009451352
2018-02-02,21.325058696436383,8.296026765911508,43.26342737446553,1.4422176149086705,0.001309886613398703,1.4101075801943863E-5,0.2419315544275221,918.5634243158242,1.7308350194252875
2018-02-03,20.919846927897638,7.6988016933982415,42.614264064938,1.5409490035670492,0.0,1.648244584179485E-6,0.2413250024716929,918.74718447152,1.7312268808832614
2018-02-04,20.639272019796945,5.697147826981436,37.81395530110494,1.6057729449066642,0.0,0.0,0.24076138223266477,918.9630204923968,1.7494228053101881
2018-02-05,21.787947821607073,8.342800300121418,42.19139795968664,1.360381370535243,0.0012784407203980663,6.741663733582463E-5,0.24025154311558874,920.2803289887046,1.7170249745773403
2018-02-06,23.17129298678724,13.590695971023695,54.96208195821187,0.30537774813777163,0.05012291304554412,0.0023162858402939186,0.23992285889799414,919.9822851043033,1.5963123267213237
2018-02-07,22.652005964732574,14.990294714567757,61.97304422495142,0.4182546767304171,0.1364264232467597,0.010267415138993591,0.24037748453194682,919.8778832838092,1.3815431106290053
2018-02-08,22.86742668069811,16.958570049869177,69.47681360090333,0.3434984955515817,2.3236859615657135,0.1774516910819334,0.25118136963600907,919.0076576996348,1.7008570674560024
2018-02-09,22.928185291981098,17.411182420750176,71.19838549020399,0.15994923744052333,4.925473319219131,0.5282658434608507,0.28490992145851135,918.8480246655824,2.4900385234962057
2018-02-10,22.30071410217123,17.715784383668993,75.35929506443888,0.804370924846726,4.182608891074621,0.6256720916283186,0.3253243942984504,919.4521491064322,2.650500563208216
2018-02-11,23.023839091613674,16.88277712563847,68.55852552902314,0.2557066982402803,0.9910462559531487,0.17571484991751152,0.3329192391325353,919.972002760645,2.606584519677543
2018-02-12,22.32732271215778,18.00946991458196,76.79356783222111,0.27080633142804267,1.621619321790966,0.24265144052511253,0.33134098011222984,921.4401944974791,2.37452205511327
2018-02-13,22.77379907721653,16.5949733679043,68.24308686764674,0.9545659568614137,0.7683904547253797,0.10986240871052322,0.32581333557883735,922.2211510966513,2.3402600279926693
2018-02-14,23.084467203607872,14.366116604111099,58.074165518784454,1.7519519776584997,0.003689998120399197,0.007528345119789703,0.31466052302998476,922.2008163364123,2.39066173132457
2018-02-15,23.103017949019616,13.531383277027794,54.88325377705445,2.002663995957151,0.001764319067823788,1.3620595336441123E-4,0.3024821548998142,922.4475022233985,2.2859732009945195
2018-02-16,22.750595247532633,12.33484088182589,51.9515424408117,1.505356711879284,8.556250463698234E-4,5.863286723930148E-5,0.2923742938152485,921.3779676375502,2.207211030234882
2018-02-17,22.34492612752966,12.506600165825908,53.91057495446439,0.6259289265521393,0.0027868944800680854,1.0904983614897286E-4,0.2840097134127139,918.7206393247544,2.0768605723122056
2018-02-18,22.809584503050775,14.139900474066343,58.46533591265008,0.46350011626378035,0.012005090281533905,0.001917485766235563,0.2772096009116552,917.9933919390852,1.9843047501924729
2018-02-19,22.795369030613713,12.612878660150843,53.23059350651248,0.9202712328581065,0.005764331235754284,7.914843666332356E-4,0.2714635388442859,918.2897300286834,1.9509626167442937
2018-02-20,22.686669766280733,12.588711566077514,53.057985602391334,1.0606339319003724,0.0018192587149255725,1.3069334784497977E-4,0.26641002849448897,918.0157331736972,1.9064578909638534
2018-02-21,23.07799415337848,11.029823162909445,46.88877289185007,1.1782762812447785,0.06630418967750899,0.0013570512737982252,0.2620503990799526,917.4043548150079,1.8968963417187987
2018-02-22,22.9343563009509,10.724821960136298,46.45059731994163,1.195887242082467,0.04930008708330598,0.0016745465329776007,0.2586810273197832,917.1524075337426,1.8664278852527887
2018-02-23,22.864026262016907,8.090775205583856,39.13983533967499,1.7033832928701658,8.523463748133508E-4,4.643877608282442E-4,0.2556030154617379,917.4622613867404,1.87039363050649
2018-02-24,22.82731226170107,7.8207499999039145,38.27555431127143,1.6734595522007452,8.241222920897425E-7,8.962329926475948E-7,0.2526263337981963,918.7521671752951,1.8180736085941456
2018-02-25,23.144089603640204,10.938050404657925,46.30432816697785,1.4589824986145372,0.0,0.0,0.2501915829400613,918.8212703423327,1.7191286633712495
2018-02-26,22.971044189922562,10.651007465928538,46.057316923937314,1.0773430735916292,0.0017046928064701206,1.1699016858718542E-4,0.24814744582990989,918.4791608088666,1.678463250144531
2018-02-27,23.878378450555086,8.856464686303838,38.56008507495208,1.8812718226827316,0.0017175140101244324,5.849207968106947E-5,0.24638871333106166,917.7232177233661,1.7026614396476518
2018-02-28,23.666229651947408,9.198030998917725,40.256939557770764,1.2888533638273034,8.523463748133508E-4,1.8168462697695113E-5,0.24482388955526613,917.7378298532345,1.6452015689524282
2018-03-01,23.841716847055494,9.098105551921181,39.51580755615686,1.320940704410594,8.52346317969932E-4,1.0384413033727264E-4,0.24353532417169313,917.6284815085112,1.619293557048386
2018-03-02,24.020582086473986,6.296214347060235,32.402643775925156,1.5099330621575036,0.0012874602930423862,1.2946274440153109E-4,0.24241059276142593,917.3376110834682,1.6178109531041553
2018-03-03,23.46003604870897,11.403820628763137,47.02652375281964,0.3236594260400291,0.012174304964922092,0.0018776785133758271,0.24150239072939517,917.5828805561332,1.4968191533516744
2018-03-04,23.703284748128834,13.135916313229723,51.86256762864801,0.37489299196874615,0.012276549742564943,9.79526968324551E-4,0.24079939126556327,916.9590756597953,1.5357364252808867
2018-03-05,23.93210693768435,12.912383853625071,50.84092304193715,0.3979562770115827,0.004944876938812906,7.963419666226E-4,0.24009337126533384,917.7659156883416,1.4847827089562202
2018-03-06,24.012101827871213,12.56428644817841,49.30859761892441,0.5001983803666137,0.011398339274292478,2.8609491215967497E-4,0.23944987255192696,917.8084606590874,1.4662292401459467
2018-03-07,24.255473572778328,12.507327646776428,48.460459612929974,0.36032896502758477,0.09353710410369404,0.007295912372679985,0.239167608762248,917.7803559322203,1.4901911841559718
2018-03-08,24.47182121402858,10.920797714562774,43.221327926006985,0.8872635888818834,0.01564709753960022,0.003002901611027045,0.23903823848436764,918.2281382970705,1.5271133897212918
2018-03-09,24.560696605611046,9.577103946734304,39.43581020879771,1.117300200703903,0.004160588809645203,8.17732768943884E-4,0.23854394004280563,918.0643566545251,1.4918502085387308
2018-03-10,24.865994528011434,10.205826733559853,39.840781170759236,1.8571516997619684,1.6661005671747626E-5,5.0498093447798954E-5,0.23811523572875812,918.0287142975395,1.4743631200652225
2018-03-11,25.181296672367615,9.428008297690482,37.193352920258754,1.7534763745958826,0.0021376763470470905,6.437596946230187E-5,0.2377292350144614,918.2593158282714,1.4822415207862603
2018-03-12,25.29116973664515,11.084343915059481,41.046055573561304,2.124822187597128,0.0,1.426933410324552E-5,0.23740883106487054,918.4076279147973,1.4617030753155618
2018-03-13,25.009125551456066,16.043036732441255,57.62325260314719,1.7954344766048311,1.126701690882425,0.07409800665144244,0.24001727723377553,918.1683189266264,1.5091807521928606
2018-03-14,23.02144917212917,19.03002597969855,78.44275590780893,0.6196813007355468,9.185368244323,2.342279154005956,0.2909584797009686,917.8617865867187,1.6711098413992984
2018-03-15,22.095080890443825,19.89494101939749,87.44332018991172,0.4726399194211335,10.168742573397013,14.027922867832402,0.3502878643343122,917.8585873626055,2.915971622391221
2018-03-16,21.973641018457833,19.79224997600041,87.49777680054622,0.4317143250084367,6.835123170793393,1.9368715601447322,0.38297169735140746,917.4129944107857,2.5910435851587375
2018-03-17,22.504862581550416,19.466406894075394,83.01583762296178,0.42691984307180564,4.480810470467874,0.630821440566766,0.39381342124301644,917.6180792794943,2.9361190926573326
2018-03-18,22.71183742678936,19.325669476982018,81.29654437289581,0.4125397289735645,7.323403144909479,9.71137723210619,0.39354774685193905,918.4792568737065,3.334829312919719
2018-03-19,22.46245276923645,19.71901707265925,84.6671494385014,0.3998004515999649,9.597648889336739,20.546611663722842,0.39433287131089034,919.4300165483407,2.9526827705594605
2018-03-20,24.535031024844834,17.786230115674055,66.48324281887061,0.18742659889067415,0.5943412391501289,1.4733399512073062,0.377414708570268,918.7267691564077,3.837908891571881
2018-03-21,23.857050904122627,19.3486257407689,76.11135322525497,0.8728294398058034,1.5530890906497048,0.416347280428842,0.36800846066595594,918.6523003654129,3.206422934481412
2018-03-22,23.548638558895988,18.784047153002764,74.80593336338342,0.7306394458516117,1.3586873158942276,0.34699255577178567,0.3619902790583978,917.4336992648457,3.042341973226952
2018-03-23,24.149584779806425,16.512923592953772,62.672364715789875,0.6764636054105599,0.0734313960201194,0.040935177533276836,0.34895979675475813,917.1192845637938,3.164796192151347
2018-03-24,25.21182783862096,16.625749650323687,59.4516502868423,0.8054236677484813,0.06146007846570677,0.01267288474666315,0.3344887502961624,918.0668707480504,2.8912699740044823
2018-03-25,25.526949512795095,16.777241695061385,59.1365467013253,0.7134097394267359,0.3354316518404289,0.07476731113250772,0.3234288858489222,919.2178925616595,2.933558468936652
2018-03-26,25.94475069822162,16.08728696198475,55.11645564425275,0.5775597416407118,0.14699799057347518,0.015616251033618021,0.31290632576767924,919.3781556531177,2.9773683149742283
2018-03-27,25.47909454033344,18.771596046031966,67.08670777399506,0.5373981162108228,1.3779735518791705,0.16660686281436407,0.3077585037418393,918.8057693946877,2.9029250329527545
2018-03-28,24.126896402647876,19.962883772082524,77.85071630299862,1.0845878969798188,1.855966752141516,0.4560665584485134,0.31616511841031286,918.6131197905039,2.6953469955228555
2018-03-29,24.26872901534113,19.911991153785483,76.9397150650192,1.110208786141558,2.1884967206336485,0.4836197883261556,0.32109192710009415,918.422269031548,2.7178329691292564
2018-03-30,23.867574413299725,20.704047558506105,82.54419375313724,1.038357101613851,4.154736122596761,0.6060845246820739,0.3419636322999002,917.8789706304744,2.7459913267886975
2018-03-31,23.08911291370701,20.607074731952135,85.9775334114964,0.8179461870838272,5.657691867710822,0.7657705184777479,0.3741296167568149,917.3447833407369,2.8271415356818337
2018-04-01,24.40408396176784,19.81426203752961,75.84224823275264,0.33537033268053273,2.717653582048234,0.73129967175255,0.3827312279165114,916.9332519437485,3.4668691917096686
2018-04-02,23.31641018912876,20.08934235389495,82.20183360786119,0.548874757225944,8.39120089309598,9.331221458226223,0.38813630949541156,917.9392674828578,3.3159572395043977
2018-04-03,23.114105070817185,20.350878123839305,84.58731048079463,0.4771649452802877,4.326434905785324,1.927929609861156,0.39944118161755837,917.380300441589,3.233394981622146
2018-04-04,23.943495667949104,19.427051498668607,76.17014819222943,0.31170173882653024,2.7856465898051677,0.8094217056291129,0.3930266365256089,915.9417821913058,3.555162166480178
2018-04-05,23.993855938774285,19.263395673204858,75.3986649196802,0.44221523494260323,3.62903344612722,3.7981261293088195,0.3815714647158519,915.5554231967742,3.509869527529703
2018-04-06,24.35561291210828,18.960126183220453,72.4016661242039,0.18974356539703863,3.4492633723743107,1.3890587158697734,0.37369002758204417,916.5150304243268,3.574057171956736
2018-04-07,25.19809775304315,19.43196554525698,70.93089630009837,0.3649926534376919,2.5869949215059242,0.5199199048573692,0.3667412910354474,917.0968014988285,3.34931368456587
2018-04-08,24.99756774440838,18.519203924492704,68.17685551652085,0.40607594161538674,1.542762490963729,0.39416747158048804,0.3611629553625384,917.3609838354281,3.5490908601297346
2018-04-09,24.768512093753937,18.144390281545114,67.31529373144329,0.30019824633730763,0.9284297327297921,0.2401709326512116,0.3499052127064998,917.659241129323,3.2654513190409755
2018-04-10,24.89274024176619,19.043107156071933,70.54613313557364,0.2863823473851159,1.1008981903153794,0.23137814785865804,0.34130135246212673,916.5961509183072,3.2165532546236584
2018-04-11,24.0575310425902,20.103461172756827,78.94363226250891,0.5290727888190361,3.487777532328943,0.8063155853836914,0.34720770074790375,917.0888232615038,3.1151506814366114
2018-04-12,24.44618428891014,20.121982414444002,77.19884754662748,0.43495552161074735,2.6130725177257714,0.6873128107923944,0.35110404633631437,916.6302222445761,3.0421877577334304
2018-04-13,23.70391137270025,20.8025721274145,83.9838853764799,0.4145542777136663,5.985328987232886,6.268446132075417,0.3620216392191543,917.1868089206586,2.8998681686081174
2018-04-14,24.956216327667107,20.30334946930207,75.80529534769076,0.26526179451907883,9.868551760324756,3.767300457679148,0.36759196369083097,916.9232231406494,3.4147953370575097
2018-04-15,23.56170590349382,20.875538600296494,85.0805467371689,0.379952684478565,9.15384845090806,9.278460049827684,0.3929373133167416,917.5773372467097,3.5951403079648654
2018-04-16,24.81346627793731,20.8710873812269,78.93485363433454,0.31331135267886073,5.469670690493024,3.5818296525747986,0.3981679991175512,918.0074062763296,3.798791333030331
2018-04-17,24.33579295602646,20.934996393292177,81.62425676139868,0.5721192252812831,3.1819490576526337,1.061940886984224,0.39848847243992536,918.8933166961021,3.5680803248294137
2018-04-18,24.766087460993145,21.388010289593332,81.90181639220764,0.8269427832105458,4.211162395199291,5.239469748750538,0.391917814558111,918.2738429009601,3.271189014034511
2018-04-19,24.099412926998696,21.41706060624992,85.1287239675401,0.9334163376325819,10.941685183113476,4.655108142951925,0.4018860952587781,917.2710386031176,3.4613438364389175
2018-04-20,23.462143300107723,21.236603239774215,87.49044394767326,0.8138974968405008,8.329646539801967,10.030865596066713,0.4151159855619564,917.3776165217555,2.997454481165259
2018-04-21,24.923750763036157,21.278981475091683,80.47908887926658,0.35496956539630775,10.908865181498422,19.58337112321637,0.41310818697050355,916.7323941706602,4.296599610565181
2018-04-22,23.678647487819283,21.291011004611498,86.57210527638357,0.7692520423752652,7.927785705127316,8.115173529424496,0.42197685294443044,917.5862031252249,3.7574906501782106
2018-04-23,24.509289211448,20.792906999549576,80.09035201108324,0.4952209576175434,11.269366353842944,17.53768925388187,0.4177067878220027,917.3444161418724,4.2651949498876665
2018-04-24,24.001756074913253,21.546510047925807,86.23952970661263,0.7692214004140439,9.30363671204243,11.318139392362788,0.4282708901132348,917.6437260922781,3.767424531329069
2018-04-25,24.273604841774777,21.43001457916436,84.30460651602405,0.9200228554786914,7.614212035765306,17.048811816861175,0.42323026522680984,916.8192333474285,3.989102493150469
2018-04-26,25.03258477077785,20.80785488668263,77.58837113362105,0.6281041194437301,1.183961731344739,1.746255777813155,0.40900688326687995,916.1994970290551,4.111644500199723
2018-04-27,25.436099725213356,21.085459985127596,77.13996510500101,0.5704002676343107,2.2444721282869153,1.0780915802511863,0.4015990590318473,917.0104373009892,3.9193661323757008
2018-04-28,25.603311695726408,20.031681727018817,71.73397674847081,0.32772007379484686,1.6183479465116681,1.1357641022904346,0.3913338946852947,917.7575576572073,4.303219519780483
2018-04-29,24.931906140983795,21.179143658007394,79.92221154858666,0.9890522567054089,3.46812219123624,3.7322577050655164,0.3864301050130996,917.1263876791095,3.772828196788016
2018-04-30,25.07827708415779,21.7318341232589,81.78462832478048,1.38984818651185,3.1872143206815746,0.8569081804411095,0.39045307761435993,916.6671971480415,3.8092431621648553
2018-05-01,25.532445081316798,21.955479721521765,80.74404067330227,1.374604598861207,5.307221318869305,2.7360515821365006,0.4001905292063104,917.1384818269435,4.118736031102423
2018-05-02,24.87305330773969,22.068007184734206,84.5269461884969,1.2559035701708197,4.004500418720148,1.1822533790420886,0.4098399066657667,917.0866872377903,3.861374561585291
2018-05-03,24.267556720573516,21.47643997664735,84.50681716281248,0.46113368373110275,11.944649664848718,14.92876950117015,0.4185782121697223,917.1493976958797,3.785738636073064
2018-05-04,24.57964994501821,20.990324311180064,80.67949103867076,0.45856208306008805,3.672319049625202,4.631948513756295,0.41842946593431896,916.9810387392669,4.01166137432359
2018-05-05,24.467700212044026,21.038959687088642,81.44711990110943,0.4278620716231441,2.8658459299081502,1.0969331572786265,0.41405137962343946,917.9089422663918,3.6780927462243844
2018-05-06,24.657018093887558,20.63712203923234,78.64878947843506,0.8253551053381443,2.568044228953619,0.7544159872051976,0.40620404291195084,918.5078686432482,3.8783633665129438
2018-05-07,24.57199471831878,20.80943714522336,79.8164529698063,1.0293447916024747,14.073724323626513,11.32987451597212,0.4031353372625938,917.3806265201475,3.982563914611174
2018-05-08,23.070137229231147,21.213824234509875,89.37013642020845,0.6589771780623367,20.648764680093688,17.00777283211137,0.4252119901273026,916.6917162878715,3.1702706536855647
2018-05-09,23.704142031783366,20.465021653945847,82.2685104000306,0.25416068182608254,7.655996081122797,9.386798331814678,0.4399007122633016,917.0478283147089,3.907089479403234
2018-05-10,23.21395869192984,20.956727032222478,87.20332902984504,0.5197536598430277,13.357137495064306,31.958884609469767,0.4405147382391392,918.1166413440038,3.6112387814954046
2018-05-11,23.63140627790736,21.14651790041207,86.01326786764722,0.9077864386445922,7.311123075940544,8.22686803141835,0.4412182784737056,917.385348114132,3.992460457656821
2018-05-12,23.01336253103531,20.799953523517146,87.40685445389869,0.5759107584320365,4.287347686855265,1.6556327072520423,0.4447631156128176,917.140447692789,3.0550380534749864
2018-05-13,23.457995403313394,20.79379335809205,85.06250260002678,0.7517588504502261,7.374061513419579,10.330179623803627,0.44274140869403167,916.8714784339351,4.181724920334911
2018-05-14,22.918595262534748,21.261250843953984,90.49073613652689,0.466702559058986,12.472764321572779,22.58149645462853,0.4462901599378717,916.9900236521136,3.211452294218745
2018-05-15,24.10601745308348,20.836499925488813,82.09261539345837,0.1629931358473053,4.8321825384008585,7.795130016299585,0.4402136808716903,915.5185976947691,4.215340423731982
2018-05-16,22.76050163078875,20.950441009038606,89.65374184296536,0.3843188605164481,9.292722960442683,14.86346024390203,0.43999637564641414,915.3886848622648,2.9398121912152986
2018-05-17,23.608781846778257,20.411559781732635,82.38742752501041,0.7097682126750283,4.452017971153669,4.323162231605055,0.4372984475976298,915.7086536495464,4.011804330782834
2018-05-18,23.22163647218259,20.61409788776729,85.36025957008268,0.750826299603938,3.3598819646318705,1.8589153730459975,0.43873041582743033,915.6718606568671,3.627908868071964
2018-05-19,23.952108062437663,21.624895746376364,86.88150523343369,1.0033302218386908,3.302281480984336,0.7968226222140902,0.43440097111886816,915.2600275702529,3.051230753887317
2018-05-20,23.338519940576113,21.402689471616426,88.93763510628611,1.12103181970245,5.456421000019334,8.488023412398979,0.43755366193555467,915.7789753223776,3.449882239769483
2018-05-21,22.798716055620318,20.72930508988034,88.183957247846,1.2791521181993843,5.292517408989512,3.091158173864153,0.43910941186852087,916.0251151998315,3.0817754834079976
2018-05-22,23.862815452608235,20.358771529719473,80.80421494562945,0.9043895363621107,1.8276457200966216,0.5731880203402802,0.4318762660305835,915.5405363719929,4.1770740339313805
2018-05-23,23.051629109548752,21.298494883100457,89.92112364325033,1.1805091942125037,9.651176742799276,7.048102160966167,0.44416165673275376,915.3455903775457,3.3102240677404025
2018-05-24,23.01984375084392,20.91057689671292,87.94119536308978,1.0725874945825824,15.156648733572721,25.590709662673337,0.45449884072350755,914.4383504611527,3.9010816176996785
2018-05-25,22.502676860083984,21.197089589152636,92.3592144342012,1.0937057002361756,37.942894072967725,72.57983771667121,0.46100380411802616,913.685396521619,3.5823226618452932
2018-05-26,22.96455030302468,21.287199039256333,90.31172070795807,0.6696074313362139,18.067402551312803,37.70734551490924,0.45667668438664677,913.0870206957958,3.2204838330339265
2018-05-27,23.319643405630533,21.51926561418519,89.67138962590587,0.266779897790529,30.086577088684518,50.586865252322326,0.45680194386927886,912.7922144046966,3.47154903206178
2018-05-28,22.693019007702503,21.20462133947706,91.35002461139895,1.115902763644438,8.918290659708012,14.89264853466064,0.45315749627743435,912.7040430233224,3.1244220622660763
2018-05-29,22.223524976837982,20.632837864257205,90.74119660495018,1.865938568338168,34.516724359297534,42.667642571199444,0.4629638735021081,913.3655828878283,3.778149232290653
2018-05-30,21.84989532247717,21.268346084757084,96.52568906470657,1.1898948116103125,25.79238500120643,56.95346430581875,0.46216151785474163,914.3036086529205,2.789624528758727
2018-05-31,23.256227620281564,21.166185402074465,88.08639087046565,1.1605824425454458,4.603461788732426,7.547213643899173,0.4541998016864934,914.8177019916967,3.7262997600628847
2018-06-01,23.5123003936544,20.700200026303715,84.28851389593318,0.7833000690158338,2.2341310394182496,1.156407248742577,0.4472150906268576,915.1289120723558,3.7335385242761423
2018-06-02,22.872589487318383,21.40417319252851,91.45662023600765,0.7215345363910001,13.324098942745145,34.27744925413583,0.4549026632105676,915.4125478334466,2.963890524686021
2018-06-03,22.375004310972745,21.288044398483965,93.6024745968294,1.3215901848141827,32.33564261055886,46.9732569952969,0.45986900772051953,914.8526595395269,3.2802369114625756
2018-06-04,21.733901271914597,20.727417306936307,94.03395519247604,1.2218743767501252,21.74733425092576,25.91795336701056,0.46507386472288637,913.8550816033735,3.2896102380438017
2018-06-05,21.576564329478252,20.74942057563006,95.07143715473737,1.2557506907544234,15.043018425418097,32.66048063588988,0.45729970611514836,914.8499234889143,3.079255616397734
2018-06-06,22.412107377225034,20.692647696803217,90.0461889112156,1.914960401931599,7.031037809305877,11.51770146020458,0.4579320163978071,916.3544669315991,3.7678924760145858
2018-06-07,21.35650595988658,20.557708790678,95.23249171988401,2.449440443929394,15.94878018125071,12.969678510780952,0.4666165288391945,915.3747355161045,3.3322945713605425
2018-06-08,20.998493209714653,20.490638642264052,96.94585563320234,3.6106823242458197,41.02032735166163,86.69196431629028,0.468502316821229,913.9828935432105,5.047728707909803
2018-06-09,21.358808550831203,20.62036395634991,95.60051683412222,3.793742396477278,38.58093441095835,65.20934156060083,0.4674545359436615,914.1231373661532,6.285171532388148
2018-06-10,21.50766212710105,20.812159282029295,95.86166859796637,3.254882246979225,33.49562944530313,51.12052247495229,0.4658537738429524,915.4427086615171,5.362843129616896
2018-06-11,21.542444935424435,20.71904739039687,95.10951913601419,3.188034087881847,20.39192932512289,20.000128722545227,0.4708817832118406,915.8685654948742,4.720165527951837
2018-06-12,21.443308250819047,20.551615224589867,94.70473062421686,2.9221685756470754,13.63066697375393,11.767711592549512,0.4685341269161292,915.8881916982025,4.108894228341187
2018-06-13,21.632957780130905,20.453811412673144,93.06246337837182,2.786880663081807,11.158790538073802,6.695724638941469,0.4716415651411294,916.115075656495,4.238378656602067
2018-06-14,21.164710186617217,20.491384374043722,95.96962546487906,1.9507462100011723,12.962344607131854,12.226117929259791,0.4668018224441992,916.7093564375486,3.2687871997525915
2018-06-15,21.5549039432007,20.192666865961,92.00002694361613,2.0824698510359174,5.057905864766482,3.062481046244905,0.4683258498223662,917.1143940219088,3.3997876929323754
2018-06-16,21.893883816641104,20.076513610208696,89.46318574606893,2.1434624683587025,3.546179409518797,1.3752120781678292,0.46519406365511295,918.0479616464145,3.410953651611047
2018-06-17,21.673801705001885,20.07725262315739,90.69202411512744,2.2054907057024447,4.686442353282753,1.9918955323408793,0.46295202526073925,917.7525426567689,3.07804573168917
2018-06-18,21.24697685553769,19.704131479135494,90.96238633130328,2.398681126193224,6.993003161234548,3.0705426684522257,0.46609353687684735,916.9944171258616,4.128679065268797
2018-06-19,21.158515553614183,19.982548736400577,93.05744000806158,2.7142002166030577,28.029875288168657,22.26071251569798,0.4645267985001428,915.7744041611007,4.9047381107954315
2018-06-20,20.55683023617072,20.40991879982688,99.1047232057216,1.879109307143608,39.53522389954498,90.04508087808345,0.46555505368632366,915.5097372997363,2.476194246024707
2018-06-21,20.82315395129747,19.903582995774038,94.50594963116167,2.0751870623695683,10.603188441664765,22.049870572942154,0.46267518727246537,915.8247714732355,3.6526105722586513
2018-06-22,21.3572766991261,19.894280245249462,91.43242539255513,1.9719709984712355,6.720428972807962,4.190696032099948,0.4642401252532969,915.4526208590325,3.1660953624621904
2018-06-23,20.888694115137792,20.181689955612526,95.766315926516,1.815963296577037,18.501155769708063,30.198597798523345,0.4624281433928274,915.4448668822703,3.4896198577293815
2018-06-24,21.012610480911484,20.162414903842592,94.92130860927305,1.9139471566752397,10.533582960854373,18.46151612441494,0.46137219857669587,916.2386663390078,3.314834885597091
2018-06-25,20.84486057896694,19.917053345109853,94.46233313358405,2.306737301099357,20.026211225417217,19.124989558892505,0.4691706072575861,915.7477555921771,4.225137949128079
2018-06-26,20.72320803002646,19.785000815378552,94.39311742981837,2.3652759367859284,14.655395692587183,11.75462448741347,0.4734320615107742,915.217626737649,3.980463717713556
2018-06-27,20.234083533482107,19.562883086881612,95.95145966074455,2.276739538369241,27.640560754543195,23.677583344333083,0.47253079829542155,914.6374199640323,3.678241660079108
2018-06-28,19.523495670844156,19.458037172981147,99.59647526131245,1.3000710254244903,47.67825404175771,123.21146168604515,0.46597953666285274,915.138493478406,1.3086210322723104
2018-06-29,19.921756941485537,19.848529151072327,99.549884385794,1.3449049233092831,37.83958690004148,150.4057757830073,0.46732919990922533,915.216756353676,1.3536814956919692
2018-06-30,20.386605061677855,19.973006441802248,97.48818453816982,0.9935781161522758,41.05279429623086,207.497203924549,0.4666487330476887,916.0142942176485,2.4227576454995554
2018-07-01,21.269439020577003,20.205761776533812,93.67546010386216,1.3410690161004746,52.71353847655469,203.48676924949686,0.4673178935374202,916.1011561578085,3.049763200476445
2018-07-02,21.086588125913476,19.858812934868777,92.72987625424082,1.8533568294093452,11.499193349769733,36.127858517298954,0.46565777866202207,916.2997544644999,3.5897149196939124
2018-07-03,21.690424831082872,19.409873791688174,86.91443522434294,2.1184403500147164,2.8419300422499134,2.1945752900105386,0.46186251691049124,916.9609185264746,3.492121126188126
2018-07-04,21.756689200994884,19.01565637690694,84.48060789973974,2.2505985094984067,1.9846265647291979,0.8128361158594035,0.4562396986325106,917.5895440304151,3.335314826325813
2018-07-05,21.64170229145887,18.899927366124665,84.49215184962807,2.5076041596941625,3.347277781306226,1.1609060916655185,0.4532194881480965,917.3611329006407,3.639927956967025
2018-07-06,20.579687947165105,19.429937903705376,93.19186616877025,2.707478216729485,14.035576998110406,7.055093511434274,0.4603769587551105,916.308401916623,3.417024521541521
2018-07-07,20.460187720395368,19.69569097677814,95.43292971270012,2.6120413477447415,17.519383675517133,12.74933064563979,0.4677404972221022,915.148384586268,4.1402884079644515
2018-07-08,20.529772812919926,19.82478735926296,95.77637847411417,2.5353290385438267,18.517381547576665,14.503102012168346,0.4716071251071707,914.6264386068606,3.8711732189691563
2018-07-09,20.284692468154965,19.749929007732305,96.77185970084435,2.5444209982061303,21.977629923501215,18.916531081035302,0.47039115200459547,914.8865608585179,3.6632748259962638
2018-07-10,20.260334611967373,19.82263190220428,97.35516346525354,2.765581947344778,28.439908100309037,41.34568247653527,0.46787922169090185,915.8336094439372,4.149733100746178
2018-07-11,19.975161382630723,19.544597794996168,97.38804698461671,3.024939366403728,29.512302726004293,31.83601278717691,0.4677163931467925,916.0928356855298,4.363942622446507
2018-07-12,20.648834794969684,19.680956153387626,94.22574449135644,3.8292245884483553,28.543488825662248,23.857774587889153,0.4649312093006362,915.2939738635539,5.345495832565261
2018-07-13,19.69345280560509,19.500171102116592,98.81897437059796,3.2958831571905693,41.52095557977125,81.45645829777156,0.46607278569729843,915.1523745878383,3.77923771005022
2018-07-14,20.85934965106784,20.047861445858036,95.1546795731395,3.985647098237834,26.82633175073911,27.740084597724376,0.467098800223164,914.5235000085141,5.2603282072384
2018-07-15,20.716843319646145,20.15089483097385,96.60235046938278,4.12451403152851,38.46347714255624,61.1437624155134,0.4638083519078336,914.4422485622548,5.533427648398235
2018-07-16,20.199893737700982,19.726848326386133,97.1419103675811,4.282843827079438,40.30551337510742,77.41277188454126,0.46778510040542215,915.2687352936146,5.715575770336863
2018-07-17,20.524753111729314,19.851769490920923,95.96706235938792,3.9546001032841214,32.07366233810542,39.68335471224065,0.4656428142860699,915.5610026264831,5.6101766234985515
2018-07-18,20.514102790276674,19.27994992332023,92.68805913303022,3.61635872996587,18.547935144996604,13.739081684026536,0.4677484542876567,916.0647671984063,5.060933154110247
2018-07-19,20.15279025679138,19.518055218595773,96.17753032743616,3.315676555385423,26.780579612486836,21.21055310866548,0.46876310178631664,916.094717254832,4.463040604603662
2018-07-20,19.929690976448196,19.636474609931767,98.2207699264689,3.0942387017258985,29.5010412379768,39.82510862747312,0.4658251806819485,916.3401708663689,3.7355915757986593
2018-07-21,20.444357874287537,19.559182733031136,94.7178555769201,3.7305178315721435,23.377911479394538,17.906940799163145,0.4724225891338321,917.0706484960851,5.401709419066202
2018-07-22,20.8225263222492,19.528269320544894,92.35342248957895,3.5706115170510935,16.00942892551188,9.713132006407765,0.47631990865165375,916.7658454588812,5.194303616971508
2018-07-23,20.40984600067287,19.539191607921325,94.79726082644818,3.2341921805773493,18.75570563540343,12.807039421441052,0.47311501031043346,916.5786204973556,4.522531104041986
2018-07-24,20.77665486512118,19.42613824223963,92.05656973983358,3.129492461328109,15.768976648997892,16.46181415053526,0.47029647661591417,917.5984252028591,4.9028050305536635
2018-07-25,20.966589876841503,19.660647176909666,92.31301390917204,2.669689681533967,12.843336236877121,9.552745745491665,0.4732956632644976,917.4908575866793,4.253662594915233
2018-07-26,21.223241240103683,19.646364615716898,90.7879410797282,2.768595404030929,9.482495321536632,5.3029468692757575,0.47480770995568655,917.8212281725887,4.491301597680743
2018-07-27,21.22517418905161,19.583647809433568,90.41101161452684,2.850930672696518,6.973837338425578,4.913544978528806,0.46864269290435745,917.4023828194385,4.023770864283327
2018-07-28,21.232230856243085,19.59894206967184,90.45724848058909,2.591582694706378,4.710037841489729,2.1929054429061625,0.46786278312499385,916.6883507405774,3.286830473767198
2018-07-29,21.766076352483953,19.703671444036072,88.10197630945004,2.4914902519258657,3.767687589807654,1.6420120047153188,0.46514571705194885,916.030370922719,3.5076986215832675
2018-07-30,21.801390760855227,19.724123571142208,88.01839350535934,2.457262936766073,3.5527688382970997,1.1146756635704327,0.46087387775905075,916.1704531828352,3.2899516206163857
2018-07-31,20.817725140270934,19.49955738681656,92.21525095876893,2.619372290765663,6.276156120010173,2.921397666526165,0.46467906194297814,917.1139357494113,3.4218482986077117
2018-08-01,20.961447980218306,19.234688129521036,89.90188443058811,2.544565204460686,5.182944341024502,1.9087950231277566,0.4663517251607894,917.7893112929585,3.6772183961466665
2018-08-02,21.640749869661818,19.091405923442473,85.47354822423256,2.291478715548031,3.3663595223352365,1.000166629104244,0.4597719305830855,918.3442462223605,3.31268985301294
2018-08-03,20.99252594311485,18.84704874298535,87.60034251459238,2.0318277979469928,2.03288232679804,0.7299472699020162,0.4565984970112113,918.8539079199866,2.9892073531076777
2018-08-04,21.202045663267448,18.688105092753933,85.61111059055219,2.263452176921076,1.4769487758566806,0.4873432245640754,0.4484497874216326,918.8216694078452,2.767437205803683
2018-08-05,21.321182398263716,18.931180368493735,86.30636505254594,2.8407306605406974,4.174497266331171,1.021877301187061,0.44869336156328266,918.6436561011734,3.417479570108166
2018-08-06,20.59442671718572,19.0510027426163,90.91890179137839,3.003906900050983,10.012471567295155,4.584717029141848,0.45672760657342604,917.4495191325161,4.227821868518651
2018-08-07,20.003532856349597,19.160214038744428,94.93764822141425,2.9364991579361357,23.43392707515952,18.364374485390087,0.46548130558296824,915.8093030810497,4.191729425439665
2018-08-08,19.93225312599067,19.347546608740974,96.47178576380885,2.6300115718247765,21.179815576980495,18.14124394782932,0.4650105676622796,915.7107083403095,3.8868494818798536
2018-08-09,20.38335086185044,19.192856009425807,92.92123626654151,2.4729013255776753,8.911676176930232,5.8849204691331485,0.4698820617766032,917.9366277875745,3.6416746489682184
2018-08-10,20.413559163947703,19.080100984951017,92.12250920015785,2.839327143783258,9.2846948933747,6.192069247653441,0.4684675892601595,918.8018016349779,3.903555336007737
2018-08-11,19.818432218883732,19.160234048213926,96.02478125101094,2.7601449030947527,16.536538383077215,7.832596921952709,0.47073039136074113,917.7108964552698,3.5337549832260313
2018-08-12,19.236928449418976,19.0546662413516,98.87564846165026,1.7659823197950226,35.99494918438231,38.40047657521539,0.4666357376280892,916.391449926952,2.0794707907037346
2018-08-13,20.184524557860353,19.64039467551786,96.70245191103022,2.9774583241661046,47.68507320162867,86.08237782439362,0.4656608054983765,916.2438205055097,4.7583233928650195
2018-08-14,19.976714449221504,19.82364468572146,99.06452497477969,3.6076538297185037,86.44494434589201,305.6031679827946,0.4691447254222956,915.3450343199625,3.6152766225339072
2018-08-15,19.469690410899577,19.242873512186335,98.61409842408136,4.059613569960357,71.00993146040854,209.86654241999102,0.4678931863515723,915.2395247515853,4.4021330347175445
2018-08-16,19.69707284804227,19.403247106456693,98.21285579879533,4.407150316390442,51.45839493479918,128.82354919600039,0.4665548958463201,915.4365148786535,5.016302925342786
2018-08-17,20.31694794057194,19.58355763748862,95.59668217974144,3.847309309043831,29.881633385113236,56.40610211672306,0.46886487363711343,915.1540374695144,5.555861115756947
2018-08-18,20.435008840322485,19.412304446035854,93.90462559720072,3.6939455334580216,24.85384241752361,22.56287240897239,0.47134002047932616,915.711623722971,5.5637937823555355
2018-08-19,20.32571717512914,19.025796952936062,92.31075267399245,3.3388974216764313,13.9139372332193,12.35656991926347,0.46958027163623967,915.8574108838429,4.817102691612563
2018-08-20,20.385436308438443,19.08214029241152,92.28603212632733,2.9447615736251516,13.043187736352342,8.550716755388692,0.47038470011599515,916.5182499883351,4.108494604788682
2018-08-21,20.578111817530303,19.065544171829096,91.09392796574099,2.731583368895297,9.571717319035155,4.605216878755073,0.4744424169072815,917.127496134182,4.16358009556778
2018-08-22,20.79521225947832,19.199214911392215,90.62635166930716,2.0965911024360575,5.617584149141743,3.6566396137528434,0.46771253837886967,917.6749370408428,3.489628598147211
2018-08-23,20.880813459418434,18.742483852881854,87.63509550855038,2.0550949526818454,2.8862863562735885,1.2145296592483845,0.4603639348391935,917.9144845034978,3.301908464348801
2018-08-24,21.163947832547315,18.541076176861665,85.00781807536218,1.9501616460096778,0.9883153835520351,0.4132527624946789,0.45393615639438206,917.3316192656722,2.709245939558449
2018-08-25,21.344681793217607,18.648008989856507,84.63506062617446,2.048426752123458,1.6810179652946857,0.49646931617459694,0.44889594723186893,916.8319094896802,3.0630922440951527
2018-08-26,21.015852357949587,19.032310332194164,88.47360934300485,1.9112694894228734,3.72105611569307,1.3332246612920118,0.4520093224338614,916.1638703703203,2.929887789831566
2018-08-27,20.487828001023903,18.98225137549632,91.12253282239054,2.195691413624689,7.18983621871448,5.38813608220706,0.4564178484524661,916.5008586250528,3.237460807192461
2018-08-28,20.2605702963651,19.24925054081412,93.96221330297045,2.255064290928092,15.77343351202485,18.830064505378154,0.46009254155219614,916.8909633048116,4.071043945719314
2018-08-29,20.70912304632941,19.251626070097842,91.41148098274387,2.0825995928146774,5.75774827953744,5.119549852671098,0.46300120675472706,917.644656851195,3.5613041900348126
2018-08-30,21.030140887985425,19.098954814631526,88.77216948808896,2.0541108879299217,3.3129784647173173,1.3649805975507683,0.460031928419815,917.0752534201624,3.2906641550332063
2018-08-31,21.187922482271343,19.189328449406194,88.39564061922528,1.8023245090623816,4.537563388589093,2.647880420581524,0.4605613454593171,917.4485193194118,3.3254200162977474
2018-09-01,21.470092706452853,18.90486541210648,85.36075940806585,1.8806678385204096,2.448538937891389,0.9954467762198532,0.45641104786856695,917.9471908144687,3.543118306915632
2018-09-02,21.221522994791787,18.716104289189424,85.64948549559186,1.6644773675370639,2.1858416932946954,0.6598549073978164,0.4516428200134637,918.1918829232949,3.311268170699537
2018-09-03,21.281180970974752,17.694111653944148,80.02700357754081,1.3774733469855558,0.09316207484736949,0.06772928615500401,0.4397860911372584,918.1170092646853,3.3991031855411724
2018-09-04,21.385735504827874,17.9125903915644,80.6240342199466,1.5173046668720542,0.5724542333232226,0.16477514156645268,0.4296426004989313,918.4852602533247,3.402650945626009
2018-09-05,21.106533047357846,18.064374829323924,82.80402524910772,1.722032761283483,0.9542459420452096,0.314245555905692,0.4246244339339125,918.0750395986583,3.140110997988552
2018-09-06,20.748380703396286,18.4638936453858,86.81962906060086,2.1248653331024907,2.6984040878838615,0.766010538408017,0.4268030664835373,917.441547850625,3.1372648767370666
2018-09-07,20.445684822672394,18.572808855252156,89.07515643725749,2.074014046666881,5.202081773746215,1.6460526047392725,0.4379217232290526,917.9208172538267,3.610593888418015
2018-09-08,21.04120603216297,18.386122291644956,84.8473375011759,1.6307718010072418,2.163310943557474,0.767048764666979,0.43590811930040807,917.5024427883727,3.6590535591578255
2018-09-09,21.876566086008843,17.843989973833406,77.89715066501942,1.0632708760289797,0.12958172059119336,0.07888625975453996,0.42117990991251253,917.7416030832097,3.6631329844628815
2018-09-10,22.484855392355865,18.001366550618314,75.81785326992453,0.623222479340389,0.05234418907756506,0.01284755188647689,0.40797790160774144,919.2447452391594,3.744174504502603
2018-09-11,22.533025963877748,19.41478387868026,82.57466769567257,0.5355439479600965,4.221868300737876,1.6605488491118097,0.41523668101870725,919.2736217335773,3.702777494846064
2018-09-12,22.956203893529736,18.85384638927298,77.7172170245043,0.9027749402737886,0.07605228650818532,0.13093536884718904,0.41071220802611574,917.770719336905,3.8695170561579033
2018-09-13,22.20669215045897,17.84524754503978,76.37084409043557,1.1468625676437407,0.030778573775359506,0.00641103638613989,0.39680477279614434,917.273042375881,3.7897444410743844
2018-09-14,22.416256719053678,17.945592603387905,75.88737022978009,1.1809365779485903,0.013356786923057432,0.002580625640863866,0.3854647278671243,917.9103083573827,3.5311929657943697
2018-09-15,23.08206766577378,18.499670205861847,75.46878980720363,1.1363865656586867,0.7309333219609219,0.2790346751548628,0.37854480754396486,917.8492007373973,3.799633797623414
2018-09-16,22.242653581637086,19.348967000946168,83.73741053348151,1.3557737004822035,7.15357711106652,3.62764709603472,0.40269154880015423,916.9832677925884,3.565038017725145
2018-09-17,21.47896566914402,19.61395632113878,89.16702003460523,1.4898794180310235,1.657900780435943,0.6507973416631898,0.4127229767543094,916.9439305104726,2.5530671062355066
2018-09-18,21.686638815910204,18.63976845817277,82.86027856807556,1.8242362057238606,1.655740439273956,0.4293357159138439,0.4066947635639353,917.2446054161657,3.3832965655846166
2018-09-19,21.439310453798576,18.55432051875358,83.68896168225164,1.8043918092560658,1.0576587799993669,0.32073012031104,0.40072894419613564,916.2960388607886,2.9637217885440204
2018-09-20,21.989443862949628,17.096898700790177,73.83677840435907,1.790620298014305,0.5107353821178777,0.053463283952431606,0.3883273140115069,914.9202232133752,3.704618068111699
2018-09-21,21.492760935835896,17.418582519259935,77.66925818412443,1.8306654255427681,0.09083112602836046,0.022629430440936665,0.3790310271696391,915.9814992985492,3.40335047908444
2018-09-22,21.743958812971055,18.319189953986264,80.91559274263643,1.4522990624222496,1.143736091540807,0.20846801031235385,0.37446818853727637,918.1134405052259,3.1952093776969153
2018-09-23,22.58319504140789,18.909707497142108,79.77968036003537,0.6874763023058976,1.5813242816229005,0.20677185235264967,0.3723699082041517,919.3380461053617,3.2594750534134844
2018-09-24,22.42690043104555,19.871672565999248,85.51110014621567,0.30339036246644013,2.0594094612757603,0.41511619227700863,0.3829983762777789,919.2240944307841,2.885226987307454
2018-09-25,22.396802715171578,19.58013973891722,84.11576465107828,0.5569107886373595,6.443139381057711,1.3560901669288978,0.40008913535293783,918.0821072232393,3.201792753613933
2018-09-26,22.09432585772986,20.03712515599692,88.14421950386449,0.3661796072816595,14.207209340185859,6.470093437278306,0.440613010537035,917.0261023345382,3.364746151606818
2018-09-27,22.075344043908558,20.088761864422025,88.55550461959416,0.3300445471867237,11.42316715958465,10.491217611144458,0.44908529793597607,916.6369067578784,3.2597007354401
2018-09-28,21.78666385240847,20.102587845748822,90.17913897881832,0.34745256503946864,24.52854108307047,51.29274855498647,0.451689037743923,917.0361409929034,3.404547652028572
2018-09-29,21.584677578880356,20.23644635172335,92.08467558160291,0.5234271634293988,4.932748783614059,5.730137351940258,0.45857113634802416,917.325514086437,2.6177008444107894
2018-09-30,22.439721004273515,20.17559309589218,87.06086423239344,0.68945909205221,8.205635621079832,22.964160398347595,0.45390022576127675,917.0936496543304,3.7590598700191857
2018-10-01,22.790158600933022,19.822584474662293,83.46971873652947,0.4250888247133927,3.9029464027768705,4.382935660918168,0.45389598969944,917.0700945636331,4.083161213011261
2018-10-02,22.717057551224908,20.168289272300893,85.60882640055384,0.6116444054933629,6.3486698730831375,14.646915695949254,0.4470820309915553,917.6953644700628,3.734490709699736
2018-10-03,22.382125466209725,20.39616328051653,88.6369903934915,0.48438043977509365,11.038932338452934,26.965882121161982,0.4513399536060143,917.342744382168,3.204152413396767
2018-10-04,21.776388802989718,20.347935906457234,91.61939743123979,1.3878688168054127,23.07815347066438,49.58810154580395,0.45714995884586734,916.8840601297625,3.0836542161111375
2018-10-05,21.803696375193194,20.451638908736417,92.0442148373918,2.0261005343877465,16.058438212742107,49.83468212338378,0.4619381565393314,916.5433943134485,3.4983202287960964
2018-10-06,22.292148449628165,20.421577726386797,89.17776234956433,2.0427354425927478,9.116755383975164,29.99595365903285,0.45529595561239417,916.851714979262,3.471576848871828
2018-10-07,22.655213184974258,19.542822742312005,82.63021502417455,1.0243628761626,2.0577593722296914,2.5978358856271746,0.44792814555473814,916.8922287433278,4.026991731432165
2018-10-08,21.97219617904945,19.97970405348886,88.52118291292264,0.3151272722310422,14.454412854527332,28.384271869741728,0.4559536756730945,917.1012902229578,3.7567953701780357
2018-10-09,21.473197231607003,20.27402504261188,92.9240894105891,0.39198566573948074,19.657890361451148,35.190014282580776,0.4632742682850094,916.9047483696577,2.903020213390188
2018-10-10,21.5513511077533,19.343213225899948,87.29946466131817,0.8959131365354853,6.098420394182081,18.524332230399654,0.446732052845784,916.6388828598712,3.6277967833625526
2018-10-11,22.89827579003526,19.195265950540193,79.7286214854085,0.8715020968337573,0.5461905436994057,1.298295772440327,0.43322869341975134,916.8838892271996,3.8876901996126785
2018-10-12,23.03270558820471,19.666613702092413,81.44915062262763,0.3061582791281475,2.7627189479228407,3.1724984981123914,0.43260848586742523,917.5966840549702,3.873379910494589
2018-10-13,22.154150939468483,19.64561987486187,85.81739726374065,0.571621578389021,6.1720423138571565,9.947208331831108,0.4374832041679212,919.0693255048177,3.517387576486221
2018-10-14,22.01195498371005,20.58425433977908,91.68370201425832,0.6057586068704497,11.403726486171333,10.596288392357403,0.45063761116910106,919.697472346294,3.143392069524287
2018-10-15,21.710993249682744,20.175790204553895,91.02203648536155,0.42207118429357615,20.760884757052885,55.10895065418146,0.45821397742326986,919.6514112614608,3.3395409962626585
2018-10-16,21.158581161000914,19.907746813365684,92.59391141782346,0.42268950639284014,17.24752607580304,57.00069220582315,0.4556116326162836,920.2438686558879,2.926228512801776
2018-10-17,20.36413182050819,19.180546568637496,92.9499121456747,0.4268168522238527,26.257644709505545,156.4648261849407,0.45708503456495186,919.5925761842147,2.6728654253907234
2018-10-18,21.67987115573338,19.23331303876883,86.00418778811502,0.27089962936813183,4.86384882412471,10.905324194809095,0.4540444104614797,918.8942631003847,3.691410328426701
2018-10-19,21.674630440986963,19.789389019786775,89.06266389092362,0.6755778461025012,8.97737753248418,13.866335252946538,0.4600087975413631,919.1455002646475,3.4098913400561766
2018-10-20,21.025198627039295,19.244449427988883,89.73638918558296,0.3407257290804766,12.436772240980039,39.71715640525194,0.46393002737418665,920.0008682263989,3.1692857858038654
2018-10-21,22.08532219898612,17.49894885960442,75.31544260488735,0.8951715729712456,0.20276645081139602,2.3281164180823484,0.4489652817757598,920.0321510112112,4.266621738540055
2018-10-22,22.325309902096976,17.662870226647378,75.03922134072556,0.7266202303240697,0.46372707228820476,0.25785725547883037,0.4380467974489935,919.9166022818788,3.954988752457111
2018-10-23,22.458490370356223,16.979252942132135,71.29082457325752,0.8717107618249639,0.04974491124785934,0.036415860644064255,0.426261929619233,919.8315874764758,4.304174749305794
2018-10-24,22.776591364703823,15.3220358199713,62.996089704246934,1.1859581697011863,0.07895453553439154,0.01819180596161855,0.41417616338605684,919.4488559049156,4.515088283178829
2018-10-25,22.288052236582878,15.677039182179282,66.24756296371952,1.722348949477444,0.03096962081747191,0.011195196992365604,0.40331047914606616,919.9805919398881,4.389171068259256
2018-10-26,22.5278552935192,16.177302173594445,67.3680577662968,2.0212268042520543,4.958469124073283E-6,7.123275277856059E-4,0.39310133072135583,920.206892670354,4.2846639612622
2018-10-27,21.960992145505386,13.741767102443102,59.6447242578723,1.8977220675738045,0.0012814997489840607,2.4146268081796894E-4,0.3826827093098676,920.0349614796596,4.474611433102918
2018-10-28,21.656749929987868,12.626496170770071,56.510018158064874,2.035098913176872,4.351138045421976E-4,9.932390541123249E-5,0.37288930655377345,918.9264442229294,4.3769089464514135
2018-10-29,21.256122564175254,13.217856117301594,60.24158934538565,1.185970597106787,9.509877539981391E-4,7.412379094842584E-5,0.3638865996896018,918.0123599077077,4.079100066481103
2018-10-30,21.482629515109515,14.300927461498972,63.73269820423034,0.7141054110880972,0.0010026982561302741,1.506272350152608E-4,0.356030815321715,917.6443351507962,3.8796199350666654
2018-10-31,22.504564236241237,17.424284934418857,73.04112822450249,0.29966573021074805,0.06784338290109172,0.01369537456214998,0.3495467650742465,917.5415757454988,3.4818672445750902
2018-11-01,22.584890506075,18.214759657264587,76.42379494518356,1.2300726648359606,0.9020618254632485,0.2004837355232964,0.3484923447012172,917.7479334278577,3.1470285606457753
2018-11-02,22.339460040829177,19.271759737010914,82.81785607240441,1.5960501550429809,5.020282145317886,1.0576333746748428,0.36989869077702764,917.7017051116184,3.006605334753354
2018-11-03,22.01149081261556,19.503787555849172,85.74048745135367,1.4679024396665925,5.014465266259656,2.4975770201286362,0.40338833101215954,918.543073090885,2.8895404591584675
2018-11-04,23.17233892221691,18.753129797402675,76.24984432528714,1.8777605370040837,0.4089092813084644,0.2406905232994687,0.39310972328975724,918.8106393258795,3.500689558173183
2018-11-05,22.609617113254888,18.75812706019733,78.95470983350307,1.2029776293495682,1.074433072171115,0.2713580414616769,0.3850486108673174,919.0486733169456,3.356500415972526
2018-11-06,22.85908221254227,17.28894298831986,70.89047252295896,1.5513564324609088,0.06277414483744337,0.034802789127157785,0.37481311792674815,919.2642414149362,3.4909639596597413
2018-11-07,22.474586296689587,14.927903046944781,62.57713789417565,1.2888415679102372,0.17932610190494638,0.04415069164298128,0.36293594122125283,919.4850420446594,3.7796076571521406
2018-11-08,22.300511842049264,13.523735268687322,57.753527694734444,1.1681510387592777,0.0011553847262219584,0.003587685912583113,0.3519658802447242,918.6495554658394,3.7497556688413596
2018-11-09,22.64425789798312,15.297655977666063,63.44536443139166,1.1357112625154773,0.03341756317249873,0.009662247546079835,0.3421850166008732,918.0234260364456,3.569924545372729
2018-11-10,22.32855111353729,15.155030467758667,63.960805707407275,1.214138017526458,0.012581399092762817,0.0037273763580137663,0.33367471423535344,918.6311404259893,3.4654103371885903
2018-11-11,22.157338317336063,15.853378757670665,67.54134301698174,0.523062490037931,0.09075823373968753,0.018166337148950096,0.3263388947736935,919.466172296763,3.2219305238104354
2018-11-12,22.316136202896644,15.051270680743118,63.62051323286483,0.5484595217064491,0.10059796986552826,0.02092318277776427,0.3198381351354177,918.4023945061577,3.40748304675658
2018-11-13,21.928458762862086,15.496293062298816,67.20395501254595,0.616270757299411,0.33626593550664374,0.07099198995784539,0.3148989886389984,917.1556980576545,3.2440862261159764
2018-11-14,21.60079478661523,11.701700453676393,53.81150582031371,0.767720751898916,0.03023214885363717,0.011131661885179452,0.3093460446500685,917.156936100137,3.3930944834045724
2018-11-15,23.374251161652918,13.611302155302306,54.332767174856635,1.4967542094302773,0.003388965218064258,5.892646080585845E-4,0.30314871475261335,917.7164737733501,3.322298109818128
2018-11-16,23.658780725107526,16.93438288435235,66.1053164935091,3.1158903681163532,0.09567465025004206,0.013028110642218338,0.29872224770159284,917.3741964183109,2.5739278352446697
2018-11-17,22.613201450392307,18.495377816695008,77.6494312876862,0.9986570554571746,1.0247753209532573,0.1537975950568128,0.29974762160972995,918.0680953042408,2.4592163390412916
2018-11-18,22.452668750998978,19.025915437474143,81.00997128594508,0.5760175688411225,4.88557937992454,1.0368683894679613,0.3243624557569545,919.0027978708785,2.7706517237770285
2018-11-19,22.282916651051583,18.879792014925386,81.19811301978449,1.0250934776644693,3.71529535282726,1.0142732132194037,0.3551585905864251,920.0479859631471,2.974725420026511
2018-11-20,22.805887110546397,17.999354657201266,74.44353688710065,1.0303906542081778,0.2878236352738175,0.12066687752037422,0.3514575504069001,920.0762326537041,2.7222156358116822
2018-11-21,23.289397665159278,16.23795461602288,64.5955613490854,2.0361213353999035,0.11033296021932779,0.017060741038761425,0.3394554893592402,919.2551761561296,3.1086349140229026
2018-11-22,21.71389141534752,18.894308263649258,84.15265004871303,2.6731808897972185,5.8560075431550604,0.8747451020672321,0.36146280789982405,919.3750743041902,2.78049054124111
2018-11-23,21.560330310210166,19.733398469556548,89.35932327290969,1.8862622696635887,15.760376839981687,15.86789297252663,0.4124918530127162,921.1348703447032,2.7381425041171834
2018-11-24,21.645981683154943,19.573749079819503,88.04764318214662,1.3683098757383052,9.25759608871391,14.949746996504269,0.4267794472851566,921.9061063113757,2.882446696794428
2018-11-25,22.017686772565362,18.732065884101956,81.74064548822003,0.7451015837728232,1.0435436024398264,1.2480202782866945,0.4161118816779077,920.7537682462695,3.4538526239303042
2018-11-26,22.540178772736287,17.833384174104182,74.8128109035963,1.1261684698560899,0.13881103953935475,0.0478799779687915,0.39951920446155653,919.2198862066707,3.499693871540246
2018-11-27,21.176663398457,13.503575899048196,61.63102443413119,1.7906741036778584,0.0014715252940123741,0.0032680369900701125,0.3838953310550437,919.6267907580287,3.8321820505264736
2018-11-28,20.683407420901847,13.370307615174474,62.948261736018615,1.8312398367616116,0.00259550813552778,4.412608290064759E-4,0.36988477790786506,919.973416037716,3.678100117504671
2018-11-29,21.327611277369634,17.141105005567795,77.0549465765168,1.7463425373877732,0.9246257965774791,0.13845628452597705,0.3636726395950233,921.0606140050924,2.6279831128517914
2018-11-30,21.953115375174676,17.807363178549,77.38817903078221,1.2516047335852656,1.5259585074899489,0.24173078743687468,0.36677321189238354,920.6949781551477,2.533552083405176
2018-12-01,21.448104861885415,16.49464728429434,73.46633097602395,1.6623029898770239,0.10515185102420353,0.03986064954580888,0.3631031597366154,918.4808479195098,2.908758469065882
2018-12-02,21.365552248168946,14.616588800838139,65.54470209495415,1.0448629131845228,2.822481496692019E-4,0.0012356177125195226,0.3520906238634292,917.5936322540248,3.307681151918241
2018-12-03,21.555852936429236,15.500994041774886,68.47386440343784,1.3470543364620389,0.0033542824610132043,4.180237995972486E-4,0.34236655748260864,918.1513740116602,2.9747796885867532
2018-12-04,21.96424218677508,18.234630558681886,79.410181633511,1.441755878027465,4.279643507341644,0.5376068839782089,0.3517530501133773,919.1808845686396,2.8001724788817146
2018-12-05,22.03672714053192,19.202383565347827,84.03435952673792,1.1913212061426313,2.3172997081591538,0.47650934424608016,0.37740644881375235,918.8446257155531,2.6417308680044433
2018-12-06,22.434229474463837,18.772546544071194,79.88710861561948,0.958116955288206,1.872598257101224,0.5416835894650861,0.3816388097919022,918.1358491024716,2.9762832565710196
2018-12-07,22.35537059436855,17.709525851812934,75.21219470299583,1.1677135841143946,0.6601612208475252,0.16967822151712064,0.37396212038404314,918.4023466792747,2.8618147455285476
2018-12-08,22.509909003422923,16.707396214688806,69.83524281535922,1.2287212839825994,0.33204288564528833,0.052389332206722566,0.3613995988188505,919.0831817107247,3.1541470993666043
2018-12-09,22.487018236187485,16.88382948951506,70.72937748088371,0.6635462366933413,0.2875221266994137,0.04039590066376747,0.35037487077059215,918.6995322568679,3.1758821021577894
2018-12-10,21.72202945471444,18.0358848344393,79.74096807920054,0.29603172834056135,0.8526416947207345,0.21462003869015386,0.34607832414486644,919.0342019921845,2.4675378837322346
2018-12-11,22.41813453165634,17.880053555445787,75.64615222093222,0.3335725931602839,0.3460753463987299,0.10368421884956053,0.34060670249257097,919.2724712104034,2.7098014578609533
2018-12-12,22.238482375587616,17.089606413299364,72.75047959373731,0.37553403282806036,0.015521847181213607,0.008884980469368642,0.33252764075986474,919.885849787907,2.488439950522416
2018-12-13,22.28301089804318,16.79255358162723,71.20577651210999,0.2543559598791711,0.019937840379425257,7.507060873905406E-4,0.32420185695811843,919.9982528116535,2.6679012037213603
2018-12-14,21.673127491946587,16.259682375433254,71.65054683348265,0.5328250257083587,0.5149128413328422,0.12312048338143312,0.31982036969599165,919.8060043752339,2.5540994559016035
2018-12-15,21.66452235962365,14.125131869133899,62.37851562907832,1.6535064452630563,0.0023175821967251907,0.00731324920155428,0.3133622094151538,919.6158423445105,2.781018905679859
2018-12-16,21.03527532450712,12.809902422473112,59.48627638455371,1.124476539084066,0.001287214558942651,8.939838255587665E-5,0.30591451678082116,919.5393387281875,2.7694657654418338
2018-12-17,20.810698233124374,13.665112139994921,63.76510241225117,0.8672199200577869,0.0017046927496267017,5.196606128058382E-5,0.29946099400094534,919.6056336179194,2.5729291050465557
2018-12-18,21.071674053507014,12.217418401704759,57.06054195110701,1.1879587292164309,7.764892948259549E-4,3.668460198736558E-5,0.293579805839097,919.4545683195803,2.694757532073834
2018-12-19,21.06501163535852,14.58821133117174,66.5798300699849,0.9741064294647731,0.011594356761466033,0.0010449477917918108,0.28873940128039705,919.6718073299983,2.219640324820446
2018-12-20,20.468080294754454,15.684989556373644,74.06527296899328,0.7600695359656217,0.18795468800010426,0.02489869023216857,0.28634880660165085,919.7782074315218,1.7388806642835926
2018-12-21,21.29457996670368,16.377241400750833,73.59963336291715,0.6419345456665514,0.1254471551979148,0.020249423851325686,0.2843116778274714,919.4494104258483,1.89350640631097
2018-12-22,22.3970447436261,16.39090129506385,68.87860279952952,1.0867432427605237,0.05961742278655568,0.0105516695113676,0.2815478803576991,919.4856306768297,2.013914168622722
2018-12-23,22.663183095555276,17.603211149070745,73.17159108595574,1.6502118609634806,0.8588055848126093,0.1552964440824964,0.2830383863235557,919.6672716834606,2.08719233498415
2018-12-24,22.300583259608032,18.076626055798396,77.08234668826407,0.9963579339002301,0.7680533220799944,0.15450885315715523,0.28642032195626493,920.0499588495006,1.775061124159912
2018-12-25,22.484626755925227,17.493384405447394,73.56288051796922,0.9819204281164619,0.4895575709067276,0.08467136603138496,0.2870983859702189,919.7438860670705,2.0936307355569235
2018-12-26,22.778821014818654,17.52087658082452,72.4203810402416,0.19334848904939309,0.7791763421136852,0.1147590611511585,0.2866124917446533,919.8642057512956,2.2277406485832176
2018-12-27,21.760188828836196,18.905358124130938,83.86794927184732,0.3723193085545056,2.5832596973751722,0.3183343846821774,0.2972370330403832,919.2383608531399,2.202079045381438
2018-12-28,22.340195318049847,17.884207098466756,76.05981691627252,0.388492913618472,1.169895866801516,0.11477503088133469,0.3022865218199053,918.5718190911687,2.291992448999154
2018-12-29,21.55413966573925,17.20293629061689,76.35452171512594,1.351373556023925,1.6107433585699824,0.2008927147953531,0.3095909794359368,920.203388845156,2.349809776407424
2018-12-30,21.247824574025977,13.985931744344587,63.315061557918604,1.7582860308531425,0.05016248586529843,0.022862307119546687,0.3072323946193345,921.5659445553894,2.431819661816483
2018-12-31,20.150991516634885,11.172950216502059,56.325073706225005,1.9561612056457893,0.004124161210351344,0.0010310424450342387,0.299424464066109,922.5039876230821,2.3838255225217946
2019-01-01,19.923699496402907,6.966737008236741,43.05516578392917,2.1447026561403857,0.0,2.8562705106676987E-5,0.29192072730663804,922.3907941121794,2.5593682203747914
2019-01-02,19.792666611574592,6.339000159932197,41.5706357642547,2.2526557530421827,8.52346317969932E-4,5.9248383576205994E-5,0.28505298974771576,922.7047956583193,2.5157050274356285
2019-01-03,20.282931354565363,5.893940134374841,39.11519576269159,2.303259700647232,0.0,2.465499190501813E-6,0.27906103149172623,922.7780403820238,2.4858164078547293
2019-01-04,20.485890334873233,6.181166182162483,39.37416298389137,2.467252268842488,8.52346317969932E-4,5.112992053840109E-5,0.27379003138651503,922.017676599834,2.414209875054439
2019-01-05,20.500032897247756,7.514850330510302,43.17621190149161,1.6321467908483862,0.0,2.367634668316156E-6,0.2693126118942702,920.967453751962,2.28398136544755
2019-01-06,20.406047120401812,10.73208185947451,53.89923988875401,1.3382103288076996,0.001716613724056515,8.463392555473283E-5,0.26570152616466053,919.7162616298967,2.099076129611131
2019-01-07,20.486586112388583,11.647019423073019,56.994035055235415,1.087430620498884,0.00566951551407901,2.6393632403111204E-4,0.26262405639594516,919.6750397582498,2.0293776633314287
2019-01-08,20.918396713893305,8.093170616213513,43.814280815031296,1.806064433923814,0.0014477901262977472,4.7161256625556435E-5,0.25986547521737774,919.691509006414,2.127956903428749
2019-01-09,21.066521372968925,7.273836367175263,40.990091708112395,1.7224375431129832,4.2319288695580326E-4,3.5849319705903793E-6,0.25714675643117435,919.7043912355343,2.1241416431201987
2019-01-10,20.960255987975607,7.909492819365206,43.155700540538824,1.354508785099338,0.0013094172572891694,1.1604672025488686E-5,0.2547876475460497,919.6063535007348,2.0379126835959975
2019-01-11,20.761461216589286,11.104114651920838,54.153992666072206,0.5948121723781195,0.0021522338897739246,7.755849229285403E-5,0.2528588099794124,920.3621902771849,1.879979414848849
2019-01-12,21.130986034289172,11.568840389879526,54.54446596162467,1.0310008587280435,0.0,1.7282531233698637E-5,0.2512064814846852,920.0574316321859,1.8886099078567269
2019-01-13,21.01268936362637,11.508167882673858,54.662087368507926,1.046356301416944,8.583068797918258E-4,2.847256673097967E-5,0.24972635250045402,920.2651535050704,1.845257907465439
2019-01-14,20.98927416921044,10.092311565787302,49.82170209199704,1.673011825584231,0.001293269178859191,1.0898588082526382E-4,0.24841305656211868,919.609840857294,1.869316744542037
2019-01-15,20.686559528386454,4.831691525005094,35.50569561928736,1.9175336917683559,0.0,9.664550796194083E-6,0.24713537032535446,920.3873745235145,1.945488182036973
2019-01-16,20.577896381707408,6.172194246706102,39.117208618624446,1.8197653330360122,8.583068620282575E-4,2.9185089129348927E-5,0.24593703358634048,920.115847303274,1.902121694047943
2019-01-17,20.850006988923333,9.820422394004547,49.30333491581207,1.767618316025543,4.2319288695580326E-4,8.405188918594445E-6,0.24496249351907307,919.1254319757853,1.7834862893521748
2019-01-18,21.13530376107756,10.49747771509153,50.71066840380698,1.6660526479129931,0.002574336008365208,2.1991617518342686E-4,0.24412706595400802,919.5500918787145,1.7647885255277784
2019-01-19,20.857367398289558,7.460251416770706,42.20142041480302,1.5402224303190957,0.0024546460843654135,3.226164066100645E-4,0.2433616404352629,920.5174995748615,1.7945632495836783
2019-01-20,20.885498112116206,5.81874931345121,37.500553487960175,2.1012381527013906,8.52346317969932E-4,5.464703411203826E-5,0.24265573266217588,920.9387414642202,1.8011005872180006
2019-01-21,21.097239068204903,11.210042872295045,53.35920635494208,0.22031517515515137,0.1706288196202762,0.011991437767930728,0.24238221020945236,920.3798335245423,1.6893087913637295
2019-01-22,21.134894811084735,15.308621768297268,69.49399667601021,0.5124942832127526,0.10639359728780978,0.012733121647759506,0.24309659655268037,920.307579193191,1.5461903508838
2019-01-23,21.799416612605444,15.011414963110244,65.4869496385094,0.3320866466711077,0.01934677070611847,0.002214275382056545,0.24287929916572296,919.9375540426845,1.5659203270205782
2019-01-24,21.862055907659876,15.758795096437748,68.35649055030848,0.7431567876322512,0.05119546051181774,0.001017778904973149,0.24230848818498907,920.1861951049752,1.4778189069218783
2019-01-25,21.46675972756684,16.536991397066373,73.55340860199804,0.856682251701106,0.3657839883737998,0.025352312680941215,0.24407488516766424,920.176319760626,1.39768997569769
2019-01-26,21.451291288166434,16.43389960929731,73.12528370916795,0.75672782256535,0.37240735356207316,0.03776852625665445,0.24562066043719413,920.3760277139789,1.4121199275872054
2019-01-27,21.431572284574703,15.196788955347424,67.65776992222317,0.6508251333401637,0.2444260370470275,0.014510145534299072,0.24642666104926164,920.5573976428451,1.4756693130139928
2019-01-28,21.78431351570078,14.713045991288931,64.19383233250893,0.40733235378813426,0.061729055891469924,0.0031826418244710972,0.2463162011181232,920.891901181004,1.611284244179327
2019-01-29,22.224131432463064,13.722177445467784,58.60628868131623,1.5405490281196366,0.09991647632028586,0.00888004839791174,0.24600461212707908,920.8320230078979,1.5247997647873097
2019-01-30,21.93573703148329,13.14556155894291,57.44567871874219,1.7385302963236684,0.02624904873157127,0.003034694059981029,0.2452227960979123,920.7826223891194,1.4606232933338668
2019-01-31,21.367248817672724,12.41958560721642,56.74938452180144,1.5639078858131843,6.21432848193154E-4,2.3218272042475012E-4,0.24422587338197882,920.1663210643594,1.5782184213372412
2019-02-01,21.45251359397122,13.40961881176726,60.30110809376872,0.6033878129353882,0.078564859592342,0.011435967753842504,0.2436192716125354,920.0629431541009,1.4647146198018202
2019-02-02,22.01810561905822,12.794946855399361,55.962573448730865,0.8032279924132378,0.0,8.979894032826112E-4,0.24300658452408735,919.5919148017572,1.5863209261267823
2019-02-03,22.37960547986255,12.571197497209686,53.9722498666719,1.2598174431121427,0.011931560132646079,0.001532093131716645,0.24221393249549228,920.5016747073574,1.6078364690146567
2019-02-04,23.08992152301409,12.566724962894625,51.60732013593643,1.7298588010915625,0.001714922575501987,1.968828155802395E-4,0.24147292941965506,921.8729756242318,1.6208152066835102
2019-02-05,23.41431061923839,15.503309734359306,61.16869361299628,1.22544051911996,0.016000646334922326,0.001856721984871742,0.24092216753953247,921.4536926754773,1.4078214359830803
2019-02-06,23.237795701143956,16.968428208345696,67.92786769265089,0.28869749821425217,2.206162486549274,0.3925703550926179,0.25212674559034887,919.6717928163976,1.9246089373177504
2019-02-07,22.39613304672949,19.128961308152565,81.85026674332595,0.2762161740177729,8.537840432521776,2.6558466862596557,0.30385264316709293,920.0000790592923,2.154178249847471
2019-02-08,22.677094741720513,18.68763809605542,78.25056983007346,0.4636162500766572,2.0213807620649153,0.37402093328079716,0.32789734541035215,920.3649232796267,2.6031038088088545
2019-02-09,23.40264257070689,17.745794374252274,70.7811716082899,0.19994572897357388,0.6569741975176941,0.10691065139925164,0.32288287230505297,920.3857750251971,2.4516224860715794
2019-02-10,22.58771157960455,18.748686472252572,79.04099056676273,0.390845119794572,2.6779599703948906,0.388764528623545,0.3263808157136602,921.2853144666648,2.4007891169261484
2019-02-11,23.437392130054487,16.252791547799102,64.30696068410754,2.004851420818364,0.1696003991288988,0.043957657843350886,0.32114371084263144,921.0983173674721,2.3840140634599356
2019-02-12,23.544825176929532,13.235082545073343,52.46020670001978,2.531266654895635,9.017558832235957E-4,0.0013866990732561537,0.3079446685723035,921.93351374235,2.477716351502473
2019-02-13,23.352024669510246,12.925316118059513,52.032635099690225,2.1336560924669064,0.0,7.361300681947438E-6,0.29650823818253236,922.0740659268013,2.361533738739693
2019-02-14,23.380667416377403,15.310538092317769,60.61902116550047,0.4954642907000897,0.02711967306319557,0.0010223468817767904,0.2873571937743587,920.3178292086818,2.1539363874458806
2019-02-15,23.34322643515181,16.75389511853261,66.54373133918409,0.7467310812950474,0.0274698841632347,0.0031257207279093238,0.28062360017590926,920.8931372150016,1.9187073903944873
2019-02-16,23.98199963910096,16.48212992697493,62.98199778305578,0.6935549419420666,7.578538294960755E-4,2.4614815943278757E-4,0.2747092603213247,920.6727885144519,1.9213444694854347
2019-02-17,23.275121992163754,14.75392655473238,58.832988010285874,1.3858308803507586,0.0,4.580746406865485E-6,0.2693101778399236,919.6443671785358,1.936266008605261
2019-02-18,22.866633973361765,11.376772830088637,48.42041717240217,0.9058551226860865,8.52346317969932E-4,1.5795677265053396E-5,0.26463790045551155,918.1999326182374,1.8624272334838687
2019-02-19,23.846831897437173,13.490961200505943,52.45646377090764,0.4360445467711424,0.00202732294845172,6.75273787688242E-5,0.2605940648870918,919.2055879052899,1.8028888836595742
2019-02-20,24.621573614404795,14.420703022398628,53.19868121600868,1.60118321072534,0.0279101760413602,0.004263270463052331,0.25724381576756683,921.1886083592426,1.8236070335029808
2019-02-21,24.324969907112255,10.598066257110991,42.144997739555244,2.072625626451488,0.0017115447084070697,2.5714847511074373E-4,0.25414015209591967,922.152117572469,1.871665824333023
2019-02-22,24.256848972448186,6.03295718446264,31.059748338071145,2.6971572832538606,0.0017228238675670582,1.8777540579192686E-4,0.25129452411739367,920.3586269074416,1.8827902482139414
2019-02-23,24.370062891730186,6.089060749549619,31.192169700652926,2.0166313450957642,0.0030017681638128124,2.3976292859053384E-4,0.24881871460760285,918.9285299793847,1.8046681239843874
2019-02-24,24.51732081142849,7.398744396006528,33.912042180074955,1.3339225733729005,0.0017105289771279786,1.6472401851360004E-4,0.24681555571477157,918.0907753145613,1.7042542008423616
2019-02-25,24.485264073135394,13.58726054472635,51.359586879307926,0.4126279399268673,0.022943157255694267,6.418968348586074E-4,0.24521315481941394,917.7058576224983,1.5626323311406698
2019-02-26,23.85771767612282,16.673188735660705,64.24201730162187,1.1488952236256764,0.09781744503011071,0.015316197335520892,0.24446786601463671,917.32012540616,1.5408492119479995
2019-02-27,23.097044943232167,16.38784985620499,66.00768320422574,1.3685246039038963,0.054430091987345934,0.006709026881201858,0.24386588167419918,917.0698584248796,1.413401006696816
2019-02-28,23.27148901781932,13.758691079091788,55.1980187469534,0.47484877053856095,4.912159864196257E-4,3.5693251546839303E-4,0.242886106269345,917.7580233237796,1.495413432398457
2019-03-01,24.26216667918982,12.769989815641779,48.844931339915,0.5982418490935887,0.0,4.481164963237974E-7,0.24179324209312375,917.0898983669123,1.5806550599367661
2019-03-02,24.48148389729038,16.844285568918313,62.56410103108204,0.31149543735761653,0.1612262026912669,0.02098710011458641,0.241629662462271,918.2945916084411,1.4368855977210528
2019-03-03,23.871081625044038,16.896103604685905,65.10493145690738,0.5205101103762741,0.49259708057915186,0.05876913993798693,0.24363919310238832,918.0742009277435,1.4187960718816455
2019-03-04,23.646575660542958,17.689094592435552,69.3438018885385,0.9756345411616524,0.36112784313843027,0.04117598091626113,0.2453678046273861,917.5858498229758,1.385530620115441
2019-03-05,24.166920901698266,17.00781725050463,64.35400204790916,1.2075850603433471,0.0029960639713848642,0.002752293318918683,0.24493632225203346,917.8333105114311,1.43945655795266
2019-03-06,24.35309596680898,15.802674634382395,59.006062652516796,1.0007555416628429,0.0010554630434061374,9.644527199878464E-5,0.2435242709702562,917.7702319132463,1.481145448975848
2019-03-07,24.621257082438134,14.278907581210253,52.86990207698747,0.8915838790294014,0.027634511621389284,0.002179511585932254,0.24238351466684385,917.1301046000569,1.508244919694848
2019-03-08,23.830021550037568,14.577831455155573,56.60753358724881,0.8933505259359086,0.006699741217034281,9.739305555772386E-4,0.2414048121593311,919.0474693059996,1.421156641310921
2019-03-09,24.750584479001358,16.15679882014548,58.982814985448265,0.37730220498532174,0.003574706925686094,4.0856774744864956E-4,0.24050517403988328,919.955729083777,1.423242585507114
2019-03-10,24.838726439470364,18.4487142657439,67.7661680134786,0.5390399901079808,0.32683366736205016,0.03679315917436834,0.24125917334112834,920.0510268098792,1.3940852363555778
2019-03-11,24.412986148494777,19.166023704958693,72.77793192461596,0.5637214812838711,1.1042772412222535,0.12690319493713434,0.24638708003056167,920.6194607540548,1.580837539283756
2019-03-12,25.213867994378024,15.33853624376619,54.70356408290869,0.39615702976377937,0.01585529171308597,0.010666207272290276,0.24739960634832472,920.3880935354241,1.539539972107515
2019-03-13,25.128601640672816,12.537128891065661,46.23571349985402,1.0620943554865787,0.032088906345505874,0.005012824281540206,0.24561247481505719,920.5538448057389,1.5170312390977896
2019-03-14,25.621367106719923,10.479731567965366,39.39417141728565,1.1725337280508987,0.001500749687919614,3.8329069344372984E-4,0.2440127864174979,920.0753309354909,1.4975603274131424
2019-03-15,25.200018722549437,11.933091171114645,44.543383261236826,0.6717258182214252,0.005198237205072075,6.556246948621282E-4,0.24264649743788774,919.7330891805184,1.4351396625602912
2019-03-16,24.59815249085021,13.184579434442288,49.55951396302793,0.4073791141387663,0.007936807930508055,0.0010965831310796577,0.24152542659570367,919.82830334971,1.4058087035706277
2019-03-17,24.489354950996113,14.912220149240412,55.60420610215268,0.3085769555339161,0.007982508224572688,0.0011789586610928121,0.24061080446787933,919.3512139385998,1.4047623599217034
2019-03-18,24.81090359846587,16.958146646016683,61.79875402629942,0.7435851963924185,0.025029439732161686,0.0033616789585847106,0.23989271279757074,919.3186996912973,1.3687792027555645
2019-03-19,25.005945625851673,18.09148357957037,65.60316768444072,0.7553467219312228,0.10984072327183803,0.016553556435612817,0.2397382201955043,917.8170156614563,1.3368643336543178
2019-03-20,23.66197644016247,18.999497447266787,75.23231870235777,0.8932406569727398,2.2730384664435856,0.3098148978351241,0.2516667221385213,918.5190075567789,1.7441716135279595
2019-03-21,24.37174454330186,18.025670208348426,67.95226791174686,0.5349372004217592,0.7263829572592608,0.11419817918607036,0.2598567700685479,919.4296496722212,1.6846298477811488
2019-03-22,25.34675605137486,16.840131922021314,59.462228894833004,0.3332490137173346,0.0023448834494014742,0.006645434149839812,0.25784276030545916,919.3640595022753,1.5405094691426986
2019-03-23,25.02293545543891,18.17545589322929,65.96298983823418,0.7819134582480342,0.26685304656923453,0.035539212788919076,0.255416541713611,919.1657148182829,1.5326490830052748
2019-03-24,25.625234039493616,18.161209276954402,63.624355716934446,0.2222712077804524,0.1486406350763488,0.023703719347093845,0.2538016502010285,918.2413223161464,1.4199822500900934
2019-03-25,26.462875735901243,16.540707722846417,54.74292717594575,0.5007596766388548,0.020291545943519406,0.0037491185926926806,0.2511920551690207,918.2152843442668,1.5022939386328924
2019-03-26,26.349198588906685,17.437702010292057,58.37167690725034,0.3225034062620706,0.8315206095979762,0.05496579152309257,0.25027490771072747,919.6815225022698,1.5780252205670013
2019-03-27,25.503094695506967,19.269281944040213,69.2368474620967,0.6893361754197272,1.8174123214859894,0.26113678006834523,0.26104840460555045,920.8130558083509,2.1378089607179147
2019-03-28,26.704606195186056,17.526385741137336,57.61815267635211,0.3338124223312153,0.26773109642340437,0.02558474768151033,0.2622268375092425,919.4407462766701,1.676302065729222
2019-03-29,24.603029836965355,19.930143217694905,75.5421077782172,0.9347980891977707,2.600375639727182,0.4037020205189479,0.2735444096855594,918.7553107154298,2.0725807453610745
2019-03-30,24.690360389334717,19.817647961108403,74.73775919893282,0.7964564056574386,2.794805208406403,0.5281659212083171,0.2908244863534232,918.7690382637195,2.144442657348931
2019-03-31,25.558539413280457,18.567813506545633,65.73276887930234,0.7562656797300402,0.7290782923934123,0.19037066303731828,0.2923156196777963,919.0710823871511,2.1131197214882027
2019-04-01,25.251155937046274,19.55257235252809,71.08961757823016,0.8274699967836302,3.4644581697562633,1.1749579808873805,0.3003547938915654,919.1191486071805,2.2418047564911365
2019-04-02,23.985736702581566,20.230081654822012,79.77861834141734,0.6802650967957311,7.8328076800283215,7.1637530105368965,0.3227335362178544,918.5225928420748,2.402340627366296
2019-04-03,25.371275169175373,19.197928678384613,69.35213054190994,0.24451591904929515,1.2478058043067792,0.793456914713957,0.32466575393122943,918.306896049147,2.4917403288397635
2019-04-04,25.044154567522934,19.003251262919306,69.90019476048361,0.5970297339121502,3.6100713726052214,0.6240364711382709,0.32623944094082447,919.6136397866873,2.7338579825662923
2019-04-05,25.43619919765308,19.075292692885156,68.51213852429028,0.6230675995688718,1.2083429125872416,0.26554411751689116,0.3268353847212545,919.7493538385203,2.854689367880386
2019-04-06,24.908943653718385,18.845984150892093,69.48948552259826,0.5265175043831871,0.8600440731571052,0.1887776335736329,0.31737991642438257,919.1919321668065,2.496484384199953
2019-04-07,25.159573380652375,19.786151875481544,72.53322847614848,0.7376288779174361,3.5850957736419398,2.708959631748032,0.32156090176535423,918.0878877525479,2.4520193142613613
2019-04-08,24.869575737806212,20.45933217596853,76.83468182230062,0.7995679669797868,2.8242358837288255,0.7535519621564931,0.32877456776973174,917.9247348768024,2.599414982595283
2019-04-09,24.22397394056864,20.124626793004126,78.12967274500825,0.418911695080136,5.4965101497837905,3.2138306512760804,0.34030840304121557,918.4399817267255,2.8223653639110777
2019-04-10,24.985145429413507,19.882914587991454,73.78973711125599,0.3960933493182145,2.2373873212745816,0.7547078389549516,0.34363588272401224,918.4903682837463,2.9760405243341035
2019-04-11,24.907102639751074,20.006458003704942,74.72050587895266,0.4832050353375782,2.6811272073232706,0.7141986238367892,0.34420448813372667,918.0201424274603,2.861281028479897
2019-04-12,25.341716670510184,20.066577001589913,73.12320407683681,0.40396438166194576,2.08374132056676,0.7367655467480223,0.33987020828136305,917.6019724859694,2.758461515760316
2019-04-13,25.898987705696488,20.043140879302623,70.9603601821314,0.3831433710109969,2.591375033178158,0.7481536574628249,0.33591613230372125,917.795186305823,2.873707375969805
2019-04-14,26.196326243791823,19.855089459076986,68.83677587856798,0.3446433890822445,2.0082504555998733,0.39799646039288733,0.3312699168894191,917.821203030333,2.978931309258056
2019-04-15,25.13314407667442,20.177719318952366,74.34031218165347,1.0196903372946133,0.9496779345136479,0.21251173631371487,0.3278629534318801,918.3021192788375,2.7578556810361143
2019-04-16,25.21551261377643,19.82667513407565,72.334103351241,1.1172565837598498,0.6557252078935407,0.15445981187155097,0.3190341348329776,918.1013393031282,2.5400326654112395
2019-04-17,25.305208558066013,20.288433599503197,73.9728195448511,0.7720641452981347,0.863997814451069,0.1480745179324343,0.3130492269615106,918.706043284144,2.411193763235223
2019-04-18,25.199755063412073,20.42717956507515,75.14049253369183,0.1383098304064111,14.165122009692224,6.051891521246069,0.3471417988748114,917.7611602632942,2.8874037216656463
2019-04-19,24.386771645655678,20.841695321054477,80.89444185497936,0.7130238477551595,8.460242369834923,13.697218061049751,0.3872524413406132,917.0898554157155,3.5747860899891073
2019-04-20,24.262481529434236,20.096129229746666,77.84937094193413,0.73618585057675,5.589158081923981,2.530143491285114,0.3936711870388267,916.0495009955781,3.644163935032223
2019-04-21,24.396328906900873,19.961330328812917,76.52155029261726,0.855598254383565,1.3595597879608134,0.45026809720554034,0.3841793090923456,915.7470773335706,3.2933978985182515
2019-04-22,25.400319247995398,19.823850874159685,71.5958838976009,0.35791202914488246,1.006251645971232,0.22070137808565746,0.366822342107651,915.826173717705,3.0998224948386617
2019-04-23,23.804834271242825,20.765976616325094,83.33056914793666,0.40117579912051987,11.235859163491636,11.866451729003606,0.391254343588918,917.264139293511,3.253824244731822
2019-04-24,25.528404207021225,19.9301073119686,71.74149813213455,0.181790325362588,3.6619509100186023,5.723338562581847,0.39138431192318873,917.4569855253691,3.9310747606679577
2019-04-25,25.146661222091407,20.44109369935715,75.77239525274044,0.4888293034076949,8.366453894158466,26.016927020876878,0.38574934241985687,917.5484073886666,3.708692709429773
2019-04-26,26.12667212827822,20.316827805811386,71.17115562879225,0.5348449999075299,4.4614658101333795,6.152373507017123,0.37737836865971847,916.8556813688513,3.8494431159498426
2019-04-27,25.978686670343734,20.76872228771953,73.76664085476312,0.37551822147848685,4.797195410286175,5.355454105697122,0.3715811020795864,916.3118913684956,3.559067524602156
2019-04-28,25.848466106376275,20.518628375284944,73.57697801479162,0.4245293346101061,13.528653068468316,16.888156273556906,0.3731608001272968,916.4187994469858,3.882985751484001
2019-04-29,24.14672299141242,21.81364178045669,86.9741856575613,0.9661424293617475,14.165442409396727,12.355631648093164,0.3994054617399938,917.10837927044,3.4697898570759342
2019-04-30,24.230436519976365,21.78932128154946,86.36476081786196,1.7819514190540353,3.6120271072582355,1.7247067229795017,0.41416248258973154,916.4464826911355,3.6462109245343575
2019-05-01,23.537090540956,21.371943554037834,87.7892630933066,1.9695066201910265,2.516804566230497,1.0879120721542581,0.4091824391161365,915.8083551571817,2.743259190985966
2019-05-02,24.05392547899273,19.798314370869843,77.25618040674834,1.9916835298040545,0.20778409956144514,0.09110869878632828,0.39051827953291907,915.9633454202494,3.3731009658356945
2019-05-03,23.902407212295312,19.651240386769516,77.19602844566356,2.1011422210013584,0.3131861335364257,0.07671388820103886,0.3746886909907691,917.4689942870887,3.330569459130336
2019-05-04,23.77788688941557,18.957838608223536,74.53261827873693,1.6092292643335042,0.033879096964188164,0.010563641604581642,0.36022291393348166,918.9592351824446,3.18544200444595
2019-05-05,24.312217106844628,19.860099567337603,76.35819129099312,1.0358398708640952,0.9685657649755013,0.17162134993432068,0.3519668318312641,919.1853567573684,3.2240901167468734
2019-05-06,25.254976050590116,20.85492580304084,76.82894724065531,0.9079125335970385,1.9427930213582476,0.587482191214488,0.35136873148762005,917.7179689784159,3.279327133676673
2019-05-07,23.436385901569402,21.388283080591737,88.39495706643473,1.687122830403034,9.5175605639429,6.570563064863435,0.3836305275964047,918.4526758900192,3.034522745881484
2019-05-08,23.58337124058532,21.566853410302045,88.56982340812785,1.5176534640545911,6.827153751777754,4.475909307245381,0.4074942225496418,918.5357058039178,3.1920630557359337
2019-05-09,23.88149503961424,19.425643200110116,76.22230505262667,1.6265513390507673,1.0869219341128342,0.4679007607654144,0.3998623486190055,917.1943698957102,3.575946489909797
2019-05-10,25.210151529925664,20.291693901718094,74.3494981564523,1.003037976144755,0.7247550335670492,0.131853653656913,0.3842713297816719,917.022294829421,3.4267925662160783
2019-05-11,24.674911234102936,21.398093791161305,82.08787427879548,1.0088823307230856,4.813280665238533,1.0185219677555106,0.39587280234465666,917.964040202629,3.4550325903169754
2019-05-12,24.838491362212668,21.21654219686169,80.42680034460359,1.1570268967215613,3.8720780434202267,2.95434594763865,0.4033364612678826,917.3092185461508,3.48676851929017
2019-05-13,24.153918547970413,21.55383933000992,85.48124457373997,1.4349088437983615,7.788462647818008,5.2762939086584595,0.41646501280568543,917.2261683210506,3.4080400745549535
2019-05-14,24.480844089326258,21.10353147038833,81.59698727105766,1.4853375359570105,2.3610845656270314,0.8477936926441528,0.41447569257438266,917.2153321259543,3.342351160135696
2019-05-15,24.252662288429768,21.230371684041344,83.33305074960516,1.2937901694381668,3.602597674731737,1.9964195813875085,0.4122891161451601,917.9463157213393,3.3362180180010634
2019-05-16,24.874442738952315,21.079767663232463,79.60211403046037,1.2579008662433788,2.5567030236741473,1.0647186194989164,0.40785658318779333,918.3277483732585,3.5672594709119037
2019-05-17,24.5971230216037,21.098582715505064,80.98858048936319,1.2066556291385357,3.496700538332416,1.0459617729738626,0.4073882559530059,918.1283646195648,3.4581549408354033
2019-05-18,24.989623486007225,21.376365076941145,80.47534103593561,0.8567985491968202,3.735341817208421,2.86671589673259,0.405059876866653,917.1706934021321,3.6479921962991604
2019-05-19,25.168303715685045,21.983930623341358,82.62996713572691,0.9998393022716806,4.924250194701073,1.9120679478712492,0.4092651717640926,917.4221638210693,3.5759478246016028
2019-05-20,24.64231053238923,21.353078720456732,82.04386272419391,0.7249006091005837,7.310950551785854,15.560908165691338,0.41356019086999307,917.7482151745969,3.4848049756039496
2019-05-21,24.498477047028263,21.83578858268415,85.23488427556428,1.045227000465852,4.166530309786535,2.5039588070410934,0.4198342200344176,917.8790981505136,3.160682641101097
2019-05-22,25.06561011926699,21.895039150752158,82.66024463487186,1.082032722501433,2.509661453052878,0.6851834286983378,0.41672020619259026,917.0307536264871,3.4153800553648965
2019-05-23,24.217836076698593,22.1646580613584,88.41273658403125,1.0926962441457662,7.4941234644026355,4.596708353271041,0.42926959344610655,917.1951960234397,3.0150651066434278
2019-05-24,23.82848154355083,21.674074151114265,87.79444781505973,1.2429132439519772,8.328166155582172,1.7327978770940833,0.4346754283826645,917.6445183068056,3.28363992272949
2019-05-25,24.422600388016903,21.65134586321484,84.60537922436858,1.2151309282276488,3.2224627974525917,1.0851397916162964,0.44048837438387717,916.7334287984405,3.7556200963522794
2019-05-26,24.20386817198991,21.857783068431942,86.81330873950274,1.359064954600535,6.537580507457683,4.18770452655499,0.4394038388241673,916.207807626564,3.4004984276936017
2019-05-27,25.49305812971804,21.972674103756056,80.9505140368912,1.0030012099376362,1.385058742388148,0.6075138673624119,0.42677236408225294,915.449146250258,3.7119222413445896
2019-05-28,25.482126810254293,22.44757470701838,83.37480757833642,1.2791034919450361,3.264944185050352,1.101674667410085,0.4208997215924139,915.400205121445,3.664831809874661
2019-05-29,25.137482836309054,21.787493061329858,81.77734731793835,1.2323219243151742,6.457886126976834,10.519906327017667,0.420432232984471,915.0520738206906,3.6271122377698477
2019-05-30,24.58497630738809,22.253594595049893,86.92553009805678,1.3949088230900768,7.7565196844331625,9.049954396743477,0.4306806798088765,914.8232706676661,3.4660636418933533
2019-05-31,23.586042311770576,21.646868015545277,88.94605417094657,1.6248611119910463,8.65983019940949,7.824974694280791,0.443690278267592,915.7963825877597,3.2794476936468606
2019-06-01,24.206540057408,21.609693883506246,85.49307232562892,1.4182490817467608,5.467206100904851,3.7198582497161503,0.4425284653832232,916.075394179512,3.6600565966826073
2019-06-02,23.754159954077075,21.87070138395561,89.2802341627677,1.7344216776221253,7.80538964527687,9.953380531460466,0.43988630521378497,916.442791958694,3.651464855986671
2019-06-03,22.591468617831616,21.52578430350131,93.74826860564158,1.1538159968920312,14.593820962528401,23.32077116187933,0.44527871919061945,916.3218376313033,2.9452630241547104
2019-06-04,23.502037198557204,20.70759741956796,84.41458610702337,1.5092310680025167,4.667987252712962,4.305967130947324,0.4386198754619562,915.5817553123019,3.7176860096144475
2019-06-05,23.706958298079375,21.4073083885109,87.0187926028166,1.2918539597177447,10.419601644290067,27.791717068465715,0.4377872102083037,915.1959723970037,3.0960780865126374
2019-06-06,24.438699495022767,21.742585316181255,85.02689474291107,0.9844291502232625,4.1495315135293005,3.106944794368601,0.4430906616121859,915.2602698197892,3.567312620468596
2019-06-07,23.910843285416576,21.404758070800604,85.97651581098498,1.2355107680830757,9.761879511869774,12.26825014646117,0.4432659628259681,915.7194578829152,4.056364402706337
2019-06-08,23.730969949795497,21.015090042998033,84.7968954933604,0.9815109734227361,5.811416679764276,9.457273209607674,0.4423911574524468,915.1773408799853,3.5524645016311585
2019-06-09,23.63294234904534,20.64660548944786,83.4280638936492,2.593160439615521,6.134097655320798,4.837552153337232,0.44520375504903775,914.4824009764426,3.7850788138271994
2019-06-10,21.77765190262821,20.79380329334413,94.20560009853452,2.3848845382327077,14.466914855530774,13.648881250418317,0.45636838976036675,914.4610681586014,3.4405625636567776
2019-06-11,22.135263482448494,20.949893559763833,93.0517380421012,3.150846721027317,15.4177298636147,9.996587978870188,0.4608267825764298,914.655391222482,4.6462361977793725
2019-06-12,21.827068146129367,20.984240683493983,95.01299205068253,3.0345204192228383,15.13752172250251,11.0859659373046,0.46225371582193003,915.5828320023697,4.029130730968986
2019-06-13,21.99087439837874,20.78231895778773,92.91730064307569,3.0902183477349765,10.026667348208665,6.804831924784194,0.46281687103621943,916.3781449678283,4.291805970942984
2019-06-14,22.098640084818847,20.708468130482178,91.88725690676716,2.145228457924667,10.795870835962553,12.501815471208845,0.4523799640725696,916.5474114875132,4.051420752975071
2019-06-15,22.513311444536864,20.461460810447175,88.27033536571909,2.2081805296585015,4.1344998938700055,2.3690533358228136,0.44860720972350576,917.3063569751698,3.7324420196942185
2019-06-16,22.803359617214326,20.683090472625214,87.91110068536693,2.0991584791600824,2.996253666135714,1.0129076541706303,0.4440830079220898,917.7798253694561,3.2786556610457493
2019-06-17,23.060731805742147,20.235886273745074,84.1918509177923,2.330863823682647,2.0535768924236506,0.7661284805022359,0.4371191950654198,917.6962713932711,3.3037110497617674
2019-06-18,22.261439705312593,20.355702416917076,89.0336085441329,2.255765835672354,2.906172410793466,0.8430420058900784,0.4346774495700567,916.6533559770784,2.653573761377683
2019-06-19,22.328799630068534,20.628230623673875,90.18111702114597,2.2619974182188636,9.680960238147314,5.287104337439172,0.44249311669033903,915.7421913007433,3.7934538395479804
2019-06-20,21.841865105410495,20.547097876995252,92.41540716637789,2.1139696683039864,14.962639160529006,7.043973106973758,0.45664805635611305,916.1775182228281,3.9514418525499173
2019-06-21,21.022132138974836,20.87934781059252,99.1352902135982,1.6489899694833474,35.558055999248786,33.85043917570413,0.4683195363863109,915.2394581709668,2.1814214552203577
2019-06-22,20.69347024725603,20.574892751757698,99.27813157854473,2.204300322544139,38.639992238574465,82.34072028337253,0.4685423926795807,914.4273958777784,2.034220699534663
2019-06-23,21.35034276462169,20.535580920480854,95.13036954352995,1.9939214710662645,9.176087484937606,11.559185795919497,0.4725145767117561,914.0055610857343,2.679522056229132
2019-06-24,22.107337288523766,20.524535966566916,90.79362581357582,1.9257355622791672,5.345535380355757,2.792021925831009,0.4646267865107677,915.0135662926422,3.683218834311137
2019-06-25,22.220953417137522,20.399065396034626,89.47591697443869,2.0699392784618538,4.2996374692433985,1.6323756887995438,0.45945266245715144,916.201703595034,3.2497134515939456
2019-06-26,21.91606307624743,20.18361196527103,89.96646914454863,2.2601637082696926,4.060008218107389,1.9877338061918919,0.4613368011690272,916.7174543415679,3.2267187284105034
2019-06-27,21.957437877696808,20.280668053010043,90.27886509277533,2.4433984373921853,6.184585724699426,2.740793639429361,0.4604177339086976,916.3183011606302,3.833554589612059
2019-06-28,21.9724681629208,20.27711146176264,90.17839698000371,2.6565866206565603,8.420814372364944,3.7846324128573197,0.4598487428097505,916.5071086580591,4.299865141815716
2019-06-29,21.658915320393998,20.127660407672803,91.07857440868015,2.531686899145269,7.890171497597786,3.605179700269472,0.463870017206302,916.2632193003361,3.967893556805989
2019-06-30,21.169476002321325,20.05058543008976,93.3906884395279,2.405559497764503,9.353394110180552,5.945380401865946,0.4607123806302885,916.1187200694487,3.828895361438395
2019-07-01,22.14171016933541,20.453437992680108,90.22006530087224,2.436060761377261,5.675235690048768,2.3564515972960884,0.46110863423170745,914.8411622423362,3.611712441490479
2019-07-02,21.47968719363164,20.303667221922048,93.07745064677995,2.365596354173686,11.357582852318204,5.771551294305287,0.462700068220389,915.3909245074846,3.6389384015678656
2019-07-03,21.314038484065506,20.46843934366635,94.97425732971114,2.4215743970900077,12.902911805257718,7.850639424211128,0.4610515180882912,916.1667255614077,3.7592482824028335
2019-07-04,21.28866948637862,20.46296156263392,95.08805412927227,2.5682794218109337,16.340965207016733,15.247503864378338,0.4609487171468314,916.0193698863335,4.328133876813502
2019-07-05,21.191762547999012,20.175960580739602,93.98495014762632,3.1519545227779475,17.863017652319424,11.354171605301056,0.4681316030260357,915.3079274766662,4.947887769204801
2019-07-06,21.22482478823098,20.049574856758692,93.05654670893169,2.934235771828922,15.196246800588122,14.6663327228056,0.4638356623682745,915.8236166846098,4.578360812447733
2019-07-07,21.561370706292696,19.95296091590378,90.63670284363735,2.887829617176463,10.857297462319739,7.901265142009695,0.46825475737068484,916.7138588636333,4.557142254368187
2019-07-08,21.576824498219626,20.036865981183656,91.02067078435198,2.4026211705020417,7.8201302169366205,3.844519488419897,0.4696985838045772,917.3362922651988,3.9939810138276024
2019-07-09,20.93178429160934,20.23754256256864,95.83801397349438,2.1362679765077544,28.068682430851098,33.178238013592065,0.4656460417687318,916.8704314064331,3.8697793332919748
2019-07-10,20.16964197937886,19.98842660001646,98.89247717829612,1.7662920061524332,36.780704170942926,62.613282775048596,0.4640124029757382,917.3545148094912,2.138996455805108
2019-07-11,21.43439378239903,19.464500835541934,88.60451399499335,1.8798046281499223,3.8399028461581817,5.770535600708711,0.46145265305761557,918.0848861633503,2.8411181618280636
2019-07-12,22.134422661973655,19.61113811936411,85.64332662084895,1.5168738695782675,3.575521858521559,5.498062815164789,0.4557345934936459,918.6378598503603,3.3106011103421036
2019-07-13,22.22724103801981,19.690521603185175,85.58670690197455,1.9117626300459234,2.696327342321169,1.4652283391152843,0.4524170846650095,918.7138689668186,2.9379691119955105
2019-07-14,21.76676908697353,20.03385724716989,89.95109516854104,1.8743926953803296,9.07616520452172,11.100938283349114,0.45778561960686154,918.045499351921,3.097745910225094
2019-07-15,20.986756209691308,19.911371646773734,93.61126471111136,1.6287664343917259,10.397381514829345,8.1660115226686,0.46249465189318173,917.0808927235387,2.833623154708449
2019-07-16,20.849865360101067,20.00613307785127,94.97151976287512,1.58934562814458,10.688813644164417,9.745392317849653,0.4669904142964997,917.139750206362,2.640706464894625
2019-07-17,21.43558305240098,19.973890595945797,91.45546615406268,1.6834494317391622,7.6720945020648035,6.168578274188358,0.45353534872980483,915.8189247897596,2.6071302568932078
2019-07-18,21.534732008956492,20.351589883173684,93.03301641057409,1.749873649354938,24.617847490865575,33.5784892694642,0.45947888280525173,914.1250300432583,2.5724302868942868
2019-07-19,20.489495857227947,20.096938986671514,97.63620729075535,2.4305018097854685,40.418423250150425,92.3971451631369,0.4644476704532091,913.6469254746698,3.3618464641232677
2019-07-20,20.386463266199744,20.05665152602087,98.00582999940906,3.0659472060737616,43.78961327085231,63.36180183266884,0.47006026221598124,913.742949632824,3.574462457486926
2019-07-21,20.46701327109754,20.064038406195113,97.56688270356813,3.2544220959725636,40.03538593969791,84.43945019556033,0.4655500540110849,914.0563266599872,4.6198780901978145
2019-07-22,20.05045895779213,19.44759163258561,96.36832413608094,3.1029972213704258,38.93323099884652,95.71249811668758,0.4680162618735028,914.283664081291,4.757692732207922
2019-07-23,19.85483954556691,19.493983216221082,97.81069373824194,2.09945687353262,15.095251446558548,19.567613858742046,0.4722623570511023,915.234873896777,2.3688027933102576
2019-07-24,20.866722995271516,19.933223319307317,94.43333071313516,1.9389387666298838,16.141487403741877,35.46594619847124,0.4675161465936649,916.5053614025757,3.6426307025085127
2019-07-25,20.988704614631615,20.18466397063609,95.17651651600114,1.6351777462213917,16.1249598773637,27.35813224679802,0.46873595761544046,917.4182326463526,2.8591381581436854
2019-07-26,20.350147727547018,19.831722454424597,96.85424905551595,1.7329730078464565,12.95689696787085,16.837283419725228,0.46896665896688833,917.2208675115204,2.3223360943974867
2019-07-27,21.15937328090291,19.52541987054356,90.43053395818343,2.2740353469510777,4.730467465720867,3.909891783102604,0.46468209258860904,916.9430242625729,2.951464685190244
2019-07-28,20.823400931591493,19.472320065580966,92.04147972783949,2.5125067681955255,6.57018181784305,4.252561978521071,0.46532361934219546,916.8229864486715,3.2047825518951307
2019-07-29,20.822266290202236,19.298521521223616,91.05295506528489,2.296513686300139,5.591943331906243,2.527365567977525,0.46801727015965616,917.1404296451174,3.1645438656501055
2019-07-30,21.165140410759278,19.31357520111845,89.2374655582851,1.930854643539263,4.015536032586025,1.6837553967269892,0.46779448111476557,917.9993715287527,3.267447417274654
2019-07-31,21.32911517887563,19.499684465155386,89.37439116775623,1.9696290371738896,4.2359580306334745,2.7427075155828806,0.46178356907163226,918.4145227119698,3.362303068757277
2019-08-01,21.455789389611958,19.420182368819194,88.2394179092637,2.2233298876348346,4.352844162781463,1.5217776437430477,0.46072398581052276,918.0390200808355,3.553684404147104
2019-08-02,20.769550186689372,19.47302095734288,92.33640532654968,2.4180468016957466,6.097993051716469,3.6225712794077833,0.4619351140995951,917.7403482915389,2.8289529195660355
2019-08-03,20.709315002065775,19.618196424910693,93.50648761134448,2.3619319074964973,8.059870150798284,3.330345370836049,0.47001527092600304,917.7653013781321,3.2758547892588625
2019-08-04,21.031202961341194,20.017143213953606,93.96898303486195,2.741304799441204,20.300226471695797,11.997761861561203,0.4646625409648409,916.9202889484043,3.974386213491322
2019-08-05,20.949057881299304,20.23670821354158,95.7288778899218,2.9673655344436733,34.820206288034285,47.90066624441643,0.46479477098370253,916.2156802749679,4.449869181026386
2019-08-06,20.951329735852152,20.419534607159243,96.79539773286506,2.87845765415643,33.49329993216339,51.81554811375147,0.46528312109369835,915.8680477972902,3.8284969393016675
2019-08-07,21.056031321398756,20.574657163617452,97.10704740010281,3.6132109010895097,39.76556051120249,73.10534846769463,0.46697814359173007,915.1446715256996,4.608286682034311
2019-08-08,20.506989563315905,20.24127722869581,98.38612795939999,3.612326402300456,56.64205526835355,152.32042489359384,0.4682468129782996,914.8395559037302,5.075546606056548
2019-08-09,20.340477236513973,20.15831883298586,98.89145550206172,2.437079190945268,43.99920887955246,106.20326280438486,0.4659623410032656,916.1528779946116,3.1030257282385225
2019-08-10,20.22461934216211,20.06483217500097,99.02395641188701,2.4528068141581705,43.45105914982419,110.69006249454526,0.4660644647725951,916.9087224580646,2.583322238538902
2019-08-11,20.533140396078327,19.45554725940582,93.56917086659762,2.632323957729589,7.95907317500504,20.991148609551693,0.47002139338545235,916.6596959720181,2.485234988933816
2019-08-12,20.940013499486515,19.836564017076572,93.46300139789831,2.3392443594098404,17.244947473766278,14.496272536273006,0.4699771635112169,916.3898704140909,3.8612304612271364
2019-08-13,20.726964782264787,20.007799530043965,95.71148983003029,2.338163094614257,18.57032661418691,31.20489425417231,0.4663106437999861,916.7046451472227,4.108503219549324
2019-08-14,20.284576264640855,20.09575300092509,98.85159705993838,2.3600719252356206,35.75648668724649,73.6051989827223,0.46965082741948455,917.8293696374766,2.9079999665455314
2019-08-15,20.8976810850022,20.10877949806634,95.27874991655476,1.8694303366661522,17.448127029375872,48.546586616855635,0.4660443456399027,918.0976507770193,3.5708815332402106
2019-08-16,20.829458661985406,19.820418685161215,93.97727958467715,1.8597515607296904,16.669746579582146,46.188698055464926,0.4643325837163847,917.4240144863332,3.2999650500641806
2019-08-17,20.877631605953916,19.820897104634213,93.69284032318156,1.4003014086538212,10.586722838822313,13.101592101736172,0.4744320016131266,916.7722727599036,1.9668836564234224
2019-08-18,20.449542135704647,20.085347033563433,97.7858034552115,1.044493697194136,11.562760393525307,28.42531523124621,0.4758412923416187,917.6230997034043,1.8813478817186986
2019-08-19,21.48037194746746,20.081380423821187,91.76764226812938,1.0811280687069065,10.211486428175977,32.33524140986528,0.46325436657409164,917.845892484433,2.808277815196635
2019-08-20,21.151625397291724,20.484139362016855,95.9928501868227,1.2383390254051811,13.244292858891875,13.708244167033918,0.47533925462255333,917.633418283994,2.66183528914809
2019-08-21,20.958236088265423,20.142403009019628,95.11651324377941,1.6796358721604745,12.836853159947013,27.36196137800759,0.46256439505521885,917.474154437225,3.0590234347299887
2019-08-22,20.28187255081406,19.62614833534226,96.04216875363275,1.8054217091045708,15.777122956883149,15.642614439189916,0.46543247652030045,917.4117707795111,2.743378765979784
2019-08-23,20.639915391558898,19.42774268205017,92.80801343202691,2.1197693314420185,14.726874617853294,12.65131513813369,0.46744876840621247,917.822122014202,3.550138790857916
2019-08-24,20.370683030422512,19.64988532944129,95.67324199883554,2.0545209280102585,12.73552415036422,8.895029543822488,0.4745728490209506,917.5596614234516,2.9691102405766867
2019-08-25,20.3974185574397,19.645246617275863,95.48100609587847,1.9645763277322543,12.228625726584037,9.16631741642176,0.4718647556984007,916.7595778695413,3.3290469540391037
2019-08-26,20.94533672850681,19.594989789548233,92.03477797312048,2.139658686304866,9.483103035253547,7.46226506094179,0.47097527325627225,916.4713124651938,3.8418554198604227
2019-08-27,20.366704561157572,19.716221857523294,96.08433385980908,2.002824843149412,8.626754864522965,6.15140080566999,0.4732886196927192,916.1071793044063,2.29767328599299
2019-08-28,21.17737743251542,19.962946077046414,92.8264756235662,2.1644287263049597,10.719907787821366,10.290679572615183,0.46538629102217915,916.6240332723248,3.8653791552985344
2019-08-29,21.2032812950198,19.9076120261503,92.35818978702852,2.2265174824152987,10.84047825233689,5.749450014224454,0.4742953145943986,916.6150377096326,3.804548744291241
2019-08-30,21.16662829015582,19.77952880605914,91.83921308533287,2.3470874511687763,8.20739342246186,7.631105295596945,0.46372609461361564,915.3264663108255,3.9254268883511907
2019-08-31,20.849241595563672,19.807116308797255,93.80448944876012,2.1221967735369955,9.158987806852661,9.722279147797083,0.46753617474325615,914.5427353121055,3.1971233187715278
2019-09-01,20.532688997560772,19.884780798637102,96.10799245658815,2.0234006335130843,22.195753095536375,26.114572847833116,0.4683872492040416,916.0581181893417,3.7829173965544185
2019-09-02,20.308401947191456,19.940493275721202,97.76833495949121,1.9086908747878968,25.23115714551349,34.93134212038567,0.46878586829283236,917.0171688244657,3.338674859722503
2019-09-03,20.41230861345747,19.937783971415033,97.13857057530313,2.2314184333284177,19.39061068419913,21.289703570437652,0.47010454446776706,916.3754646829584,3.4691669855548803
2019-09-04,20.43619066187053,19.970260921313752,97.18740537528144,2.740113355843552,25.260322688562873,27.398731069012005,0.4702211157968023,915.7797865546883,3.9605510263677033
2019-09-05,20.819923163722176,20.04931331792315,95.39180395491388,2.8937034545560603,18.573520339849022,18.616363856658605,0.47083997405948413,915.9248927245889,4.333477692644446
2019-09-06,21.021103301115872,19.883703438069208,93.26818986396046,3.1755771120126766,14.007578556276485,9.85420082781306,0.47553820338452313,916.1821570057227,4.748884963412716
2019-09-07,20.89376426067077,19.89527440133192,94.05558526807854,2.946797958976939,16.0580289924951,10.177205797782321,0.4713486180893538,916.9979729063073,4.731034928047928
2019-09-08,21.047501645932666,20.115536862135396,94.46545453677497,2.8964911660459203,20.895921050817343,24.055298575548775,0.46407292329363536,917.7883989519046,4.850814583623225
2019-09-09,21.067174816897133,19.82000340063481,92.64088400051072,2.3822293828901997,10.352618208554,7.5913997336334464,0.46965305042526906,917.1647524652044,4.230733465535092
2019-09-10,21.511576431889193,20.01208403422849,91.21731442869975,2.073951801070309,6.1817789914879935,2.9063359200602474,0.4720165126539894,917.0097696477833,3.8644105448386594
2019-09-11,21.258030230369837,19.977793280243333,92.44782478667582,1.8944245846793377,7.992774812990322,7.233370481369502,0.4562567502721486,918.3291491125831,3.8012847575188533
2019-09-12,21.208653897975807,19.912376348178537,92.35011846952492,1.7590496828446116,8.346043211625528,9.645855222302984,0.45908046494881094,919.2789015730991,3.568803515963008
2019-09-13,21.725243466016828,19.882354815634354,89.29498304422249,1.6224174694800693,3.981078422375849,2.6202211451583333,0.4631149228113552,919.2006701121468,3.519360694370245
2019-09-14,21.91764964044254,19.92059092850769,88.464950167952,1.464224173225204,2.2372191951762304,0.846650123275127,0.4601803166564948,918.7198391181073,3.031297517001031
2019-09-15,21.782005643414248,19.982309056145187,89.53303383483616,1.552561192690832,5.986205391351466,3.5498250711089887,0.4628872402381772,918.3390570093911,3.263096055864724
2019-09-16,21.295854311545785,20.1201911040613,93.0362402517541,1.5787897478076018,8.224737779488965,3.2041865573842503,0.4706371486262525,917.1570538626146,3.272645883043249
2019-09-17,21.568169185346754,20.13928036050058,91.60138407533127,1.5142239697336148,6.039548514367613,15.182763121113036,0.46206815534781326,916.130102853369,3.0970750487108956
2019-09-18,21.5760744058441,20.153382007584103,91.64114704420992,1.368011153630214,9.58190981535907,37.02248618957881,0.4620074215639286,916.3211422945741,3.036313287948997
2019-09-19,21.840142980716884,20.09542128261887,89.85239201812506,1.6215620993782138,3.4250957664496777,3.453829979346099,0.46364851313288935,916.7904779040775,3.4482534118498904
2019-09-20,22.077189712811588,19.976433934475725,87.91201760940608,1.4851006183909399,2.453528375948539,0.9401261148477893,0.46088190192647366,916.7208386497234,3.601302254246682
2019-09-21,22.576796928948173,19.647065910163267,83.54954377061713,1.2195150508159718,1.7104230967929441,0.5591424375854886,0.4527295790917451,916.1669936746412,3.649771855660113
2019-09-22,22.745989479600887,19.553112302656295,82.21668672404756,0.8967559107813035,1.2219725823756777,0.3591276362309988,0.4449264981868736,916.8278978422306,3.649498467039699
2019-09-23,22.497121023389173,19.86597828086166,85.10160835901577,0.792891178082432,4.130446644673067,0.5502485276223161,0.44296855218134784,917.0738753787803,3.053924668014138
2019-09-24,21.96306681821447,20.003395913376803,88.67112235246417,0.5712772816315355,7.839841442397665,4.177135637823866,0.47077957746981364,916.2268677025049,3.367783860044313
2019-09-25,21.07484509602541,20.190402664244367,94.71313292562384,0.586007045018608,14.608437278459865,24.41170956260845,0.465548886028345,917.0084356509184,2.2835767887913003
2019-09-26,20.9000523237954,19.893092950137532,93.9995423714973,1.3633303039246074,4.830673064049061,5.98422220887395,0.4656745314199757,920.1603970830947,2.5078913968248298
2019-09-27,22.297203384867093,19.281961865891592,83.0744831452777,0.6147265790433952,2.9315146302403456,3.141483240905191,0.455115494807021,921.3036347819776,3.9009152148539172
2019-09-28,22.23125264352061,19.3790946871078,83.91573544058781,0.19340836788135704,3.2107382326923055,1.307631359371341,0.4565162537087583,920.120455808681,3.7426931690413943
2019-09-29,22.908942578550125,19.328807354475213,80.29881027919572,0.4780763887052921,0.9457843721785129,0.36631480695492846,0.4491229441352999,919.8552521576867,3.98935445180129
2019-09-30,22.269708630756377,19.577202567141462,84.7716217689635,0.4198809619201513,5.315416751884206,5.0083904293519135,0.45044563631310536,919.7089050636627,3.7171624932253136
2019-10-01,21.982768571058617,19.747850237560435,87.1684947426041,0.34036882388754847,7.982838813633318,17.482119282210306,0.44932007792358886,919.876606003108,3.7060991206027922
2019-10-02,22.197508359166914,19.903204429082344,86.8788403494514,0.5375938774921014,8.301314782793344,10.734661845510725,0.4543841855337428,919.466634768138,3.7175724318272256
2019-10-03,22.125825495067403,20.08599619146969,88.24125792812913,0.20432843621599506,13.626673296331756,22.554394957834923,0.45726350099437807,919.2333716768294,3.653123149497434
2019-10-04,21.549082367723397,19.878440422353783,90.23545407581676,0.18886709961425519,11.383395402960849,39.19761403639657,0.44927061066061785,918.7205265519829,3.3091137187624318
2019-10-05,21.620374096863383,19.675011506490687,88.70929247700568,0.1367695695212216,13.49789458580298,38.42044787957657,0.4592284150454527,918.0179963616982,3.630266240378901
2019-10-06,21.967307015753185,19.74258565374175,87.22086475034942,0.20980148611876315,8.534067481746602,27.275764182173912,0.4532908322317843,918.2687929847654,3.8362240992028904
2019-10-07,21.612507693624806,20.147104452201845,91.39016405995025,0.2630377851095609,11.161858532914703,40.76485745505789,0.45459913992271006,918.8189042989001,2.8890097119546816
2019-10-08,21.691922839345295,19.784829936002097,88.93176940022096,0.21753382160990878,9.8192177179799,33.928407909850165,0.4524009462993815,918.2560741999965,3.3564261821912984
2019-10-09,21.754538059846322,19.788428936582644,88.60797115043847,0.27334680310372417,8.074114953602368,20.87108347801442,0.4519807878771093,917.8323171052253,3.4203972252819144
2019-10-10,21.864085243020885,20.11392601739292,89.81476210141331,0.18425240518319966,14.228054960326709,46.22028322821939,0.45835259552535235,918.1904045079252,3.380208871018188
2019-10-11,21.696710452168336,19.824486472653657,89.12434140329867,0.40148924349325543,12.103518667826695,23.605337738389863,0.45812478512164995,917.8310888253676,3.3605723856535286
2019-10-12,21.626191165746956,19.93425561034856,90.12108175922096,0.42980645348862984,8.579015483184286,17.140207383603542,0.4552630414133884,918.1237609709037,3.2794999605986237
2019-10-13,21.786087733787152,19.851606551101987,88.83127969709355,0.4273068404130997,8.647340268801782,9.877465333116126,0.4630081120204709,918.8955877158811,3.6638843681977047
2019-10-14,23.243764094923293,20.08652854414267,82.46204636235481,1.2567872003791636,2.954803214723915,1.2676695732803078,0.4566904342627341,918.2088823529674,4.163866627436446
2019-10-15,22.281919562558876,20.24249571548126,88.24967246584576,1.246700563214142,8.889726358165815,15.436213854359089,0.4582798828858726,918.1392037561259,3.7126108301799814
2019-10-16,22.11831734760544,20.192581642339317,88.86253554485593,1.4264337870692807,13.697392912152718,34.581928180002926,0.457959438572603,917.8491903857292,3.7850511499304673
2019-10-17,21.575295032952933,20.162527955253726,91.69107637509971,1.2591252185228654,14.764635633492977,32.5456058577747,0.4601342840422159,917.7812871260279,2.902319154017826
2019-10-18,21.232891020320874,20.108202992217418,93.31781080836922,0.3030058636750222,12.848670133502996,25.713986455870522,0.4624494968043195,918.0479667919615,2.697307192070724
2019-10-19,21.64647750552683,20.046720710139365,90.65422364292799,0.5451567266148131,17.364232541361822,34.17030291771103,0.46249838527704784,918.2515226297926,3.06819542941564
2019-10-20,21.62803989642914,20.231848589352193,91.78606599651943,0.28249546974822426,31.114260411901057,61.520911814664885,0.46351879152251896,918.3683123269436,3.44341278438013
2019-10-21,20.468263581017325,20.222557188200298,98.5016320665078,0.5651804428253999,24.181153456562328,70.95053304801895,0.4697718243218558,917.7162497875245,1.5204507077005702
2019-10-22,20.61409981950993,19.72674248630141,94.66765245178912,1.0009163003094255,11.429097733321576,16.52335055867367,0.46911911411888285,917.2043867904251,2.3364853339235627
2019-10-23,20.678962321068465,19.604482485097286,93.59279837512261,1.362316651949297,28.273180163142726,38.41087273027485,0.4629666770562627,916.6582630856824,2.7894412605936445
2019-10-24,19.98348979512617,19.361710467168084,96.23007405529738,2.2134641711822303,31.12217696879999,50.92815964253407,0.462549696229783,917.4255860475819,2.8585591438785585
2019-10-25,19.542133947493245,19.309391484013524,98.57692798021002,2.2211771375846183,36.77769694670091,73.43446993596207,0.46618861011514345,917.2346395622841,2.4624233293871898
2019-10-26,19.601045929129736,19.100176268330472,96.96009948445761,1.550852701952501,32.37695936021312,42.71406202655067,0.46474058937494417,918.1693652349372,2.487869118246419
2019-10-27,19.99796010507584,18.945016974185346,93.69284892419815,0.4430315879404237,10.18205420537428,16.133101794172067,0.45963269896774095,918.7716895879618,2.340228215906426
2019-10-28,21.375285113172378,19.235148733741003,87.61914864667881,1.5217405838571385,7.9731895133195865,13.813375200385634,0.45532282756652026,918.225172397581,3.5114448744194577
2019-10-29,21.222791504848033,18.880984808288208,86.51848823960779,2.3686852952208555,5.064816258714829,4.631670464874551,0.4620233339369103,917.7239511365437,3.8177585707869466
2019-10-30,20.45923785008095,19.668471578554172,95.22992722857619,2.2510752416569813,16.772785117002186,39.442529292569645,0.4658139469794157,916.3869182038046,2.3840353353654455
2019-10-31,19.65886041275181,19.08736200128628,96.52857101038668,1.6110784781064789,10.45889843923593,15.329860377876916,0.4646342448541387,917.4099133109029,2.684270534057031
2019-11-01,20.813485125137962,17.93154082727739,83.59640081558376,0.5939607375088419,0.2625908477959724,0.8560203479158466,0.4526448256226735,918.1398855279868,3.4037518663444972
2019-11-02,21.728377174257023,18.57155003643451,82.26649166578738,0.3651328525570621,0.9491049858100511,0.2159019368785993,0.44436163253423766,919.3685660317828,3.57876191099629
2019-11-03,21.87492335476618,19.180705993007138,84.71152006413915,0.5633621796454948,2.5083417158094417,1.3135103209441892,0.44575620927344384,920.3109839132547,3.42583596648015
2019-11-04,22.137333268661802,18.877497664178126,81.80689753775768,0.7784530189249226,1.0860979729423237,0.6632461477732493,0.4397553427316363,920.2620894583682,3.750235613627373
2019-11-05,22.59347564042951,19.4937037221416,82.67705300958244,0.569953171509428,3.7722619145785465,0.7195453889095393,0.4353143940571885,918.6281872247758,3.807275237646269
2019-11-06,21.391530568474185,19.459028478406275,88.79147484206038,0.4587396696184814,6.723934419900401,3.8114328069138295,0.4520870512310257,917.5760436247049,3.475608062915488
2019-11-07,21.491662352690497,19.65479657628478,89.30196659619676,0.36273621451372784,6.797353773433528,5.401256652502766,0.457672056580586,917.5197664825912,3.438258178442843
2019-11-08,21.73283096121843,19.610504824896285,87.75739336764767,0.23630626290771453,4.597812426991979,2.081140806924872,0.4598202292772739,918.4020872664756,3.1706285047540055
2019-11-09,21.795714657833305,19.534087071435447,87.03236259487406,0.6008147977255699,4.187845683077088,3.20157794656773,0.4623301148886191,918.4080348554083,3.415755416671277
2019-11-10,21.52187891220011,19.640025008687637,89.08592856011829,0.5560839593346424,12.838612720808806,30.914933467181903,0.4629404202270155,918.1878313968238,3.253983583840848
2019-11-11,21.364861906784,19.318642772972435,88.16661129951459,0.7495656862260313,5.74569465664865,15.984152594044922,0.4580863816088811,918.199669455704,3.293719968085383
2019-11-12,21.80589699649765,18.073121049112334,79.41819377639122,1.5693094363540487,0.557311008469209,1.2089679244511247,0.4480332797512315,918.6629306315442,3.838229076173883
2019-11-13,22.068859204701333,16.835804024171978,72.23206225476615,2.0692987216976184,0.0010081075937987773,0.016990059889919095,0.43422661636375387,918.9648522495856,4.178544132141751
2019-11-14,22.130805641391472,18.101880855921472,77.95446030647156,1.842056761170057,0.06266493207171481,0.007546637200831213,0.4228643619616322,919.0172701402468,3.640821020308075
2019-11-15,21.97699809966105,19.590461975820272,86.3488230512218,1.3511888624503257,9.957847553390637,6.361883441622609,0.44153734924982135,918.9188034975239,3.0674760630464797
2019-11-16,21.743671367246918,19.52356930452271,87.21681638756849,1.320278347467494,5.611127330207082,3.6789007926590913,0.456135517414408,919.143439132855,3.624572766950561
2019-11-17,22.35411630514679,18.054522381538725,76.69447792421029,1.7150823456750972,0.13318327323113233,0.29917738353935497,0.44370644300513346,919.2528300602717,4.1325285500455236
2019-11-18,22.559304021269888,19.067718367377548,80.67388865589655,1.8169147715525387,0.9690718704935236,0.15463756002689205,0.4332500175291176,918.9856343929955,3.2856176613856527
2019-11-19,22.491764636302932,19.181340379125643,81.60613611610331,1.3495419476973487,1.0653962128474725,0.37321021274094446,0.42999367740116995,918.7761794706738,3.462166304691813
2019-11-20,21.954400508326987,19.52645591306273,86.1191624503107,1.6482927484253127,8.568428215555832,9.22017715727971,0.44279518285672875,918.1349507551753,3.309110553617754
2019-11-21,22.47951562169943,19.133041295658405,81.39992330103661,2.162555319873598,1.4076629672963816,1.0717645695711804,0.4431748117504844,919.1893206251935,3.6232136993671435
2019-11-22,22.1331333434522,18.590118288181642,80.36498758543036,2.2647512641073972,0.6756772728581405,0.1714338333544361,0.4345655655555976,920.0326431734688,3.3445707947807257
2019-11-23,22.300077532678056,17.304645076938826,73.3847012330997,2.198761936366422,0.017266553505917333,0.011710151094268961,0.4211744853564477,919.4079230786281,4.020652373082378
2019-11-24,22.286598096020434,17.31504138763837,73.48508879746684,1.9754504558724122,0.0030015578724329017,9.577919232541754E-4,0.4085858914921459,918.8389104779449,3.8668998414188063
2019-11-25,22.220306866680957,17.57933156635832,75.01879977246882,2.3347484944069787,0.048155391705899116,0.012175566217964978,0.3982775676780184,918.3864927991974,3.5822383487694336
2019-11-26,22.114244116730298,16.288749426533975,69.60052801098806,2.416794943412874,0.005372140742430614,0.0015697210747287187,0.3880905348130963,917.4304777081053,3.958645043760514
2019-11-27,22.36470567480772,18.345298540555127,78.04882269763534,2.6703534920516443,0.4745964069934,0.0802376374614336,0.3825026946293619,917.8394611469372,3.029759251429424
2019-11-28,22.549793475451757,18.702386319308125,78.9331402619025,2.6832878834073015,0.1839691667272658,0.03313016146850662,0.37749624437289003,918.2250762712303,2.7192859778547493
2019-11-29,22.472551808916013,18.785195288314046,79.69835156304376,2.481667003239492,0.8448600551687682,0.1369125976676091,0.3750614629672888,918.6361849520933,2.8122144738695756
2019-11-30,22.536459674755374,18.955210697604695,80.28886868424594,2.5703908269610087,2.719421264611297,0.2136100153339487,0.3762317980819663,918.1501271821037,2.758089655900601
2019-12-01,20.736534233633908,20.087948645744014,96.09153812669427,1.6055421173436046,31.3308936828626,28.481933702912723,0.4419422674166257,918.3239384517706,2.0226158563535677
2019-12-02,21.053091525617617,19.518051268302912,90.95337197774087,2.0812978394484922,2.667747589512637,3.7087070957291495,0.457764002036704,918.495923468173,2.374772298344957
2019-12-03,20.35923809252675,18.46230209426188,88.88421056396477,2.6342799633592766,4.591457439388907,1.9221588596229466,0.4657337743116926,918.789434146224,2.587169473397386
2019-12-04,21.653622005108254,17.119547184569363,75.46570492154021,3.004824786018805,0.021195845089944237,0.11475718391217697,0.44803745750183743,919.9038081672984,3.506828567779535
2019-12-05,21.114192875150362,15.92516512698824,72.29582691252067,2.724089463530261,0.04111456491936459,9.550522531709277E-4,0.43255345903884407,920.6976823306734,3.8436129808328032
2019-12-06,21.41790189717039,16.35980520455361,72.9511095111405,2.839339695657442,0.13001494582642445,0.023971630988108394,0.4209288877564904,919.7680589467255,3.753814637778589
2019-12-07,21.559781794484504,17.32399568270214,76.87110284769409,2.1067612462119247,0.07048979794763448,0.014079113801320394,0.4105708189684936,919.7023445410167,3.3857062935866935
2019-12-08,21.46371764553608,17.919874412778974,80.28210175189528,2.281991393208172,0.559482074907428,0.09489695138406035,0.4052478959356469,920.1694051484654,2.914801505124401
2019-12-09,20.94442887846656,15.81715192087522,72.54796936990549,2.4111542220215054,0.0019817166393639473,0.006828108582027991,0.3970603736291104,919.656371671616,3.54421742862237
2019-12-10,20.76925469489447,15.56673181842001,72.15499961542889,1.980103031467514,0.00680618220752444,0.0011750554548099386,0.3872614495466806,918.7258865169263,3.4711605018606337
2019-12-11,21.547795638337778,16.990794184395014,75.31228771729211,1.0243569068630045,0.016259646387593776,0.0018354825935601115,0.3789162007822035,918.3054577999126,3.1464866558133844
2019-12-12,21.415528512729033,17.05986826410584,76.25291956448852,1.0489569442673603,0.08206497394454691,0.017658585103264967,0.3720791571269492,918.3187709099969,2.95704319742191
2019-12-13,21.474080896331806,16.49250057728999,73.30303572115298,1.592893890306106,0.008431724603509504,0.0027596843438030924,0.3651505668175112,919.5845887802468,3.1753628938464766
2019-12-14,20.955954087924724,18.818543276065444,87.69543987636948,1.9711706862149714,5.273988188726152,1.0437798344121645,0.3850672333939273,920.5858317571133,2.217114554712342
2019-12-15,21.82672134975496,16.70801587026233,72.73146776801936,2.125615473878915,0.07411907616845967,0.09918075172063844,0.39251632864777325,919.3929006923663,3.457745049126907
2019-12-16,21.24115676619096,15.568955328201085,70.14275209499475,2.152919337228506,0.025310752937363117,0.005025572315938378,0.37846867073130286,919.4054854453667,3.334964129883636
2019-12-17,21.12714414560298,16.668049551169048,75.78068178766287,2.7289700529591956,0.3252039627966489,0.0494315298296694,0.37036994053260114,919.8843893525091,2.5659370942075395
2019-12-18,21.625567223199155,15.951951113731397,70.24580583214133,2.6639006289584173,0.054495308060720615,0.0035735279637584072,0.36106698203618864,919.9207735193022,3.222222614963423
2019-12-19,21.545215373635013,16.556259720189143,73.3467602607372,2.6831363049800427,0.047812687525181655,0.007786753493316002,0.3531523746027945,918.9937673082264,2.742539779762234
2019-12-20,21.387162981188272,16.279330400998102,72.76439458028692,1.599488094587382,0.030170371523797267,0.001388758091295297,0.3456094228814319,919.153517601229,2.8502564211535364
2019-12-21,21.612841306753015,16.450183896948488,72.57374199756634,2.009250204815851,0.004222040311547656,9.485160405493811E-4,0.3386467588146091,918.5082110344173,2.862079247363579
2019-12-22,22.06769769970906,16.539924777147032,70.94143829702115,1.715399516122716,0.02525344674785252,0.00423186238988614,0.3320766368686785,918.7965924440534,2.8235925970377354
2019-12-23,21.857976777314498,16.521697199241636,71.7760331787511,1.5932709354766932,0.07692916675679268,0.014826786517753538,0.3269581563068836,918.9811048774941,2.3782823018249797
2019-12-24,21.968428684944776,17.84001432020976,77.44222874964585,1.016108488042054,0.7777258072158735,0.14141661796715832,0.3262400006114298,919.8873019969552,2.500228994693476
2019-12-25,22.256443752103205,18.40829386903967,78.86591199265054,1.4814994990964856,0.48473270691501463,0.07391409410427953,0.3256850130717253,919.8204563709068,2.319219096703579
2019-12-26,21.833685619505037,19.145165878857345,84.72021079172244,0.6370319890700399,4.118391530815119,1.0190725048396814,0.34648119152913126,919.4885046531587,2.4047767032448197
2019-12-27,22.89146522070429,19.03032712043055,78.89438259420513,1.1884593396987027,0.9725074950959849,0.2411171907254497,0.35860139801603236,918.1902962556517,2.959830874882133
2019-12-28,22.78858267546077,18.149149255862103,75.15422070050167,1.41853070968467,0.6936965740795735,0.12511097071583965,0.352973514938838,918.6074150752187,2.734330071363633
2019-12-29,21.867512537905025,16.6301921174343,72.18673342602939,1.5900449725334458,0.10989974648743239,0.029181294303732064,0.34570670440119416,919.1039333821743,2.544714655778226
2019-12-30,21.863909322726432,17.295956941802352,75.31090602231076,0.5795605594787471,0.500110922295199,0.06859082563799886,0.3384425555954157,919.3895484391425,2.615090978632003
2019-12-31,21.19898981070262,18.019104427878737,82.11075897219345,0.6736867724946722,3.2362800843781145,0.4699814812281203,0.34973779361808505,919.8259220196632,2.5083519688350617
2020-01-01,21.58483221960467,17.272820468988616,76.50100650700142,1.1191589653469824,0.2586046390517725,0.07740061814704788,0.3536313933042739,920.9588769791919,2.644696611465087
2020-01-02,21.683473541442048,18.215428566561847,80.70068569391302,0.593849852945247,0.9053557381965548,0.15418117955843827,0.3491088686100361,921.6927466291957,2.2740733229986243
2020-01-03,22.496228394631263,18.148670690171496,76.49034287049668,0.18121987657835978,0.23562853977471765,0.05249217859108694,0.3427720286537847,920.5928384700284,2.605594780353175
2020-01-04,22.11171643256814,17.388744552520908,74.65937509169021,0.5095949096181418,0.24301791797977712,0.04868855675645298,0.3357143194787067,919.2239608862279,2.499511547842488
2020-01-05,22.152766093159503,16.53296735991888,70.5271858175799,0.8332764486661882,0.01880909097261976,0.0050124757464875104,0.3278085658291763,918.986733489016,2.5189715829371084
2020-01-06,22.539376925773826,16.772794697475828,69.94401166123376,2.0801969194869376,0.05352527617461498,0.007360851814297986,0.32015083584911996,920.5047308581449,2.6536767503738354
2020-01-07,21.938882762971815,15.533091747443507,67.02354676470962,1.9343173273796765,0.013683815817773058,0.0020549004322950397,0.3127917105753163,920.3039013690628,2.626570237701541
2020-01-08,21.88021491141155,16.681839123871796,72.38463803970045,0.29876658874525264,0.07305752779154859,0.011049488522666072,0.30657610105938005,919.9019471961249,2.3779982168912923
2020-01-09,22.268864245238394,17.14280122857393,72.80890675912426,0.5463198016132331,0.03637880351162598,0.007855530898202082,0.30115513084222034,919.4663912947568,2.485370081678241
2020-01-10,22.136714097525672,15.622952575894594,66.63125123242548,1.5438218342173058,0.004530969420423264,0.0010744545890763273,0.2957613228167441,919.6201252415055,2.4850942071701927
2020-01-11,21.092144389906526,12.026178676712048,56.24091618394105,2.037024394508583,0.0012020613413992146,1.6286051490364817E-4,0.29044262148769245,920.223459919268,2.641969935043313
2020-01-12,20.950984362169205,13.12961742406839,61.02058035650579,1.1824093833329767,0.0,4.237362118494758E-6,0.2854239272646407,919.7168829921194,2.5114530938048554
2020-01-13,21.68922823386457,15.564950947212692,68.2302501145705,0.20984833964672991,8.70227722771233E-4,3.8999012090984285E-5,0.28123066469917657,918.7476133657526,2.3553829405361064
2020-01-14,21.8862081494379,16.324235858309965,70.7478629976806,0.2316221394211587,0.0025876581510896985,3.714340631966493E-4,0.27757584107802596,918.4658492183672,2.274516832887411
2020-01-15,21.671387841724687,15.8297882744211,69.47763903542506,0.36618068794670056,0.08186960776002404,0.009326002002449155,0.27450022269088287,918.7464056663954,2.2652939637805924
2020-01-16,21.40264318400039,16.39492140536019,73.22442461557654,0.2379321318567014,0.11794217862901271,0.021942693841857062,0.27277257396048815,918.9116538718115,1.9402757546924427
2020-01-17,21.321024204656638,15.412621007084883,69.12245616463225,0.6361448632275908,0.11986265833458294,0.022571153727588954,0.27124841897156243,919.1220559056055,1.9570772137665868
2020-01-18,22.06425282853072,15.309072860607621,65.56570014241166,1.3584573623488971,0.004633273560842411,0.0013956687000987575,0.2688697102606724,919.0440950736495,2.182010615525438
2020-01-19,22.577460227913882,16.761555095985724,69.73654441008138,1.333825496485467,0.41459321498473556,0.05803850026264045,0.26873881414783896,919.9973907502347,1.9431410153257036
2020-01-20,22.92680498933301,15.179349025180295,61.734158956431855,1.193514025959527,0.030286264848619602,0.006529440868764803,0.2670412200219795,920.5746749918835,2.266832038988536
2020-01-21,22.85115138989843,13.293350878042794,54.8839039053132,1.9952287730054525,0.0011022905907106572,1.7429070478760841E-4,0.2642052149348678,921.0638413236154,2.331063664075223
2020-01-22,23.09152347031255,14.209264317885511,57.41967078318413,2.1330103152005484,0.0021281070985423867,4.810899726145963E-5,0.26150424459285765,920.7059319388782,2.3018437442971216
2020-01-23,22.76206866533668,14.338521833200428,59.10045909649054,2.3102523661446224,0.007874434109775721,7.863549565181078E-4,0.25931177682470374,920.2681015517355,2.17087888367571
2020-01-24,22.597977264796384,11.302213854642694,48.916568822355345,1.8328176197354427,0.0,4.5199673878238664E-5,0.25717400022927855,920.442537734574,2.288795417656078
2020-01-25,21.816639707260364,11.450103811674364,51.81266687831239,1.3615171160760087,0.0,0.0,0.2552112957050107,920.3452493521837,2.1677631731363456
2020-01-26,22.3663666679411,12.36217125291472,53.29490913957532,0.35780298556111917,0.08090814909768165,0.002367820095831875,0.25353616121915296,919.6958879586842,2.13114427236718
2020-01-27,23.021173141634225,17.107228596023603,69.49770678569384,0.7503696260372662,0.5978165521086403,0.05949317236308719,0.2543074774175313,919.5349910780885,2.1024585620722602
2020-01-28,22.749693236307262,17.397457246721448,71.83459331719304,1.077108447247848,0.06317578615778785,0.014816836314152457,0.2555731182096192,920.2627616343224,1.984427624250841
2020-01-29,23.144014585802466,16.904683918840696,67.99656327047327,0.5009105890078805,0.08717866842086329,0.009083590615226974,0.2543599367938375,920.5361915650911,1.970813683701909
2020-01-30,23.06190277693273,16.565145458021178,66.90751687880221,0.6688279338346733,0.001564278741304583,7.373765531615295E-4,0.2529665917694951,919.6761250244166,1.908557115762014
2020-01-31,23.0682558123205,16.043488518479442,64.72738753775012,0.3234235571446164,0.013035668943163659,0.0020400786787178778,0.25153127035091255,918.466571521492,1.8942317295390723
2020-02-01,22.52755925326176,16.10914884594294,67.14849447508934,0.2611315530038487,0.07255187065457135,0.011747413440321514,0.25057904333976166,919.232125579779,1.7938087678787302
2020-02-02,22.23747541183894,15.74163899970193,66.79625059489813,0.5427987475617484,0.260251383591926,0.04219986390619045,0.2508663246057208,921.0266909997144,1.8294831932746523
2020-02-03,22.31287124845646,14.148156585690453,60.016972729285875,0.8312939104936476,0.0037312338916345882,0.002752831144560343,0.2501305197270257,920.5846205838835,1.9720712466750674
2020-02-04,22.019507108901475,14.32512214161925,61.88753785161103,0.7044092304197518,0.02532721954205292,0.0034678512343971368,0.24895887063176556,919.4444923718454,1.8817777612900823
2020-02-05,22.341394423237105,15.291596013790848,64.43803010851154,0.2944863111420548,0.004239705270560448,4.6638539892584097E-4,0.2479168150965856,919.9694574200819,1.843661940134551
2020-02-06,22.690912404540022,16.97572531816063,70.21070087769775,0.5173711615363173,0.055762204326282185,0.005038106486309451,0.2473257916558882,919.8410587093456,1.6058500244937082
2020-02-07,22.04792514208685,16.86772970636262,72.48106333227372,0.8834378040109984,0.02330341074293365,0.003079623962577716,0.24666688068353404,920.6154788503726,1.59988021846122
2020-02-08,21.830460066168484,14.180059164180363,61.831302398574636,0.9987229755852389,0.0010215094368714445,2.660799004512662E-4,0.2457604406615915,920.6786069724316,1.8616370281164014
2020-02-09,22.187980810130924,13.63903252055544,58.43338601559825,0.6278764643217495,0.0,3.408089062079456E-6,0.24485978539209688,920.06388932903,1.8571805505519607
2020-02-10,23.274396185023907,14.219520597021672,56.80543861543075,1.7243308099585908,0.0016429221277097386,1.699902458061256E-4,0.2440996817254652,919.7118139465588,1.8067144017152785
2020-02-11,23.194227929175195,12.29537167549685,50.363581325763086,2.48943558854677,0.002813135847581568,1.1495819206075161E-4,0.2433804591396059,920.2231463745177,1.911319744840706
2020-02-12,23.31728414049183,12.790779917058027,51.650870295286815,2.0110428159637093,0.00930037815252246,6.445730861560966E-4,0.24276629009613834,921.5214187853086,1.8843034790320825
2020-02-13,23.326649042217376,14.385981896149175,57.26654532228199,1.398125473913645,0.007752394783344395,8.194473296187553E-4,0.24222314405831366,920.868419516277,1.8055647687162582
2020-02-14,23.15807902526624,15.719111241926969,63.092652864312946,0.407806397231969,0.014613808911904004,0.0019376016470786816,0.24174874058818063,919.7006756110068,1.718362982831582
2020-02-15,23.620587430844775,15.630887488455922,61.010389680828915,0.5227135130330532,0.0032716666035001413,3.1638741561901957E-4,0.24128334429854045,919.5992112959143,1.790441612369977
2020-02-16,23.481722901545737,13.48732217307484,53.906874842246054,1.045051960696841,0.0051450006288735785,3.5844963017745096E-4,0.24084902437856703,920.3889688374658,1.8466186015099983
2020-02-17,23.19956308518633,7.9033656947975635,37.6248029209759,1.8328000037513423,8.52346317969932E-4,4.8698759776736365E-5,0.24039103434776918,920.9132841132629,1.9112042536518448
2020-02-18,23.01990189915472,10.585905667532945,45.479949936542134,1.4003075499396873,3.298377781945008E-5,2.4517638189669836E-6,0.23995797778895564,920.6910909443096,1.8185573463815468
2020-02-19,23.072185003980465,11.789878455833566,49.209237234501735,1.2196650572283676,0.0017665139399835252,1.4519918787684054E-4,0.23960323804771907,919.8435195463276,1.7861934804325077
2020-02-20,23.042948578167458,10.89156449066632,46.44638539379407,1.5447653165799535,2.45427052427209E-4,1.8707576030437148E-5,0.23927941607839243,919.7877270002407,1.7856538126414474
2020-02-21,23.27722636807163,9.512182832719306,41.69132650489418,1.8108738337960657,8.523463748133508E-4,2.3587066768185168E-5,0.23897763604726244,921.2647014723792,1.7980692522075128
2020-02-22,23.842330826001422,11.339975696491512,45.52234446034996,2.0913502272166222,0.0035058106340829956,3.7562420997549296E-4,0.23871273017769315,921.6231013430107,1.7591534234580803
2020-02-23,23.722450497474867,12.778499781545639,50.3456952228156,1.7732103787338298,0.002852566722258596,2.5949593595211816E-4,0.2384897094262416,920.70668263084,1.6875328180184972
2020-02-24,23.763024324066325,13.627092062759003,53.08798893994949,1.1236056055229724,0.0025717307039485604,1.7002673038676497E-4,0.23827597532430933,919.0486286288127,1.661278179741864
2020-02-25,23.860079921287742,15.26389829747922,58.90417463688565,0.2854929581565017,0.07940537017476638,0.01079926997172501,0.2383794828865363,918.2957308364662,1.6270713242821833
2020-02-26,24.30361485514046,16.485541381276292,61.930902205955064,0.4327561840078734,0.48860643420021244,0.012922885892426642,0.23876679406516063,918.4181934441402,1.5668226812673964
2020-02-27,24.1160303624603,16.64791363824802,63.740597636410506,0.8453782504426954,3.2789862599566804,0.6436206488815895,0.26077865853756294,918.5886471571329,2.4655410300531213
2020-02-28,24.351714357432606,16.321687368026765,61.11054432893456,0.8244116473577963,1.0224610033824066,0.07420181708719642,0.26713640328975863,917.773008909759,1.9301579502636639
2020-02-29,23.953974561782513,17.739165950818688,68.41911750701315,0.29333588731606963,2.3626141091460298,0.10740801156329483,0.27377055353084884,918.0255958861578,2.093329263359792
2020-03-01,23.42726946282546,18.688596634964263,74.9939834522652,0.2573485433517101,4.9083066128339645,0.8743970059025791,0.31390834287797337,918.4061466543553,2.7765264546408313
2020-03-02,22.42147971495107,19.51837071019047,83.69266072759872,0.5278014028515091,4.381254938173061,0.5758179155099925,0.3442701092191969,919.4273815391465,2.6547493484342937
2020-03-03,22.79163380042061,19.77042253346801,83.1300030509867,0.823955893248263,2.6420280682847874,0.37035597624564753,0.34798345944159603,919.4882514931047,2.7136183782179226
2020-03-04,23.599766640066683,18.555427477105873,73.4072114358919,0.6414406407153646,0.5676804022630222,0.08716365413252887,0.3402915886022869,918.71874631834,2.354801570869375
2020-03-05,23.222187419984703,17.9038190286473,72.06895460920211,1.0755615046609335,0.5789187484958339,0.06432177312006829,0.32862859051197457,918.2193301260207,2.316215264413822
2020-03-06,22.793835020367503,17.252098095920214,70.99163846431047,1.3323738394816635,0.5554380731635095,0.06415975883282031,0.31956337803761775,918.6542044299337,2.318124033369897
2020-03-07,22.928484052208393,17.619216764127557,72.0875692654577,0.995160231322869,0.6384730901859464,0.07651848172328345,0.3128518945048077,919.4635166995673,2.1782666522039906
2020-03-08,23.53767430142526,18.181658444326054,71.99415270774378,0.637267992196949,0.43172982509366664,0.06086562012991524,0.3068255595074511,918.9975953032657,2.052773596502789
2020-03-09,23.88438991963163,18.771311316321896,73.15635027585607,0.6285186321683871,0.46704199565322574,0.0652860275356296,0.3009853696348791,918.2794479040642,2.069188110201586
2020-03-10,24.216945360417206,18.82870977890861,71.96023815517462,0.6715927783321224,0.46930237462792823,0.06656185876754506,0.2959141363337388,918.4308357641438,2.1013453907973614
2020-03-11,23.973013780666196,18.786917609405155,72.80792494835065,0.9671576628971283,0.4309093008331558,0.05257313057860961,0.29120934838710605,919.2204770149812,2.1074988911133747
2020-03-12,24.284908090705663,18.024492735968423,68.19293559113385,0.4986687260621495,0.20707156791443745,0.038965306347698535,0.2857295180372495,919.727694083592,2.0842600449866477
2020-03-13,24.640100167029054,16.260127888911853,59.78655050764024,0.26116057263484943,0.028599206856530796,0.0061363130739199735,0.27899971650017336,919.4396687357622,2.1448844406585947
2020-03-14,24.892322683834347,16.252824663596737,58.82388428019873,0.2592361818072702,0.004058513124865122,8.383429085470753E-4,0.27262533107065595,918.4186403243461,2.0784576933069956
2020-03-15,25.08503613602931,16.750527062657664,60.02598320718146,0.21510328468526205,0.0812522599136435,0.009281220613557187,0.2674068498983219,918.3249756348836,1.9991647343520729
2020-03-16,25.377296056467983,17.299873425862856,61.15934620591484,0.4064778192808557,0.36524697710723564,0.05232707405985878,0.26457835252866374,919.4080788744217,2.0300505604706114
2020-03-17,25.51840901158532,14.136046895590036,49.81249823036171,1.35277886994465,0.01650316461818119,0.0063151907489546735,0.26154145697420694,920.1080633466391,1.9820623981013843
2020-03-18,25.424219866557518,13.825431851171928,48.81996957852653,0.5265236437080674,8.551529049327655E-4,1.7772798151419948E-4,0.25761874093755566,920.0074243491309,1.8998828739861846
2020-03-19,25.5410750567879,17.814941320585255,62.43883313792782,0.4886846160622469,0.3439284363811669,0.03317908020884311,0.2555309377260718,919.5958147620679,1.7616223384637906
2020-03-20,24.82089333081342,18.371517224880858,67.52960278190154,0.7530530643483013,0.526158356423744,0.06885420492832972,0.25659084939075766,919.7435054312358,1.8291861906532645
2020-03-21,25.368254183063684,15.172431733697358,53.51838071491118,0.44261997749863746,0.001715522500944644,0.004824830826725164,0.2551490702231496,919.0718153423716,1.7114151632970196
2020-03-22,24.580552103779777,17.071240324830683,63.18767734583169,0.8744382989349325,0.26960749926414884,0.04075100594559137,0.25358834112643286,919.2437743261091,1.7184598833023774
2020-03-23,24.822124767600165,17.87474254533875,65.4780594358198,0.4290901688262018,0.3141286796812934,0.04297284372275374,0.25339412231363256,918.7306113844974,1.6688552619302406
2020-03-24,25.144752761369663,19.32141745903896,70.25027377592836,0.45358066373839717,1.148238312828608,0.1419540106226928,0.25660735066321544,917.3339718839487,1.8591054285234643
2020-03-25,24.232187753841398,19.51971808845707,75.26586471001289,0.565101641734703,2.8871692814081413,0.3760159616578023,0.27244889220183405,917.8340441654019,2.243268683227385
2020-03-26,25.769845806388062,17.592467886109475,60.92010890804015,0.46252135457025156,0.4229409115176307,0.07085795033011022,0.276402902835735,918.0084181932275,2.2781890306095107
2020-03-27,25.532706158570583,18.076299328669798,63.77744081184336,0.27478545873620774,0.3144368555073586,0.0446701340994564,0.2730399738072515,919.4099326414918,2.0646277635041383
2020-03-28,25.858948946253733,17.607352246306743,60.87936471757728,0.305049630773504,0.6254659422960726,0.05593768366368797,0.26979678960129794,918.4122574534107,1.9914380313665698
2020-03-29,25.80812091680151,17.4142484141215,60.39568208053752,0.30706330233602663,0.2725408591018533,0.02915398634627662,0.26767411099951915,918.1815545026294,2.0482145176445195
2020-03-30,26.112945046021792,17.835124114270595,60.697340247610754,0.2656141007862969,0.47731959595907125,0.05938784631493043,0.26552794732984114,918.3852144246123,2.0195239640215203
2020-03-31,26.367963868148628,16.617546073602114,55.5788068924707,0.4146787484287067,0.21804170794876004,0.030335517492227262,0.2631687803532518,918.8264255727124,1.9399142603167032
2020-04-01,26.693272973769847,14.558330799358757,47.769052334215424,0.47412717276305566,0.016516131840484005,0.002911930957660791,0.25945578241566203,918.3130141575119,1.8264844911461642
2020-04-02,26.119210531199087,17.497817312739414,59.336945305975576,0.23597153173858068,0.23977117451851654,0.032735161370829456,0.2566999352719554,917.77267787375,1.8215168397116044
2020-04-03,26.0911999024659,17.99960195908612,61.34136941161718,0.35840972173091146,0.6339064407590654,0.0673525049545919,0.2561359756410536,918.1810209811472,1.832457110783666
2020-04-04,26.61019399080126,18.5087753549362,61.556510075894586,0.5718642848686674,1.1229801999167208,0.07819037346648157,0.25771441186596583,919.0365592590442,1.9797182033811314
2020-04-05,25.275541189842574,19.900742973731727,72.48006905872865,0.9450306523809424,1.9959770906897387,0.3110000157372743,0.2694365078024716,920.3930824799428,2.327412236810266
2020-04-06,24.23980117930007,20.259261771984953,78.65677257647314,0.5613638460180796,6.902417388430993,0.9256361863853908,0.2991084696469403,919.9894036063761,2.1894384052779126
2020-04-07,22.78822575454255,20.603031907087313,87.57991581651116,0.692311797913424,8.94421992794149,7.642654601842086,0.3541901794983302,919.649140449281,2.514318055586477
2020-04-08,23.23890023027677,20.35788137179008,83.94185824204591,0.46387662821010744,7.30882672910483,2.2739333683619063,0.3755991035751809,919.7370789542362,3.03933552467084
2020-04-09,23.969699814244812,20.040456665161564,78.89020039368322,0.14969432800146293,2.878701160451017,0.8612782864481886,0.3782813691248628,919.0961600937635,3.27822420770125
2020-04-10,24.168169343607527,19.31350248254529,74.70675892975095,0.18900945689236637,3.151241940902184,1.8132121454242298,0.371381368606684,919.4308318626947,2.983864139808853
2020-04-11,24.636612962263577,18.67006078521499,69.83447013664428,0.21054727940145807,1.8878580375892913,0.47642108171436554,0.3612026267782968,920.1261621286911,3.2827296482167534
2020-04-12,24.813453363245053,18.81803624694898,70.01599825957683,0.39046019670922383,1.6895270629859087,0.39932287878355055,0.35293259144323824,919.4279324016737,3.1393458421829985
2020-04-13,25.376173549821637,18.77769582907892,67.67978416343647,0.31779105422985204,1.5663950518793344,0.40354012673812356,0.34507259320987504,918.2410747337171,3.240135524635259
2020-04-14,26.212315186305236,17.598288740900983,59.81012238774,0.224556162479327,1.9717937392674225,0.39269616873511,0.335794480059303,918.6323038739788,3.2084948795440154
2020-04-15,25.417676120847005,19.062030315754487,68.42255841841349,0.587063227358958,2.7726714704953666,0.4686096127076636,0.3338370679385119,919.3700237003093,3.361647033610882
2020-04-16,24.746282176119504,19.864138396857584,74.8104711274553,0.6283752126936832,4.218485194603254,5.238267010942088,0.34018942417625764,918.5598517486832,3.2904112151617797
2020-04-17,25.31881675939983,20.38550634015317,74.53735920928784,0.49771031627943463,1.4960299858056294,0.6634223049862591,0.3356627324266898,918.1382866790974,2.85473282047939
2020-04-18,24.56814594436555,20.456102935472227,78.37231911877592,0.558460908110992,7.383755440123201,7.3632912805598165,0.3456176331173545,918.6066189108589,3.089191538860878
2020-04-19,25.480784149776497,20.11570654525259,72.66340346237325,0.1920268317800899,2.3143063912620767,1.18562192482798,0.3457599087840526,917.7960286655241,3.2151226614879724
2020-04-20,25.873877446733996,19.715259855469444,69.40886178878424,0.1884097960604235,1.6994202443266446,0.4263043760745146,0.34102521794464163,917.8061935463833,3.116650378514179
2020-04-21,24.916158492613626,20.528010420878562,77.01493006579176,0.9483478457203006,1.8838521435061988,0.3672089356457339,0.33794580185546597,918.5276853645921,2.86924319972962
2020-04-22,24.312974472740382,21.085342744684507,82.51815047782048,1.0175582514706476,6.396328903986212,5.220237523806659,0.35067494761565177,918.4947630544766,2.9280935045533885
2020-04-23,24.794944253443834,20.758881087921644,78.7125495441969,0.7927132651934925,3.979941741402955,2.0206484992775184,0.3578505124319451,917.9066460329066,3.0522049809337646
2020-04-24,24.681503799426196,20.616462714669264,78.2405083335122,1.1741859777015147,1.4217550334332363,0.24995194823803166,0.35386667509079345,918.301156192127,2.6313154122798945
2020-04-25,23.856613588646322,21.15581077487486,85.0403804461992,0.6783265002021903,6.186998924303737,3.7951875636415244,0.3706900253820405,918.1310306231875,2.7248236482810797
2020-04-26,24.751310992981722,21.131733696199863,80.52035138531473,0.520879718456912,2.7854992131481433,0.7526456250811602,0.37457222390404704,918.5389879152594,2.931358737810744
2020-04-27,24.265109487449276,21.09157378081745,82.61705633987236,0.8857699288108042,2.9344601535841077,0.4391021617053087,0.3801366039266893,919.2858992877774,2.929455326722643
2020-04-28,24.943088050323958,20.589286886948443,76.98853573186533,0.7238998196234454,3.8169594349599074,1.062956860653609,0.3817475650718641,918.2257217872193,3.3978568996299665
2020-04-29,24.30251035010867,20.634219352469312,80.09000214576461,0.9112480038327484,2.263644392848034,0.4499578059341161,0.3805073933213675,918.6919168479365,3.3822954398518617
2020-04-30,24.18787384535736,20.9589776003192,82.31616947320137,0.5344677182947112,11.1962939115046,20.955217308349244,0.3955272933591338,919.1158670089304,3.507527767296745
2020-05-01,24.9697444079782,20.465176585420494,76.29895167168051,0.898061555397907,2.274138661125889,4.2574002898638055,0.3939193967768009,918.412717839599,3.7993950075454346
2020-05-02,24.565641975512737,21.15294137166414,81.46327278238276,0.5067776886633607,7.938295479861912,7.568801781015606,0.4008834036135446,917.3327414150115,3.2571351619422093
2020-05-03,24.907359972486187,21.279343582412956,80.57104439347454,0.42837306478302734,6.05857550455811,17.658554698732367,0.400931549863423,917.4674581192452,3.502864936807282
2020-05-04,25.226680989050642,21.52995522920267,80.24023476973291,0.5826930772356799,6.934390360320165,13.57779146912207,0.39617274630457516,918.3207775398351,3.4956640111818356
2020-05-05,25.701041744229414,20.76146376550797,74.49015968952578,0.45393548625904057,2.226120744794603,2.462725770035322,0.38810532191118635,917.6800047545395,3.516610868052824
2020-05-06,25.25358657300687,21.212286621274263,78.64835120096531,0.6527142090428617,9.506107811994275,14.392518847348061,0.3853230168523933,917.4394738157704,3.7167757890774284
2020-05-07,24.19460468939084,21.88779567291136,87.1128856823927,0.6538799622024078,9.936222781892166,4.630166305410845,0.4134487003098299,917.8478166506812,3.21131495853107
2020-05-08,24.590408455267475,21.1463492055091,81.39934283720476,0.6193957705048161,2.774115545649368,1.7165950557313794,0.4154248046962905,917.7467276092751,3.630686414193374
2020-05-09,26.27225194276789,20.973441756749153,72.95249703521249,0.2658386925645553,1.959102345249155,0.6747699901418677,0.39933715592048935,917.2674498096311,3.9235348763337736
2020-05-10,25.471542504220487,21.213380281003214,77.74895097111398,0.4399812728310955,4.2050898233046325,3.9349907878470827,0.3918886367464392,917.2693814393414,3.7863571196794505
2020-05-11,25.344533207045053,20.938240304337366,76.96518659875696,0.2700112983874086,6.409720455134624,14.517501275374782,0.385959344090242,917.2081962676459,3.599604412201658
2020-05-12,25.946338928682138,20.673364180088623,73.12040331541901,0.3769246894461358,6.295355675318432,7.5266417640660865,0.3812572988225975,916.6602331670962,3.8967274526643396
2020-05-13,24.649104101579038,21.101236080660954,80.95167623382855,0.7458769482563271,3.3680714949277,2.360918569542842,0.3804252026162307,916.5502676792806,3.2962123186395442
2020-05-14,25.39556674439362,21.359683497147945,78.70856121759012,0.6531628690988092,4.9086258558788,4.976110658644324,0.3788247602017156,915.8461264588612,3.44531151074077
2020-05-15,24.862690164849035,21.33814895507696,81.0660102922922,0.9778943994124005,5.510748441812845,4.520160282874784,0.38024893062301607,915.1670031182715,3.5859786614866653
2020-05-16,24.020692064678176,21.55074634007717,86.22742457863158,0.9166921458048094,5.654107140140444,3.6901476329315064,0.3900854606143468,915.3361520435085,3.081791610880332
2020-05-17,24.759728137002885,21.617181035408944,82.84519419672384,1.312342104495217,8.329326350476006,10.295220533230706,0.4037837878155186,914.668274071964,3.7223965666569216
2020-05-18,22.873337775342257,21.284730859800376,90.84264861469576,1.9210441363544284,7.055276322576332,4.104969609257937,0.42407872982049316,914.6207540416868,2.867569191988053
2020-05-19,23.011728423774574,20.91953883552927,88.09998704020009,2.1067633894988282,3.562277339820365,3.6133950775134447,0.41638756838565305,914.7206800467394,2.746221980268655
2020-05-20,23.704011726328137,20.60324712995699,82.89054799965274,1.6865320177143088,1.289846045040567,0.5495847816744187,0.4048469590486945,915.1451086791004,3.2007105982029596
2020-05-21,23.997722966047334,20.814795053089945,82.5110545897198,1.464892864362009,1.9600649715939593,0.5195110524228839,0.39826774113682883,916.3070325966788,3.2811663690312742
2020-05-22,24.070028092437497,21.524954114423807,85.7851226519106,1.2490618804905975,3.875016783264214,0.9658158236243425,0.4020774431957895,916.6141034040799,3.0121062404189276
2020-05-23,24.008962707821357,21.26202848333138,84.71721137727931,1.5257640247831437,1.5466470043427627,0.48560023789396756,0.4013175843484199,916.907067337279,3.076771674466334
2020-05-24,24.922230657381284,21.488110002120017,81.3432000989133,1.7402282930055883,1.6149329566854114,0.4207742616048345,0.39294119628796065,917.587639325467,3.313451150788705
2020-05-25,25.19398347831394,21.69349616513293,81.0617940805047,1.5361088643800014,2.3899181521780846,0.41794452418351385,0.3886235529373659,918.0589996649899,3.3937830882287963
2020-05-26,24.929474710789094,21.35099685766523,80.65748137738002,1.4938217497688024,1.8548491712769242,0.40718529453673447,0.38762616102114084,918.0677988606807,3.4403769085416593
2020-05-27,24.38772651703719,21.917011434938413,86.22273488429516,1.6434770756024188,4.742328810720529,2.056571127987839,0.39640540679616354,917.5826663762518,3.08575869565468
2020-05-28,25.06122596192189,21.651326219655648,81.47231672054467,1.5586356069911715,2.3468081083769277,0.5696363165941996,0.39320723138820857,916.908787564294,3.392240361129513
2020-05-29,24.120369428888193,21.277683370034737,84.23152442943241,1.3658830055271662,5.147867920294596,3.7627126267178777,0.39945375640514,916.7295612339981,3.167964613144746
2020-05-30,23.58225153287803,21.74221008399824,89.51723872220478,0.4747330204329889,30.989330731507266,44.55008804313095,0.4297723081907918,916.9137164200449,2.88993217993619
2020-05-31,23.061934707972146,21.152215142646945,89.06472625828452,1.362082446889141,12.194731572290484,33.01255766017767,0.4405863398885144,917.5601720575829,3.3648820392858703
2020-06-01,22.94967935836623,20.477617373794157,86.0368285238238,2.2176850970187596,4.852690488556752,3.6929787886372454,0.4379671323673467,917.6261040733498,3.7109602219315154
2020-06-02,21.14097673880799,20.617503694450146,96.85713603617175,2.618807672750354,16.75089081402135,12.579242801541612,0.4507206531009965,917.1259222522049,2.654402951378024
2020-06-03,21.865447330954698,20.439528538240634,91.68627467138965,2.446753322177189,9.70897842676947,6.3809971019809355,0.4555919647363306,916.9160430135328,3.817961318713478
2020-06-04,22.223949742287004,20.753952540590216,91.45067650841571,1.8617171997776818,7.084650050546292,6.675536757924614,0.44385879237645315,917.3379680480617,3.74938529240177
2020-06-05,22.41735400807069,20.50674682802085,89.03776531347711,1.751435406974113,8.520667895851547,6.692268411479851,0.43937799808510836,917.543694284891,3.550057354269317
2020-06-06,21.720891036647433,20.40099491070014,92.24460285352816,1.66202709350933,8.650342822616953,4.99084165714907,0.4564457582146378,917.4534847609067,3.3696096556597905
2020-06-07,21.890459342599364,19.705447319084403,87.48074178480594,1.8223624308339168,4.098436219899084,1.1618881385379816,0.4512641432190351,917.0627599427692,2.8487520185308335
2020-06-08,22.378307871110362,19.87646591046461,85.80675829112906,1.5691238468122448,2.6024750251761226,1.7561013241069825,0.44114101565359887,916.6994852255023,2.8875307710623463
2020-06-09,22.45408730068649,20.317332445632477,87.76853427880263,1.8032258740114473,4.910301035080855,4.387909351516593,0.4388321773492278,916.4103309015474,2.7798623525216586
2020-06-10,22.276066346865743,20.52195240925751,89.87299811675284,2.097301926142995,7.608689026516539,6.4485211655890735,0.44362299882830414,915.6601742699163,3.3973914105713408
2020-06-11,21.30101495479007,20.031530622768095,92.52784476667611,2.144847173933376,10.83217521584079,3.2146048665249283,0.4506881967477086,914.4668513071917,2.4604489766074176
2020-06-12,20.696344681861536,19.855428586792026,94.95166467870935,1.9529524359431336,21.748581287295316,33.7062009455391,0.4599330457586359,913.9187208315855,2.4166333186834525
2020-06-13,21.06462132452126,20.634816354276253,97.41454454211583,2.294541151570417,22.976513105145326,25.631917481429667,0.46428266490765296,914.4837771653678,3.107528136778068
2020-06-14,21.43778496146061,20.846973725001114,96.48285784562765,2.371023967139998,20.034352572241016,17.004641518511857,0.46934426916393257,915.9581395764245,3.950718957156042
2020-06-15,22.06676948469128,20.86963591265206,92.98294662614425,2.4594312882885814,11.815662701653988,5.223312146269768,0.47005449057623455,915.362158960198,3.624238975424208
2020-06-16,21.258490875832543,20.71867252727414,96.75592012783984,2.0049209721189567,13.132143098768536,7.131774472730515,0.4708812315260645,915.135981660976,2.169053065632946
2020-06-17,21.243337381029406,20.59380592227227,96.112128621096,2.132320312056674,12.830696547063338,12.377944950159005,0.47181839973516215,915.906823720623,3.097335788771049
2020-06-18,21.48483149522682,20.40003367702126,93.58990661031048,2.225181314828468,10.436008737361055,12.05402813737658,0.4617868490050995,917.1923172663166,3.8124106619225935
2020-06-19,22.133832229923122,20.466333170292813,90.33443907698533,2.1738159907687526,7.2118223502104275,7.968349518025405,0.45491726577851954,917.5144878119661,4.3523447804418245
2020-06-20,22.590910739270893,20.04549300578415,85.59461685320719,2.183895211375669,2.026682992520498,1.0945615535171673,0.4474418949420658,917.2222295647254,3.1411290475232687
2020-06-21,21.434206084701096,20.387470678857,93.8133181357036,2.0026817409680286,13.061154327315986,16.557385303274955,0.46072265673934537,916.3651687573661,3.2810777065641714
2020-06-22,20.942369091750248,20.148150121201933,95.24885629375805,1.9127201984697473,16.037132168217234,11.68381602154932,0.4646962917395421,915.6223001758162,3.5783111988366683
2020-06-23,21.863268584053525,19.84414581294142,88.34400879767917,1.5138484395675065,0.6886366044394031,1.1109924945057035,0.45451397732270493,916.1423946544971,2.04808032285001
2020-06-24,21.835661913329734,20.09062994468982,89.867074059312,1.343292429222113,7.0021486952634735,4.578769771867886,0.45457492318072623,915.7173341293384,3.0764752053782844
2020-06-25,22.245884935256203,20.289917942499407,88.72269478434585,0.8478993852324688,7.538375810335843,4.765178294649993,0.45925059668153473,914.0312662966702,3.0249644094256776
2020-06-26,21.84211572927737,20.478832667160656,92.01728338081585,1.3067541457420846,12.304797326312448,20.555395533186193,0.45979350046403317,914.1488143532822,3.417417988213737
2020-06-27,22.114095711351894,20.10284337632993,88.42773172907931,1.7313735087785365,6.006513481549998,3.812290452740917,0.4543224766483621,915.0126880448228,3.1437507382765637
2020-06-28,22.081159208080695,20.682180387638564,91.83127256660399,1.5421842190570842,12.732488906821093,33.35414146303767,0.45324111553446617,914.8627797948892,3.4049208732996807
2020-06-29,21.791575366926867,20.642164193323463,93.23146444482842,1.5708324388480321,18.96655522704834,24.335792469963227,0.4604348563129699,914.3766295468276,3.3284458442827103
2020-06-30,22.02973910822282,19.92892815640124,87.96354374765164,2.169931061001671,3.0836624433840734,3.082787457079652,0.4535174140706015,914.5846737095288,3.263082453018063
2020-07-01,21.229987453248718,20.381647840677836,94.94008499626776,1.5513744523835429,16.202310419288413,5.922358974330243,0.4619674461386137,915.5289723002737,1.9944321722786311
2020-07-02,20.561247218929395,20.3376923461286,98.63911750076262,1.8105720223787447,31.58945541764866,34.80800442498035,0.4686306956616781,915.513022640407,2.7056623928215395
2020-07-03,20.26232788468919,20.02787809504176,98.57166050618308,2.204285803310717,30.1302480603317,32.33598036469849,0.4683458755545322,915.2082060327085,2.7818071729649394
2020-07-04,20.41232172630533,20.19312975779793,98.66208404264552,1.852607295663894,19.178657779078684,23.26199687182086,0.4681136962038518,914.919089984175,1.9883412493495622
2020-07-05,21.26567446833252,20.215674434913446,93.78419938763753,2.5829024674181893,12.288104504283336,9.735377921560474,0.4713798181139919,914.6491096305704,3.895081376444635
2020-07-06,21.3579154646671,19.999580241375952,92.01315760496821,2.3804402798904793,10.00484773564622,5.547876799547158,0.47432676749638364,915.0703615539152,4.115258087803793
2020-07-07,21.184546648952864,20.256114606889913,94.49022333637132,2.136128716638386,18.876998730691465,16.46419056875905,0.4682782195829258,916.3700216833855,3.939470665870394
2020-07-08,20.833155458191523,19.838888400818053,94.08916859460001,1.7183413750787775,9.450360584923825,7.608233418464591,0.46463102608885937,917.1503516369505,2.809308633476114
2020-07-09,20.77649888917225,19.488351311427095,92.36481759550863,1.691731182584664,9.25063207006767,14.472941269123519,0.4596173783511926,916.2421557295567,3.0555422593267405
2020-07-10,21.027865450588376,19.98647831118584,93.8125928486518,1.5515509759100605,5.218956958002381,2.953065099133052,0.4680934065327866,916.5449846886311,2.1718169454889074
2020-07-11,21.148017868180904,20.461334469862607,95.89516058875525,1.324704320225727,18.161083657335126,41.56752105603563,0.46628580651223006,916.0106705091549,2.9069636109797887
2020-07-12,20.718396341624448,20.048485779662474,95.96940609886298,1.1474313108209817,8.111781345748415,18.53220313504168,0.46210574902307644,915.6346799459585,2.0922911271318982
2020-07-13,20.70877543755354,20.037334774175733,95.95490727259816,1.4470730314447946,13.743778743843297,18.57245475185132,0.4672307628601263,915.2785692763016,2.015093233840252
2020-07-14,20.92472541386547,20.434268114005224,97.05115534410254,1.6654723397926943,14.874406134382072,11.936200146322658,0.47370217253674046,914.8075576620835,2.3288901383212823
2020-07-15,20.564176299289336,20.408591245547314,99.0533861164309,2.2419146384640682,44.50880325382331,120.97374192734222,0.46528761735841323,914.7553604225252,2.5305478271431316
2020-07-16,20.654788650792256,20.187560022005957,97.18173692994105,2.4658738744116317,34.12632352883092,57.19881717758199,0.46879007710369197,914.0220430829955,3.988577565559216
2020-07-17,20.48656903283867,20.241904818845512,98.5128469486513,1.9303798875597147,32.42259139567083,89.16720328675476,0.4658499207599017,914.8463740555432,2.567894192034128
2020-07-18,21.045664155619253,19.92217688585578,93.32797017350947,1.7760751043947212,14.721476109034176,22.11836982668236,0.4672315738697172,915.7976184477261,3.1715894318831195
2020-07-19,21.39565128908505,20.424259295791217,94.2161598437327,0.81699084228634,21.947776653865805,66.91498132595328,0.45662727587443824,915.6196751747291,1.875610433425314
2020-07-20,22.559251439190934,20.211866451424175,86.6227935862368,1.2610025457410654,4.076856509074521,5.006027452691466,0.45520925860656414,914.2613079263178,3.040021234336282
2020-07-21,23.1490498097943,19.211749074726196,78.55065982018193,1.6585825420786506,0.9705116437241846,0.3424454935393805,0.4517680803751596,915.128372426964,3.60606805355847
2020-07-22,22.89947365530307,19.98020871968188,83.64418397780258,0.845206532333359,3.084440864661223,1.8407926777866406,0.44821829967437976,915.5507033573541,3.087983000540646
2020-07-23,22.349291107951913,20.373758601926262,88.6139293167629,0.8382763936293635,20.443635823910984,38.76389918743925,0.45325820131108113,915.3895076569596,3.2016110873365538
2020-07-24,22.219865515935638,19.59920461100635,85.13325051888405,1.6640627887527022,2.1436652921237243,3.720727191276712,0.45583497525158845,915.8704181810004,2.735187789086805
2020-07-25,21.453822989064033,19.841001893130084,90.59879854264162,1.9386039675177462,9.41549979647344,8.995626084416372,0.46361358624410803,917.4434288036914,3.236086719658349
2020-07-26,21.44918142082038,19.35987502822324,87.92223646689058,1.7985866277727915,2.737358561006061,1.6862568499694044,0.46489653367758493,918.454665198316,3.132950228687557
2020-07-27,21.825591696979387,19.787380980258597,88.23495268224156,1.6607291443484429,5.166526245398346,4.161793896560364,0.4611863820752537,917.47742756402,2.9625089875370807
2020-07-28,21.908287358327055,19.789574212665727,87.79090727009368,1.3819047465885805,9.250739604004247,18.004925760812565,0.45929710941114693,915.6650828675373,2.8112933609683135
2020-07-29,20.98010351735795,20.338009379601157,96.13845717545738,1.453233746638153,44.485281629156944,99.6497640915679,0.4668193192563858,914.8635576880376,2.832769300916979
2020-07-30,21.14911986700186,20.246015318508583,94.62271494936813,1.7239556912160117,14.11772580031856,19.67383079361271,0.4713888462455049,915.0602327247043,3.052222968583174
2020-07-31,20.892199194932665,20.364369335849272,96.82822627930724,1.4880019348932534,13.98099465304344,28.38466852033745,0.46313718986313446,915.0989824207124,2.5210300871875098
2020-08-01,20.930518603567563,20.096033804663094,95.01672283474042,2.1596265927261404,18.816655505080096,17.828441396147877,0.46462322271295553,915.7041434252517,2.77227705411303
2020-08-02,20.31903090724778,20.218646939265916,99.38611668924605,2.476912989269402,58.587902150116754,167.6849491809686,0.46737936448953826,915.744111632867,2.265174098948974
2020-08-03,20.471616107131812,20.10343902489144,97.77886931553974,3.421929842869531,37.6780569580846,69.03591604976525,0.4668027564494634,914.6731273233536,4.60237968699739
2020-08-04,20.432603107579443,19.788716616723786,96.11894999528258,4.488940753728448,62.38941398339446,109.51493683631979,0.4656384033637968,913.2546588379262,6.40379136846951
2020-08-05,20.33505648554997,20.026705486228625,98.12969080233574,5.257381158849501,69.2530116400063,210.70691547911863,0.46533019451949065,912.2947943937803,6.563489432544843
2020-08-06,21.00646527891004,20.46785571256599,96.7664315644057,4.111715396202319,48.69169471281777,114.22942787183912,0.465492901386522,914.0042142763857,6.288483375448423
2020-08-07,20.800026304870105,20.282774354580372,96.89228515712637,2.8358373600772824,33.86966273083859,60.725686896125815,0.46422277253431465,916.4421695682238,4.481200489991065
2020-08-08,20.081968906474543,19.93078228519432,99.07668601042741,2.3669997715712143,49.75335819165762,219.2693006535725,0.46771714774979056,916.72047992419,2.2968769900613224
2020-08-09,20.18188036873847,20.049999554739564,99.19374308325229,1.9272919983676378,44.06681935618651,137.06016804106974,0.46890238966174297,915.8712820562442,2.277955322940925
2020-08-10,20.075909237744995,19.936318808345117,99.14365021737036,1.6965800949050847,28.78210801904657,78.43048493720713,0.4649324981546458,916.362589930053,1.5096802970321306
2020-08-11,20.710238076611592,19.800117550737955,94.5739468830279,2.2601544325039975,15.445965136338318,14.93837148713439,0.46968622651202513,917.627659832079,3.9080046455324666
2020-08-12,21.13749068481023,19.723919160024437,91.67739109309564,2.1392444337695564,5.004079548640804,3.6477834631844814,0.47026787642240025,918.3323413238777,3.0100506799376454
2020-08-13,21.445334845552196,19.66032322579123,89.62088098727341,2.2396647017866678,3.6076918915521823,1.3479478760260921,0.4656196287591533,916.3436414427964,3.0579060036656847
2020-08-14,21.098387688466357,19.589496048746636,91.1423857758496,2.4365186768612177,5.605643905095616,1.825917296812087,0.4692325937073548,915.6491645132181,3.2426768061628204
2020-08-15,21.185319680644213,19.805362162813665,91.89032985021693,2.6447214096573406,6.431949799312726,2.6871065721508125,0.4722452693698491,916.0986621423805,3.2628653926197755
2020-08-16,20.75159685162947,19.885374257377485,94.82326466753685,2.322112814372698,10.511585777497315,5.903090061565152,0.46913364020828613,916.3752168188539,3.2642565329395716
2020-08-17,20.75439219672035,19.74330482248495,93.97694583626301,2.1519273623832227,11.99258823749972,11.857386191710033,0.46354706917288163,916.0064784517511,3.974001647983707
2020-08-18,20.96099215612741,19.439457120681862,91.0647176172391,2.1120281491639563,5.115476814137143,2.867166714160958,0.4662974911012256,916.500220784252,3.2687385970331073
2020-08-19,21.62723909840954,19.478668578625133,87.632109878244,2.0086792388503807,2.296387800539616,1.0502244875835975,0.4619443644144781,915.6667340848103,3.027711819820016
2020-08-20,21.186398122533806,19.814817476615072,91.92873437072019,1.8760677384461206,8.928768220040151,13.321136360186859,0.457982857490953,915.7567543286882,2.9960822530570685
2020-08-21,21.68145070294841,19.863096070863772,89.43556614666787,1.7967247247255302,2.5881581929719952,1.7006618333142367,0.4590868479774152,917.2137036870758,3.071112798507352
2020-08-22,21.840924746566166,19.854031746170573,88.52671197607573,1.6518650547836904,3.960184165113545,1.7566262030878954,0.4586089639275077,917.7114308793509,3.300201821257158
2020-08-23,22.111392879226056,19.749647875517482,86.50009377264222,1.842043680600631,2.257290954436684,0.8259562423309157,0.45465737277014556,917.6525351248566,3.3162084028986705
2020-08-24,22.272004078721746,19.70095444338001,85.40166423922652,1.5433599321012654,1.4808968899367883,0.5479297307844135,0.4494340998211567,917.7541332042954,2.8664158296210447
2020-08-25,22.73581289543456,19.338779834317027,81.19696751684837,1.5285498943762623,0.8759986545265178,0.3204346010024708,0.4404398425912765,918.5005808033925,3.3994078377987362
2020-08-26,22.995788898417494,18.95324474721067,78.02782462926017,1.260897443609833,0.11136593182374499,0.0373895763698461,0.4291987266207948,918.0105414895974,3.40921275947779
2020-08-27,22.2475874725042,18.576505385101942,79.75199237496484,1.518393431331773,0.21483564324636636,0.03441872517521967,0.4198464900066341,917.121400650809,3.1331560646046115
2020-08-28,22.4655438535787,18.589696925954776,78.76184862255127,1.6215346739802878,0.2606441971144343,0.06009902500765623,0.411810336475773,916.6027940361913,3.4340133175626435
2020-08-29,21.965430871540324,19.504469365846905,85.96133715364066,1.538038554289309,4.578698432746849,2.016628000111346,0.4240319842854902,916.7092297705996,3.3296727842450315
2020-08-30,22.169374831383866,19.619551130613402,85.50560239126159,1.5267650395977463,3.4449920852161875,1.0379322537636617,0.43466321745423175,917.2755413504475,3.5310496344024065
2020-08-31,22.22850459931329,19.739880199075646,85.83082966641152,0.9293747301152373,7.681003395163507,14.932228337708521,0.4389988004453913,917.5478434271045,3.3215100695959068
2020-09-01,21.84741648884146,19.7824602192346,88.0738143578283,0.667158429202319,13.763994699607371,26.973695788901203,0.4498859233660609,917.1527899153276,3.1879218960523614
2020-09-02,21.65490721613097,20.304051650430786,92.03540589705452,0.3913344081434709,47.241324578813305,130.48965571745873,0.4630340657924806,916.0339939917229,2.935503521378942
2020-09-03,21.814103215245414,19.95631804963103,89.2232268074108,0.3797413611227704,7.5956435436504135,19.49761375211423,0.4547927570163542,915.5348287214316,2.742444007845364
2020-09-04,22.762167279150848,19.794316895366965,83.37129768436841,0.4595222150180678,4.157596769738268,1.7970104037904973,0.45594640522960606,915.3939871319313,3.6413402692889654
2020-09-05,22.818522422255196,20.833769935273594,88.60156629266596,0.2248715713639962,6.950489346635364,9.367982733418264,0.4564695192353078,914.8574010636456,3.273862837390466
2020-09-06,22.425285007772633,20.482270560990028,88.80511492129573,1.045139311195123,63.17640486796523,105.60321254540473,0.4614357406030753,914.7329459159081,3.8279440455282048
2020-09-07,21.383667058674046,19.816107860122305,90.87604586985424,1.7987564587236502,11.74566114411562,35.634067628512476,0.4577470843077814,916.0989081375257,3.0180502149390933
2020-09-08,21.833749811379313,20.17341532306693,90.32201078046259,1.0942079654085437,9.103401126552125,31.473072204940163,0.45412562745697144,916.0747374664537,3.1271140753316327
2020-09-09,21.614383961639156,20.102917145604067,91.1422783543156,1.339476920296462,14.085184389300704,35.369121072626506,0.4589343216212548,915.2043842480318,3.307699397427788
2020-09-10,20.531390898071226,19.965883718901505,96.60409989793236,2.2317338129272115,22.229710843732608,23.761969200707906,0.4712991574926165,914.5209211673231,3.5764205029468434
2020-09-11,20.27478252154057,20.060230678073857,98.68914439914448,2.3353434288245585,36.603793486401656,100.01950812589247,0.46592402554338513,915.5259965880886,2.2747413008359523
2020-09-12,20.21995787323313,19.96710603459576,98.45750426370982,2.1799147092957503,34.152936081771465,98.48390783896119,0.4669076281721637,917.2813496178513,3.02709540091897
2020-09-13,19.97593280395048,19.791691424736154,98.86968649655617,1.7786942810446043,14.561747251972784,26.61010753829086,0.4731040170318441,917.6049290965444,2.1634379790041867
2020-09-14,20.807734917405813,19.506281240681364,92.30485418929275,2.1202096681714435,8.320177369458246,5.131853824868317,0.47410636012828955,916.4903890667833,3.143496352542667
2020-09-15,20.71945043403342,19.842738126211305,94.75331305160464,2.0068192059527203,7.689852737923742,8.176520836371843,0.4606954452468351,916.4280861051549,2.7903403085863028
2020-09-16,21.06141191489798,20.03932187601633,93.9345481674253,1.7055369405194678,6.837411435851717,3.8061177351378186,0.4703631797556403,916.8621748411065,3.088779752422263
2020-09-17,21.232706383156724,20.21974137974999,93.98193202819859,1.999477856053981,16.631867531389396,45.697486820541755,0.4589181124909927,917.1558777199124,3.9857825896805594
2020-09-18,20.823877003890956,19.681777365246063,93.22589426244144,2.0558964595227565,13.295076416732561,14.377343289057068,0.46654289625947065,915.9780036151229,3.5528925997892373
2020-09-19,20.129874469349662,19.945698596576214,98.87720060099167,2.9064439994260702,50.81405134599961,112.57369306957044,0.4664227302921355,914.105579750391,2.9119022940865493
2020-09-20,19.821256859947095,19.699241012553923,99.2513368153108,3.2284394808803065,48.87732750921589,146.90431354322533,0.466304439074818,914.00077626967,2.633014280078172
2020-09-21,19.81433260752438,19.673333959121273,99.13614165011317,3.6463011540035537,49.476778459067916,138.33599928146248,0.4653665117208926,914.3762701894926,3.543783840715287
2020-09-22,20.922352237835497,19.273432012268575,90.33467581597174,2.7706072851741257,7.53658952828167,16.15352042320687,0.46714905234357845,915.5056454696684,4.5478443933520145
2020-09-23,21.380149502546725,19.499698281181036,89.11100483676456,2.251983684436729,5.2461923370576695,2.4274028770077036,0.4689436046402406,916.9365328950071,4.081502419554435
2020-09-24,21.641062056709263,20.05262915946082,90.71385681296505,1.6182519582970174,4.928025660296163,2.056811243958401,0.4689748760155555,918.143747408473,3.6294511309586124
2020-09-25,21.842043297791793,19.965935049047133,89.12948087908724,1.5752299162443753,4.700928151690622,3.7812070588624507,0.46073181306765953,917.7549367578542,3.2511191448618044
2020-09-26,21.083037122654734,19.81546576095169,92.4920435936883,1.3931175977342962,6.688908183749114,10.010654092786192,0.4582925948074034,917.6730834331761,2.446173515026162
2020-09-27,20.869443680962913,19.49571148776817,91.86249341245399,1.0053052415986048,1.5673147994391905,1.30813460900516,0.4601647776658529,917.826950700753,1.9617278415588255
2020-09-28,22.163666779594738,18.82370705229305,81.39040631994496,1.2724127717777327,0.12310283986746627,0.0652898006851133,0.4469458624006907,917.5796170828188,3.478699568403674
2020-09-29,21.479408578176418,19.40726376525563,88.01349688365333,1.2816375024856073,4.816289814056609,2.462122287386189,0.45224626762881537,917.0412088224961,3.253317412419491
2020-09-30,21.21122795714758,19.096028592474187,87.76069097296511,1.7448756400680128,3.30121632485293,1.3599759685644996,0.45535156819047273,916.8162007446733,3.423049744754696
2020-10-01,21.72757817047986,18.660107082248732,82.74644673277372,1.428752127646299,0.8248956226948179,0.3302101866106158,0.4459523212233461,916.8119450479276,3.5750926234560323
2020-10-02,21.897224840499064,18.567497287086134,81.42479606203098,1.442327674526987,0.5928992998464024,0.17629668004111165,0.4341947411448788,917.0533727502717,3.5806626529153927
2020-10-03,21.552290983185813,18.522826943220085,82.91867190633344,1.7681573776824608,0.6624260768893171,0.17906676431462595,0.42626125830752776,917.9592366964034,3.3307914656573745
2020-10-04,21.140987306326682,18.133124477141678,83.00401311957525,1.9127334223205303,1.319767656805933,0.3948318597643122,0.4218175323043279,918.6052777089528,3.435593858461684
2020-10-05,21.509518111231486,18.627453186407894,83.68097391145754,1.2720768321359828,1.0962444151006876,0.27073464263112523,0.41804468484775903,917.5190125926191,3.2706439408382133
2020-10-06,22.061900056889616,19.511474312222155,85.49056456123736,1.0002751150000173,7.003353079153885,1.1737008701084066,0.4269703641878952,917.3099597397226,3.4249174020268454
2020-10-07,21.768338865445795,20.227638331773452,90.98318031165536,0.826642789174427,7.838351986611242,5.3142458962338575,0.4537407211038234,917.471105592184,3.474228748321355
2020-10-08,22.066777746865235,19.862166335285426,87.35348549936403,0.4429814752471398,9.7779604074389,4.696525978221708,0.45431477927289876,916.8775690684394,3.684228139779565
2020-10-09,21.768924164056898,20.432599385037346,92.1431447199857,0.7368738764433608,12.563729523438283,26.00355300743715,0.458120584588641,917.1843739419351,3.1375623591306887
2020-10-10,21.383403413601695,19.93411380227054,91.49371206020818,1.40779447141747,5.866320965366711,6.170482221277872,0.46526983550979667,916.6163698536653,2.9828107300624276
2020-10-11,20.19750444945752,19.620603849998023,96.50664849201318,1.6855999346144253,5.837580461711629,2.157495968427536,0.47018093606241423,915.1970490651297,1.9883098917109625
2020-10-12,20.376628841492906,19.700040882208924,95.9199048908088,2.201157244755739,20.661263735897304,14.77775111968739,0.47096044198522724,913.3089819496278,3.2663427762020185
2020-10-13,20.524835301775166,19.148913887487797,91.84280617214482,2.4596360679298215,4.652335034899619,2.9886792922421024,0.4722363174971189,913.640352114224,3.3641003148664814
2020-10-14,20.353680743329456,18.85256847301452,91.1500542373199,2.5872227564372725,6.39501943032249,3.3815848839723883,0.465665247407648,914.5723386867801,3.002103812789117
2020-10-15,20.82293272727912,19.37252278461819,91.465353954165,2.243496990769849,7.537223584971431,5.507726281510477,0.46317116194214186,914.5860686435633,3.948479916684494
2020-10-16,21.316654605633275,18.643087472617882,84.75928167092468,1.5361004887276626,1.168925909028108,0.9729148980360148,0.45063724269486743,914.7250770425559,3.6626731849599916
2020-10-17,21.88988293850209,18.62131390482774,81.72188002688084,1.1602051037737444,0.35407105239961484,0.14754926316034053,0.43854922810956776,915.7449146065723,3.6341052677090477
2020-10-18,21.875458975138987,19.31232927582226,85.40802737293139,0.972766239421499,3.3663943555517,1.1160661852619713,0.44042720106810324,916.4686241803278,3.316544895464374
2020-10-19,22.337550320482297,19.246781321132694,82.69320705125564,1.1797230359358502,0.49094856243230217,0.22638144697176307,0.43610137451279696,916.1108373632431,3.711930658659266
2020-10-20,21.83929430426883,19.04164842181518,84.16362684167366,1.3224173305358233,0.9496300907807492,0.16589440222516671,0.427149697374207,916.1883947262099,2.8331481624896426
2020-10-21,21.298009572573243,19.505412392942823,89.54551615203296,1.5167022549162743,9.170890496114064,1.8676553182934872,0.43975522742777073,916.5501368102664,2.8506639491977444
2020-10-22,19.967734161487154,19.507917754672203,97.2005610644971,1.124047888632835,28.596011831237313,74.5231553754206,0.4547290065053485,916.4668399220265,1.529931931419813
2020-10-23,20.619045607333206,18.616437407302154,88.31843538797139,1.2826028461891723,1.4825197851150815,3.9303155904797817,0.4471124288704956,916.8959971760065,2.082832538768407
2020-10-24,21.24182887974894,18.33846329531785,83.55824796995341,0.9470371483701719,0.9822790586175091,0.5007976250168652,0.4485475723519186,917.9132014145059,3.2378340595827724
2020-10-25,21.54962871194176,18.068123319901098,80.60830642904043,0.5960971131659946,0.10612315570686873,0.04892336894206592,0.43565628950454,918.6012659015371,3.384726319360332
2020-10-26,22.224855920421195,18.977968669803037,81.8890885871041,0.5852608106253107,2.2963574578962658,0.7967005501726498,0.4334651524191807,918.6017913588863,3.8009168562361384
2020-10-27,22.28042750658381,18.867316093669004,81.09350558092964,0.795108160483999,1.1374608415629477,0.5790499151774592,0.4305846778396985,918.3086217917127,3.883891600417106
2020-10-28,22.159559716265225,17.188159967064948,73.48160172364132,1.289766905749768,0.0520753227273005,0.0501864445207443,0.41888829825472695,918.7943588694844,3.895148974861029
2020-10-29,21.841414669248014,16.755661276776213,72.8928734486856,1.1870159803346145,0.09864027948252442,0.024667779106686688,0.4074006319256629,918.9115860996039,3.764917380268232
2020-10-30,21.781476404678198,16.83474331973827,73.52783725681745,1.1095245737999242,0.4696061328319754,0.1107191404915581,0.39869748062173055,918.4495476965096,3.833806820502237
2020-10-31,22.040547255101334,17.699367655902712,76.51881533786519,0.6356103225646602,1.068266427748388,0.4297393173587145,0.39552378626093543,918.7225723302112,3.6259819114451335
2020-11-01,22.16637302974031,18.929189116300016,81.9638668524459,0.2644231198558572,2.0685628827423908,0.43456720773944896,0.39661703568685747,919.3526505305998,3.2651035204402707
2020-11-02,22.36685533363498,19.71002426090324,84.99032691563703,0.4270756164515645,3.601189195439337,1.0068784092835932,0.40802626908867073,919.905469440686,3.505200287235959
2020-11-03,22.268789733594883,20.011670892859563,87.12023769232434,0.6280242936720015,9.103776258434877,17.248233978569278,0.42345211308741515,919.6683756990503,3.4357416904412843
2020-11-04,22.560691510996918,19.961718215705048,85.30617613342643,0.7743037147717153,3.553328273387199,1.9367201957065723,0.433585023167597,919.2747307008042,3.5308795205382557
2020-11-05,22.135732008791226,19.914681585544646,87.25519715622055,1.303662347284616,5.590204326367914,4.211521971451858,0.44081677209993536,919.8199270246728,3.4737232011247228
2020-11-06,22.384579913517396,19.661445390262003,84.59868137658336,1.876598582029361,1.1939873015842883,0.5425824776767434,0.43499018998813965,920.3380043091848,3.240057786831981
2020-11-07,23.24787618935455,18.33022669934915,73.8979405898519,2.142175148359034,0.20016689134973037,0.04284340780524975,0.41934770057473986,920.6642461285937,4.137204143163217
2020-11-08,22.463826400816043,18.867746817192554,80.13784800053611,1.8959874388094746,1.5845433270715599,0.32335939019942467,0.4139599478335893,920.9794402992015,3.4016410187393284
2020-11-09,22.030601434187176,16.794030264095422,72.22444051641993,1.9575919866809974,0.1048752555871087,0.03911460447090261,0.4049204809396375,919.5880950546339,3.9143210822298498
2020-11-10,20.52569416906308,13.261829957985134,63.125222596837155,1.7586533704020346,0.001721102592000534,9.257494476152215E-4,0.3909021882951893,918.2040264776074,4.175793525483533
2020-11-11,20.587730477424625,13.142424676989446,62.40424286978212,1.6320509459295718,-8.767074177740142E-6,2.2853082851792744E-5,0.3787307121715508,918.5941111591575,4.087394480701346
2020-11-12,22.61117417775448,18.216321425707708,76.24961601057821,2.2576658772773976,0.29429296607905736,0.03877111909878201,0.3711247825629882,918.777323281082,3.1143301303411213
2020-11-13,22.342775195451765,19.914334578927466,86.15536483627972,1.9418896213682855,9.396629574369033,2.281118348294076,0.4093987433807903,918.7691959258472,3.2365828058666826
2020-11-14,22.42157094462951,18.384343681243163,77.94926884119391,2.579172395633746,0.24330490794855433,0.23848768991113112,0.42428176000232987,917.420972724062,3.395487190169395
2020-11-15,22.385393501548702,19.033307318202684,81.37709331087916,2.5079915207606875,1.5092879399987629,0.21115800309791066,0.4098623923114053,917.2941638982954,3.1096109155076608
2020-11-16,22.161234708928802,19.72442723691165,86.10107902324052,2.366325161387855,3.943808566585592,0.7486703218330996,0.4145281348089452,917.8369394659896,2.739644468604131
2020-11-17,22.021260813448535,19.18323977904401,83.97306595084393,2.5423921723334884,1.869705159308805,0.34099326451083783,0.4197715442521362,917.154417974451,3.107251015033902
2020-11-18,22.376798567391194,18.95093718354878,81.00065963874829,2.0489650058791304,2.4430693644519277,0.5308538001416558,0.41592201899240483,917.8518292091692,3.269549208548448
2020-11-19,22.356370569340424,17.91750274324454,76.03490807804977,2.055152862777505,0.1595770829228545,0.07941646419653542,0.4055315572169672,918.2899387443979,3.566248151172702
2020-11-20,21.862628378020005,17.072907589791093,74.30029272769318,1.4268470735975045,0.08088199035241479,0.016775809770108972,0.3910589342307407,919.100940741706,3.5018729704211884
2020-11-21,20.829635732241798,12.595896296745305,59.37449422989597,1.8269830909008604,4.6535222497612376E-4,0.0012510056209421357,0.3776080412867797,919.5574802467102,3.9378597496264347
2020-11-22,20.694402582812007,11.963463186020926,57.361613619704464,1.8686372930458066,0.0,2.439745368874008E-6,0.36485627304002716,920.0431683774607,3.8968231741466437
2020-11-23,21.340204131103746,15.303204407589233,68.49845685597036,1.8593159206694396,8.75973319633722E-5,2.8380711433840503E-6,0.3548170644923711,919.6197960292612,3.346147674237483
2020-11-24,21.7612234529127,16.178574246642718,70.60042517634513,1.800036039666957,0.0032496381480692726,4.533121152220266E-4,0.34654120045167564,918.4959505677165,3.1892838337918903
2020-11-25,22.150290284528776,16.43541618404602,70.0866657202797,1.6578719602747403,0.08129136335874658,0.013999878306009206,0.3393329438395126,917.3743267732954,3.116804555591583
2020-11-26,20.81100787513565,17.830961755119,83.09782162289684,0.9822440812358936,2.585054650904463,0.4385668865504497,0.34717705665784987,917.5867262097115,2.2267433214318446
2020-11-27,20.967245113107495,16.305465103159985,74.74058984169174,1.192133256308931,0.14241497655908744,0.05767878365174653,0.34959074229090126,918.7306000456532,3.0566085253809225
2020-11-28,21.43091138215662,16.969018621569624,75.7854078895564,1.5412374321413458,0.27208684841421965,0.03481888354875369,0.34291103662065303,919.4394934332855,2.738558113066772
2020-11-29,22.142718211475586,17.291665175525452,74.04525720907543,2.172506209420599,0.1205895278486517,0.016872842658471224,0.337409111515518,919.9505782988809,2.484874435860257
2020-11-30,22.249203002070566,16.54917914429429,70.17516951560435,2.1875755697645123,0.033473527498114934,0.0045341255512637525,0.3303737524637462,920.138035823832,2.831927487251738
2020-12-01,21.16595140306175,13.191567226107681,60.39466884265385,2.1089957366621093,0.0,1.7742666180115414E-4,0.3222107881957056,920.0150160350612,3.2160737290884
2020-12-02,21.8110181014311,15.324732116770734,66.6707284304184,1.7169445610375877,0.013668561132247539,0.0020834893204537052,0.3150480952172956,918.6714209805774,2.8626789418401666
2020-12-03,21.24527579855985,17.36287480047481,78.65565355255268,2.1303352742464514,4.371717988191666,0.3755925782733089,0.3240002506398364,917.8905505446576,2.8387595711507503
2020-12-04,21.250267762138286,18.585300768217017,84.95255617812848,2.505073648212771,9.36962835226646,4.0937429348717025,0.39412874098073514,917.0685903434519,2.3934302152126854
2020-12-05,21.800962518635696,18.150009397499485,79.91486114763953,2.5538392226584605,2.3171692685432945,0.560519611822431,0.3866852304190722,917.5034299979054,3.0190940654034684
2020-12-06,22.315420845920485,18.554377022116288,79.38418756989812,2.686603998175291,1.2239082511819708,0.17173913224753812,0.3818576828274267,918.6677363360388,2.680169079362185
2020-12-07,21.649197447017485,19.14614389466954,85.75069297625674,2.776039585930682,6.630708227949849,1.0040891228533653,0.39874346459448023,919.6400881599232,2.770208167102131
2020-12-08,21.830779732510305,19.261417770253914,85.373120294886,2.179194899851491,2.197603652493472,0.48927997054043043,0.4146897419671901,920.1194466481516,3.010292357770182
2020-12-09,22.27257363996681,17.696191967092712,75.37728305984761,1.754986571850503,0.09358315262211206,0.037083549287437574,0.3980545424579928,919.4438421495133,3.0968065125397084
2020-12-10,21.644276445056743,18.08036890893956,80.19523037579876,1.224780390361674,1.7295225052009982,0.25972025603079996,0.3900227937692138,919.8587936940171,2.739838855874395
2020-12-11,21.471571975126672,16.433950148285543,73.11321602215449,0.9189865283966755,0.3969735553349761,0.06456402300936738,0.38161411315435056,919.6034190896379,3.2639983663300463
2020-12-12,21.012092931306235,16.050940684815856,73.53107926015056,0.5691190338062425,0.4313587730333873,0.07039049947412215,0.37153359915788314,919.313602410677,3.066381195119922
2020-12-13,20.77858275915937,15.256484868260287,70.82905727284108,0.6968194168213936,0.06031361619135909,0.017755964165912932,0.3615189419824892,918.3670630960191,3.080337661281888
2020-12-14,20.72648509342368,14.631361400822424,68.2390641988159,1.0094837599788713,0.012530610747220792,0.0028123722632423845,0.3509710801015385,918.7348537160985,3.0415971171201437
2020-12-15,20.65787803861466,13.870675177526016,65.18912743143177,1.6906585482967835,7.220289923928002E-4,2.5269102512492144E-4,0.34139806845085857,919.832929222979,2.974926974907259
2020-12-16,22.005025023013445,16.441401523757566,70.77961702282062,2.0209103670787325,0.11917922304082022,0.007562576992189792,0.33346032567043826,920.0935988332856,2.554946561333344
2020-12-17,21.86944769132515,17.75261777688885,77.52429608260782,2.079952473110206,0.8813536822672353,0.1166883988261072,0.3327679870525767,919.9806629357979,2.115870309260284
2020-12-18,22.067484849505753,15.145804151390086,64.91299251657915,2.2202602773944533,0.04610113788481715,0.012342199882352278,0.3279163416855784,919.8877406753788,2.8077852316153518
2020-12-19,21.45800978743401,14.661987393516918,65.35413290429803,2.817897220526368,0.028051120892333633,0.001758386167750296,0.32027886196522815,920.1756130537339,2.6709984324598643
2020-12-20,21.051385130012193,14.33595014134738,65.58128023236526,2.6105977235026026,0.036739657472114835,0.003511505893592887,0.3136988966293855,920.1951207834569,2.656228398780371
2020-12-21,20.21685950233124,10.869218040674673,55.225359315145404,2.3330685600765286,0.02021460841730098,0.0030211369263533827,0.3071420087688697,919.1982445890554,2.839000762021443
2020-12-22,21.08825791649736,13.939906133640108,63.81043155072294,1.3622375827032431,-3.177300615999979E-6,1.4071373060999792E-4,0.30122605561248605,918.7880326252586,2.5558117813593726
2020-12-23,22.049781233829343,16.445715643967056,70.64313364756507,0.8553619100457384,0.09647822614323713,0.014159307768026494,0.2969119252205151,917.8562332660015,2.207404038387998
2020-12-24,22.620029616748756,17.695125422232515,73.81635349302066,0.5765279047871594,1.3186392715517439,0.22484801786054942,0.2984768280387954,917.4839458385316,2.4006847890531953
2020-12-25,22.260287109338684,16.26999501691565,68.95252250178683,1.4595749264031728,0.06106952710060984,0.027497408522917714,0.29996060286679155,918.2718431650451,2.3631986041965054
2020-12-26,21.121197596998066,12.787398750679385,59.094750578078724,1.4403872041170778,0.0041702758233113585,8.370738889863655E-4,0.2945871022401667,919.3629680831308,2.5734620011921416
2020-12-27,21.167189816171902,11.359004930968808,53.70462935798013,1.6130591358169457,8.523463748133508E-4,8.44656672534312E-5,0.28916578618466554,918.6119549508267,2.596960958020006
2020-12-28,21.158783686819902,11.827926371847266,55.40968086054149,1.3771552886627505,0.10576896880311083,0.007966847714499842,0.28474338275247063,918.598254551778,2.420668887376428
2020-12-29,22.155429563593046,14.453661120457575,61.824567395667074,1.256761699821143,0.0910971758512094,0.008472574651344317,0.281453375800412,918.0486924138681,2.3004662704573877
2020-12-30,23.232256498386995,17.394167045423032,69.7524928241218,1.9045937548130423,0.23650335278747228,0.02199517326264876,0.27914645436786495,917.8108831743273,2.0495156540450292
2020-12-31,20.38081284934816,18.34553771293142,88.1500426317333,2.294814226900459,13.472509481933155,2.4980929803465046,0.35499602407657693,918.9487142652839,1.992109024439872
2021-01-01,20.338756285810035,13.804774743973983,66.15866869129394,2.3783734276776665,0.04313346193825432,0.20034733824049875,0.3875126484677773,919.0597062207296,3.164393288635042
2021-01-02,20.978942619212702,15.100060530207395,69.15462330092865,2.140089544265857,7.376426759850168E-4,2.515968096285099E-4,0.3645123235869024,918.5476276556255,2.784870085487278
2021-01-03,21.31326286074764,18.5843554751877,84.47115957368516,1.5364260756540278,8.320742517598308,1.6325272501471315,0.39387532791774726,917.6719869528741,2.3697050581698544
2021-01-04,20.895478179450517,19.109348624101592,89.57285489444816,1.6748869858414563,11.748772072434251,2.8467358709470174,0.42939008364146497,918.1243555135702,2.869326063509168
2021-01-05,21.67455286690501,18.24533177939239,80.91861275131322,1.6166934027130746,1.9743396706310088,0.6736231222448292,0.42691564385955144,918.4318207009569,3.148371560634495
2021-01-06,21.18545153779352,19.216935618412638,88.56010873311783,0.922588062199011,44.275419380562056,38.666440078587115,0.44175748725812286,917.9580696916512,2.2750315233345666
2021-01-07,21.44024613895383,19.539661260930792,88.95548695740737,0.9302460866491019,11.933854911469933,17.948443982168577,0.4550775546341184,916.2172572131798,2.630809519016285
2021-01-08,20.666626349622547,19.34092246620147,92.12960736676465,0.851139233326098,14.637946406734269,39.27780134531054,0.45395110934250493,916.6303690012496,2.544204054501409
2021-01-09,21.523963775749067,19.374210168125238,87.60732703944292,1.34302944950902,3.471470119026157,4.6664098032382855,0.4529360960068028,917.2732347936126,2.9306698956221306
2021-01-10,21.755350687793463,18.433031952470436,81.47467694420098,1.2402476804150449,0.5257775589011799,0.26514333697394954,0.44518727890315285,917.8128874997522,2.9079506586005657
2021-01-11,21.541487330960386,18.156184970055648,81.10245609011866,1.7579984226452314,0.8137588295954796,0.11626549167269892,0.4363286767443803,918.5205534947487,2.4882165706728387
2021-01-12,20.870813203725152,15.316667677531424,70.75063292344521,2.61227279518933,1.2189723304977236,0.11332862500647739,0.42992317172456035,918.1538673264621,3.0791477684065933
2021-01-13,21.585779989835714,16.263599037870456,71.83241384334602,2.484570844339206,0.12640939661745784,0.05605201292596305,0.42187656451375927,917.7876236857269,3.57650176913099
2021-01-14,21.62162835627021,17.05171482837637,75.28936175747077,2.245586145291714,0.5827979569220127,0.04141308862584184,0.4098196624862519,917.7358389025187,3.1200310266647007
2021-01-15,21.29358802886542,18.351304973768315,83.34870327236959,1.661105650501834,0.3490016638703824,0.05524591927478109,0.4073614146928566,917.5469409985144,2.147958124609522
2021-01-16,21.160290834708416,18.41450291986076,84.40048166086517,0.8557016085759533,4.925499476517301,4.3257093571039755,0.4144142326105619,917.1213287416103,2.7162170861534896
2021-01-17,21.65898780601525,17.16393456835397,75.69732391315522,1.3294946306955941,0.055547133611772916,0.33731452424496816,0.40952923622311566,917.9889427719821,3.7141212901015317
2021-01-18,20.753314523278995,13.10231398156005,61.64831865209573,1.6626045363423807,0.010509986505360558,0.0018956357947361748,0.39468289099242504,918.5971799167036,4.038843636282208
2021-01-19,20.496590277131983,14.938821338683322,70.50853153686606,1.3923341476494226,6.541985769894886E-5,1.870294034254415E-4,0.38238502190666795,918.9448735299613,3.6043286504253333
2021-01-20,21.06631053999722,14.789129814279534,67.48164067741625,1.0914650919602964,7.660903473550896E-6,3.124797024173607E-7,0.37180826593188,919.455634636789,3.631200238882891
2021-01-21,21.964819208780934,17.185687401520262,74.3850685945867,0.2749565454268341,0.015720273509170067,0.0034325105526683813,0.36258798243149076,919.1726215026486,3.3011892947817616
2021-01-22,22.47168437551785,17.07282776384077,71.67991625135534,0.7161252779271726,0.0032106911700666603,9.405253808514041E-4,0.3541477195457566,918.6365307239305,3.374395075520587
2021-01-23,21.89564567714188,16.692289738882753,72.42945839378979,0.8094542378893164,0.7322558104785983,0.06048623006737219,0.3475004742578386,919.0930907814932,3.1643897511330272
2021-01-24,21.228551867817977,14.682920740060705,66.62493369239515,1.1820661854396968,0.5015236178443295,0.1947016736700906,0.3476795889968013,919.4568853586062,3.617974751380948
2021-01-25,20.635381174364078,12.501044019187875,59.76824377444041,1.4082385610328534,6.029828103789949E-4,0.008400779542408993,0.3384294204046756,919.9648496372427,3.4891058229316014
2021-01-26,20.707192831855874,11.755782541060487,56.78322217510765,1.1371248123331554,4.351138045421976E-4,7.250559248947881E-6,0.3295211521680076,919.1436983226764,3.436723406591755
2021-01-27,20.477472608985103,12.412707166909488,60.06059950277195,1.1050111207604576,8.789603172401048E-4,5.9193442090066677E-5,0.32167964137845356,919.358308300972,3.300470290039181
2021-01-28,20.389265464325334,11.707486997070289,57.53784083394207,1.729839468398387,0.0014167571032518479,1.7254502491160384E-4,0.3146659267815402,919.6365854972462,3.2577865565718693
2021-01-29,20.474640721432735,13.617950741162495,64.90097848845252,1.1290342984708006,0.019266051483370766,0.002708307830422606,0.30854296436112755,920.1300138266652,2.9653056613437334
2021-01-30,21.63106367393461,15.601292551205272,68.66948527129767,0.8815882893502245,0.0019151908965336579,2.4268427042384785E-4,0.3032568601088237,919.4938799934197,2.7721254990965902
2021-01-31,22.281886450790285,15.048682292904996,63.845165440502356,1.203722775332574,0.07314199129617814,0.005635569716175658,0.2983519164456537,919.8400585946873,2.9259184022363334
2021-02-01,21.93419634716512,11.939516296691481,53.171655477155475,2.104309177601172,0.0016175002459084065,0.0011312005596510319,0.2934249964810491,921.011488195247,3.138056509080866
2021-02-02,21.502504344623304,11.858235070500047,54.26248626886376,2.0066091314536605,0.0017977196512204239,1.242439470638368E-4,0.2882615000154902,921.093406108187,3.009770768196136
2021-02-03,21.967434944293206,15.076092250692286,65.00898095960554,1.4061045719316,0.0028544397669502783,3.091909393954901E-4,0.284169688222778,920.4670858740386,2.56498777894006
2021-02-04,22.024178294122397,14.228888644843224,61.43230641349281,1.1728206453980181,0.0016069886220097646,1.9412329359282018E-4,0.280436639133428,920.3572814413965,2.7475579635213627
2021-02-05,21.49035712582509,15.473510851601658,68.74542872564234,0.514448435510027,0.02222250423825102,0.004274633049154518,0.2773673617995938,919.4798627469667,2.2977803483852624
2021-02-06,21.70811689381008,12.81461732631943,57.142789534497645,1.4014027524377395,0.003555324651427528,7.094555474437455E-4,0.27435343361772613,918.9799216432086,2.724152201189363
2021-02-07,21.39013776172989,7.420745179440475,40.59516687599472,2.1762408481612527,0.0012934457913615915,5.133337572926075E-5,0.27090996864841305,919.4496656785894,2.8779358987328725
2021-02-08,21.25363386832301,8.083588506252724,42.77422746097479,2.231167936344594,8.485461080454115E-4,1.9329101592388166E-5,0.26752929732918296,919.8669256807697,2.8209719917007146
2021-02-09,20.96994140192209,9.358412012120096,47.46623125481982,2.0514916057892316,0.0017225742112714215,1.295142520447868E-4,0.26472995117951703,919.3569011883177,2.654100888023379
2021-02-10,20.85074739042652,8.293377464301189,44.57522521117168,1.3889411759565498,0.0,5.923378974395024E-6,0.2621847280833507,918.5051904752582,2.633952128671187
2021-02-11,20.86232208260453,8.343229692888913,44.713552520863864,1.441736762679553,4.261732087229575E-4,1.7924659852951897E-6,0.2598846963131652,918.1768623281669,2.5547853522822526
2021-02-12,20.97838032665299,11.077332074333523,53.36240214260229,0.8112188166629215,0.0327120007279523,0.0011663279138906361,0.2579179293421569,918.8573950151241,2.424732314192874
2021-02-13,21.430534160872035,14.070500931760158,63.11490323073281,0.2451797935435616,0.09902724497727793,0.003748037468722263,0.256577476999308,919.9285238554746,2.273135612725091
2021-02-14,22.36662935959552,15.528814415686869,65.56196945834925,0.3536250489673158,0.18977379226533694,0.020782361632256562,0.2561639985826866,919.9740499791309,2.3128582996922855
2021-02-15,22.674990146266456,16.143979259672218,66.79783149120695,0.4282529897466797,0.04218902420747068,0.0065251786112854,0.25552080197419813,918.8795252871814,2.206059533624945
2021-02-16,21.97625302461527,17.017269777380847,73.5547355634638,0.5508899393008194,0.29887558221337307,0.04253320474066427,0.25602858327622463,918.6109149749634,1.9491798149878727
2021-02-17,22.085243510690848,16.895505833844666,72.45142930177555,0.14140836100723894,0.5052897906984467,0.04083759061582682,0.2570089621583626,918.0744114752863,1.8527123293521655
2021-02-18,21.286023018430384,17.49317687533808,79.0121189096451,0.18160353562910772,3.5468688021409256,0.2869598709990288,0.2710332545596077,919.2335063944082,2.383529559710956
2021-02-19,20.15501970999591,16.905970751223283,81.61375923299732,0.9035678422294552,3.9883514166372764,0.39369846004290926,0.2977006466619365,919.8249420928103,3.121815588480213
2021-02-20,20.60395879545132,15.885330711414873,74.43019770109485,1.7133264774398165,1.2481813658655945,0.13611915611783973,0.31077115193359073,919.1841158075525,2.669714032502263
2021-02-21,20.2710482950918,16.531604808791712,79.14278288468996,1.8006514578706285,2.1360930394901074,0.23945294743804477,0.3187863156923424,920.1250165438396,2.314762664637555
2021-02-22,21.097134634548983,16.63508584087392,75.69412807345455,1.2738048194988858,2.1950401104330153,0.282098575336261,0.325276614911189,920.4326460614864,2.772976398602795
2021-02-23,22.293392504716163,16.146702040612148,68.29815121884545,1.0886424517585984,0.16746539294625984,0.04519872141606879,0.32287492175922144,919.3040091491267,2.632761587336124
2021-02-24,22.481614966432268,16.42456792343616,68.67497101933657,0.3681455007841986,0.0649635390231949,0.01125915789606934,0.31250832583280946,919.0229559540193,2.3525905716953517
2021-02-25,22.96275344736114,17.72328923815807,72.61429445644201,0.6005689242979287,0.6985997158558853,0.11251475402308654,0.3063012522459259,919.1630444636926,2.4453755116161213
2021-02-26,23.52656483653688,16.899402972495114,66.5446886162936,0.5547160891890258,0.04709609042652845,0.015304891837056649,0.3000970168629609,918.0433882902441,2.4071637266777475
2021-02-27,23.648761132721564,16.589101803879206,64.87268144478142,0.37077727876390726,0.02469957942702966,0.004687420452969294,0.29205055484419373,917.2067288492472,2.4032346002464804
2021-02-28,24.004282296606323,14.903138461059697,57.175876871610534,0.5094975948709984,0.02347823377411091,0.001967911748982806,0.2846528555925034,917.8058823804975,2.4856032031254633
2021-03-01,24.039999506798353,15.705034241081337,60.10738928105046,0.2747612735455023,0.5190534660152604,0.05625475763326856,0.27977493200570597,920.5028493377888,2.4683803306195657
2021-03-02,24.198809128446435,13.687299282312665,52.33810829420673,0.964493373794249,0.009644356366195001,0.007037988171000293,0.27589746394565623,919.7490160573026,2.5312483430025496
2021-03-03,23.914442081834565,9.592909415890787,40.7412624384367,1.7749555886788506,0.006633035830877827,7.952651349557875E-4,0.27039104257580604,918.772634825973,2.4460748847570137
2021-03-04,22.98942421602069,8.214639753917556,39.158863115324905,1.6856477531165368,0.0010150933014432377,1.0512194912037222E-4,0.26548290292975973,919.0582314967716,2.3834990423980953
2021-03-05,23.273320701183927,12.103318732631946,49.68424110361169,0.3387677704654703,0.045124011531248814,0.0013102754660363652,0.2615291209256964,920.2401522836642,2.2247674915630955
2021-03-06,23.942777753849672,15.905367324778718,61.02644735137095,0.4469642482589859,0.1284523533022147,0.01746337843224233,0.25899242416213647,920.2380631249745,2.198514846417641
2021-03-07,24.1797222503142,14.15119577801879,54.0216493077812,0.63289014165584,0.01178388007402844,0.0019573230652205334,0.2564031461986816,919.124788005448,2.1739209784182596
2021-03-08,24.07266486262738,12.984729082831548,50.53118970944332,0.6459320216968215,0.005500048641353317,5.929617837684359E-4,0.25377632378753506,919.3890620298531,2.069963778502512
2021-03-09,24.15707008259848,13.459580118324602,51.524179687996515,0.5472008429974182,0.2238173640836066,0.008275159160886746,0.25178495357950176,920.0179647054628,2.04362657261528
2021-03-10,24.42543961260185,16.10907511725225,60.00812819673848,0.17213963097265772,0.062135564155606955,0.0051785660052384675,0.25121649299554477,919.8176501506571,2.0089389267857753
2021-03-11,23.03363003416328,18.233284662590087,74.5995906441309,0.4420753685339421,4.6170658343935855,1.0307302727680667,0.277682738603203,920.271156127803,2.1467102556967466
2021-03-12,23.79950672572636,16.28485280733697,63.424517602500345,0.525100872041625,0.3989806924771159,0.1127622755050577,0.2908550363836528,920.3332224782806,2.3047836441196847
2021-03-13,24.067750954052045,15.014241115284252,57.94636864208308,0.5614556076647201,0.6503188525053704,0.08295876243234244,0.28605733058985255,919.8554285315427,2.4814091032423073
2021-03-14,24.228729474889317,14.654281567466873,55.60295129997005,0.527725500004018,0.27032633891701485,0.01596821542227923,0.28019550651816655,918.6160032721615,2.359600708610569
2021-03-15,24.259250099556333,16.991102246435677,64.28495494959209,0.3562707976510642,0.23037016214273603,0.029073905803693272,0.2761613611627954,918.3439470027406,2.206966820265141
2021-03-16,24.204024448065876,17.217755632839697,65.63726242997092,0.206219700239784,0.7803284540911509,0.13744300685248648,0.2752537888334511,918.3722391827613,2.2510526966213873
2021-03-17,24.57943814573566,15.715683013989873,58.245474587430834,0.350919067846793,0.02571278338264224,0.011498052062410296,0.27185996298407755,917.6183191201611,2.186004098610801
2021-03-18,24.628617132340523,15.937950825485224,58.909554602187846,0.26747573588961204,0.33435114357367834,0.033167884486043554,0.26776781736689553,918.1172059555569,2.098845290059812
2021-03-19,25.08638745792252,16.39557167257167,58.961487751382066,0.25218747304932987,0.7045864319458461,0.08134391830135483,0.26660781110510157,917.4469507572009,2.2301175433600235
2021-03-20,24.240682647684,17.81998483971592,67.75110782171554,0.6275415261535014,1.3187625791896198,0.2040611426564375,0.27066680664116416,916.7433838387586,2.402558558672985
2021-03-21,24.4501458679169,17.686035981734864,66.38915201955515,0.2871861957185238,0.4510522938579338,0.07780557177486143,0.2720360252473259,916.8927819603397,2.2011203787940166
2021-03-22,25.107432706721344,16.805179603390027,60.53752799958908,0.27301260122748466,0.14276627585530519,0.023666460434884188,0.2686390433392226,918.0995439053304,2.092810953964161
2021-03-23,25.157526135172695,17.72015210362027,63.82398154233836,0.19731994053002586,0.07205046879104836,0.011338996781959744,0.2646079360282691,918.4730566128699,2.0032871868888456
2021-03-24,25.490520330974775,17.472899646688,61.56764166895821,0.4664206831466875,0.3455215100189215,0.045263495389382846,0.26188235387836184,918.2929117791657,2.0284692579022967
2021-03-25,25.517125052202935,16.92427576168136,59.85039972301203,0.5448201158803597,0.588990164256072,0.06689180900409401,0.26142652282820317,917.6098025357392,1.8351416344232772
2021-03-26,26.198872162447195,15.630430915695698,52.93879351030829,0.6847492955207826,0.5755865034033217,0.06691408176749843,0.2619400472004037,917.1477800503097,2.135732646090243
2021-03-27,26.36250567382926,16.361684218763198,54.6466242318882,0.3377127314204136,0.9984799570013582,0.0943584621522624,0.2626340777230171,917.1735839763107,2.15788256398014
2021-03-28,24.554194142200654,19.370304945677535,73.51006107646354,0.5189732832529211,5.181398380810523,1.0577857443705068,0.28992742330480303,917.2492064541713,2.641424202334566
2021-03-29,24.60942557902959,18.780271887534763,70.80658100941402,0.4507817996744601,6.540388241909019,3.737992566602133,0.31424145779677637,917.259389589364,3.1487822778602794
2021-03-30,24.745106319312207,18.979644316197028,70.87840109156075,0.7614941864995819,0.9038603298612552,0.42466331755772263,0.31595177292782584,916.3577918531126,2.8385513748959452
2021-03-31,25.030162235683,20.198077213571455,74.90329522344928,1.4626285813957867,1.8201197817272845,0.31610828368176724,0.31079031413210506,915.7365024204213,2.5645087080670605
2021-04-01,24.961397791976534,19.205296942112444,70.7226794155261,1.5111369830483723,0.6116461124983381,0.1204146969574555,0.305280494008667,916.0555501872185,2.631453248879399
2021-04-02,24.79208957938623,18.452244967830485,68.16114926719646,1.6337685818021896,0.14963953701420216,0.012799668020539494,0.29626926044561247,915.9050813269487,2.377440352630252
2021-04-03,23.704471798861018,18.52906860349806,72.8997071473869,1.5386948406617722,0.36263149191728233,0.04236194075376348,0.29031754192011366,917.2773214012451,2.1766262760561634
2021-04-04,24.295266305638012,18.269645821722683,69.39960998501799,1.1317505418540352,0.452741428170368,0.06625464872626313,0.28617914340992073,917.850534225858,2.149512511858853
2021-04-05,25.812260786791224,17.808668786415293,61.8093399832354,0.4902728424514941,0.023538530430267983,0.006955607382915222,0.2805612692063949,917.4178598846786,2.1765885928497437
2021-04-06,25.538449688201716,18.275629713909197,65.11257464983181,0.21681883651532002,2.8270947433902056,0.6690064769421514,0.28837046216846113,918.2373778494231,2.6678741433225146
2021-04-07,25.737999869273867,17.520613159400643,61.57097106678683,0.25784304700465605,2.7267289458366144,0.3962898810419539,0.29603768911404543,918.7984212601523,2.730530909017829
2021-04-08,24.39558853213587,19.4037119482036,74.3248679574026,0.9189573616799226,2.3110137273946894,0.4218234053380148,0.31022598185141637,917.5219261239115,2.91563201232541
2021-04-09,24.879315799192003,19.25017362642149,71.63915191657566,0.3362859768932296,4.772285992943454,3.1111914354817203,0.3196956896629,916.871113065211,2.867322769550419
2021-04-10,24.950804752956866,18.719966411433095,69.10647832881287,0.2585519542639832,2.4622672507119807,1.0768855860866093,0.3222511263080844,918.1458346171881,2.8648766652410624
2021-04-11,24.175514833210272,19.265874299015227,74.76174820122459,0.35478083163935276,5.69528934279115,3.6389033173512773,0.3279651119974841,919.355169964145,3.0927465011092394
2021-04-12,23.743898415868603,19.785994269528587,78.9363612733538,0.25981752346318715,7.149183347059388,7.18679672757599,0.3408994417922738,919.6431904533544,2.9527586606333425
2021-04-13,23.759634367196398,20.168717505216993,80.63685018346457,0.3865164186472381,8.118794893493956,12.389111342789569,0.3534165787597027,919.0988526536453,3.125876870110625
2021-04-14,22.872124964378607,20.270876346993543,85.42280894449509,0.29414707084469033,13.764724552221914,26.926325287625684,0.385442358843947,918.7731527727894,3.216225172719561
2021-04-15,22.2771506225156,19.893491753023916,86.40622819272973,0.5083553922742658,10.974672628053867,7.4028493906272015,0.43229530760232543,918.6533971905891,3.4692507736820097
2021-04-16,22.97170245185283,20.079890617663352,83.89553488641326,0.598872301313112,3.3610007040176235,2.969999237711225,0.4230276575083738,918.3108992814014,3.634384955928847
2021-04-17,24.027407516158362,20.57493134712614,81.2799813498033,0.6542934727104219,2.8752552877805613,1.078942534806185,0.4083852747799123,919.2483535959645,3.316500157964285
2021-04-18,23.314333167268252,20.717009661515153,85.51319078200926,0.8698731033501094,7.076819830020333,5.372518968420419,0.4109926370631789,920.0564420734195,3.4121852457181667
2021-04-19,23.445936282821943,20.839649132062963,85.4349309962926,1.043322782728045,5.806609921252648,3.122182736249031,0.41784174125370455,918.6462352060366,3.5866994751132912
2021-04-20,23.288702938857682,20.823181989183183,86.15663943670577,0.8340738039193497,10.904658069422695,21.372995502119625,0.4221396581200944,918.0478317197561,3.607199094122503
2021-04-21,23.27543139785339,20.88706684186538,86.57566236603049,0.6206781110027376,6.791877570082505,6.596967495200112,0.42252909384935994,918.9556392825596,3.471303715643478
2021-04-22,23.267021853411855,20.69249755080527,85.55741905044579,0.6097932184270138,12.17257903026272,19.846723399397927,0.4223941708918692,919.0487046331825,3.890320411232474
2021-04-23,22.94234095929191,20.845415755358843,88.05803713314108,0.5997829473077937,9.884680271051066,12.623845383581553,0.43274850446461716,918.7008393098416,3.672308315234203
2021-04-24,23.15922697575435,20.815694374453404,86.7483582048909,0.3393042129138899,10.936861540064378,25.682435320010583,0.43497514664295794,918.0216363475461,3.640664862547171
2021-04-25,23.653637639550578,20.550322999517277,82.95517806819602,0.3797167194022973,4.193906601897512,5.786993707901375,0.4299655300720124,917.7703872574587,3.7696694783322986
2021-04-26,24.415240216803703,20.827279614664196,80.66498668023719,0.6470487686541225,2.965146175437924,1.2253472094973163,0.4229916961080362,917.4955651499621,3.9088497369080466
2021-04-27,23.844931047796123,21.362193350966475,86.13101689290463,0.5558820916664662,4.903133125242467,2.260571210479348,0.425476085646579,918.4200988485889,3.339444284116684
2021-04-28,24.46976557363633,20.76575860689648,80.123535752752,0.5755532045503157,2.9082868017562835,1.3941982504560286,0.4188553088225128,918.7289912516698,3.8644096328314506
2021-04-29,23.342435771711983,20.843231737957534,85.99905240279689,0.5341080516510367,6.579837101379095,8.018081023325935,0.421806462327424,918.1251922185708,3.681284682495773
2021-04-30,24.396014751702896,20.948601557607155,81.31427858688295,0.1275147503447065,4.3742619188573135,5.276324324029108,0.42000372946324166,916.939647139392,4.0140832245422
2021-05-01,23.743447720675306,20.856053621356807,84.05819699731514,0.2746735898622317,8.789631453427402,14.880028816639879,0.41793320241893595,917.1856762225541,3.894232069597682
2021-05-02,23.43886251857253,20.88228739781578,85.73787723481526,0.3034716917541994,7.005211362051433,12.534403323831883,0.41931673130434355,917.1066670672383,3.5610613767806667
2021-05-03,23.258585310284502,21.005589820245604,87.26972735881625,0.3253430580069485,11.565190505929763,20.054735521461733,0.42885668869185567,917.0531473643201,3.2087663041136074
2021-05-04,23.3961343878878,21.134816642169636,87.27048125484305,0.2202020613178054,7.634226249330421,28.75428537177468,0.42821448110337307,916.8421141276639,3.1319604749839716
2021-05-05,24.630811234508002,20.673991189103923,78.94583245297233,0.39365897880215645,4.394272354970079,3.525732335993902,0.4211260812478612,916.5951961181443,4.187778085049553
2021-05-06,24.96742968595346,20.785142232126695,77.91586662632211,0.3627042393108177,6.157905772880206,15.816258702237,0.41258737098402876,917.3552912391276,4.421233655594058
2021-05-07,23.681221940738403,20.79624245036295,84.04349939173645,0.28849438323075155,8.86954196223601,13.025964079427956,0.4180579039158349,918.2259892778409,3.686281530608681
2021-05-08,24.67479400010632,20.705252938670387,78.78314562823213,0.30540921224939727,1.5249717261662392,1.1444177269516675,0.41049322855061876,916.6496105995939,4.125344242073483
2021-05-09,23.86899720776645,21.316003571218886,85.75405697487672,0.6172237382614515,3.6739906993667626,1.668737781473274,0.4165287457354154,916.5256351823247,3.4325390184747344
2021-05-10,23.820040510824995,21.45272373277555,86.6810915332997,0.4410678653060354,15.007239271053397,34.35959703859741,0.4264318778473931,916.4502462319996,3.487778903414493
2021-05-11,23.69856645094983,21.470165920598227,87.40796049851475,0.8398221462789227,3.8762782078284976,3.642372304973054,0.43324487288161095,916.6143581553564,3.468589883081778
2021-05-12,23.669295467674587,21.135671575354134,85.8156063930384,0.7990131377721162,2.487151416570184,0.6507314565197801,0.4312451083470486,915.1421043821051,2.9689718910469027
2021-05-13,23.752457385915328,20.914693210357303,84.21743672824671,1.014778565933957,3.2820986312760105,0.828790570907479,0.4270659799550531,914.6311940754158,4.00576552199952
2021-05-14,22.34836493917485,20.53982801368886,89.6171562210845,3.0541235648721017,29.989347290460792,13.010523943972002,0.4442821648024092,912.4804613219812,4.0322094793016285
2021-05-15,20.64406447245212,20.461101053522675,98.89096013841221,2.535835352102398,48.14858126498475,66.47152277966246,0.46617271752109696,911.7498668443884,3.096797490654067
2021-05-16,21.02813244320885,20.794902422827672,98.58878552551558,1.9897559656303254,35.19726005144223,103.59596441849602,0.4663652753428882,913.9322260934784,2.765046295904456
2021-05-17,22.183656702951115,20.602490967719323,90.80075856506761,1.757793977830006,7.931763767022428,21.118749671782307,0.45914793250774744,915.9351733356241,3.7554660561993614
2021-05-18,22.11171817780276,20.417938724521797,90.18864853598745,1.8057522241695998,10.295097541443395,20.90457999188788,0.45488868060234516,916.3856913782697,3.7464823014540576
2021-05-19,22.555932811094337,20.692489947855915,89.26921020042214,1.6015437730721491,6.580789431346009,5.71431428698821,0.45423340419243746,916.1082325904673,3.685227948955498
2021-05-20,21.755860352782662,20.91381692822989,94.9971560719682,1.1460472641861754,14.474020019061184,12.535507339945116,0.4588331229200414,916.7637848358673,2.868148450914485
2021-05-21,21.46790757264055,20.65335931631079,95.13859013067879,1.3369069729436538,16.66672273857388,38.87132207956068,0.4591961822673858,916.9168641313021,3.2960436311078825
2021-05-22,22.43200203973624,20.148532188252332,86.96941692866129,1.4256883323256944,3.1940481474300952,3.738632879147731,0.45317232622988385,916.4152866216752,3.8106797469271423
2021-05-23,22.732502265133473,20.048828551756184,84.85955233543808,1.416638030074059,2.1535719281614263,1.091773178021071,0.44989526883959785,917.2015679275976,3.4502393441917105
2021-05-24,22.984116786340444,20.013025242321678,83.40164675946744,1.8545093258426988,1.7116571555395022,0.6819124449345355,0.4407569846282079,917.2307737874751,3.7428642109015837
2021-05-25,22.069929181573038,20.45641404749792,90.62259086461592,1.8326797094971599,8.846134895113071,11.708487645272339,0.44894573315545955,916.2955932775653,3.3418780009451448
2021-05-26,21.627574093865526,20.19080828991101,91.58225044592909,1.9798984284560048,8.552191206768637,7.917502682743183,0.45801908209763675,916.1266792949922,3.4396762140151025
2021-05-27,22.114671897807614,19.098452893608165,83.05623442526012,2.157354308179355,1.6638631129240111,1.3671958168103875,0.45405012166559144,916.7745717053119,4.250244871992327
2021-05-28,22.18241870497883,19.81990068320441,86.54014288534003,1.8352818790705239,2.764663219396963,0.894924111107154,0.4478935708042554,917.4108903956839,3.3926920288632254
2021-05-29,21.835614436120654,20.354380067647394,91.37978171995711,1.733640019066265,7.140153340170329,6.572801059837138,0.45055691897468486,917.9065647080206,3.5413846584739384
2021-05-30,22.151980451298265,20.3294109694057,89.47270372576821,1.810232457122484,5.848652957409716,3.7788850365730036,0.44920616429737636,917.3829394660648,3.6167280217528552
2021-05-31,22.01183853757435,20.39190563165719,90.5805025566037,1.6977291077497476,14.489057500772532,39.4047418531356,0.4485948042289568,916.0226419955704,3.681474941106508
2021-06-01,22.86559814460159,20.574655673897364,86.97584551186762,1.7428101134079366,2.1976777121059614,3.3356636993974176,0.4460426763798339,916.067477664935,3.470320387411081
2021-06-02,23.272897150088255,20.77749248397249,85.92559003369432,1.0078800462217752,3.6978207469357356,1.7163829599187483,0.4470414939177412,916.2902159156919,3.7213476495573707
2021-06-03,22.93706635773567,21.125364075808815,89.57580241614954,0.7257138451752525,15.847384874232345,62.174629069575445,0.44653754936282997,917.0598317484119,3.250188911029999
2021-06-04,21.96105943095161,20.804779506375265,93.20125830491445,1.211065655424313,12.617904890763453,19.12608131489895,0.45205292114030426,917.4268207236483,3.4417564363559756
2021-06-05,21.45560499235899,20.688792066811832,95.41861985748426,1.3710029899675062,15.418139727089498,23.47098680253655,0.46475592259140647,917.2115799901342,2.5185677518539946
2021-06-06,21.959187570489807,20.499044323806334,91.46347907852872,1.3654775708887705,2.866603390307902,2.7477312462859564,0.4650671039898786,917.5100210236421,2.6747294020125323
2021-06-07,22.904925048452483,19.59598675482551,81.66351848544312,1.418557632020265,1.1516229968175922,0.5182962281313317,0.45052648087857644,917.6320217041642,3.6396632668071724
2021-06-08,22.165039478267886,19.429367879633233,84.53923588484018,1.663522559400678,2.2585733283478207,0.7729987900475365,0.44562076429857944,917.3930797434526,3.6432973800997726
2021-06-09,21.751204972688935,19.704258897085985,88.20116262290783,2.056529740261907,4.055992321685679,1.402849153474854,0.4482167627046189,916.793097494821,3.4351725906463293
2021-06-10,21.516653650808852,19.458462525644784,88.13656584379241,1.9909130194016236,2.713215683844111,0.9929189366848734,0.4481667256618088,916.1930504610173,3.1936284240928856
2021-06-11,21.485311704180656,19.748065300440526,89.92091451249505,2.437997178717511,5.741562923949385,1.5417627445337883,0.44978755642229845,916.2155634347798,3.0556834731107205
2021-06-12,20.62505098698846,20.124967913337006,96.97932778945699,2.5787610864691377,34.40405513225496,35.27289865542126,0.4619151551030209,916.3848937095153,3.609979480997745
2021-06-13,20.06813369263391,19.985895973334806,99.49531098628428,1.9134296534108064,38.04544287376147,55.6876875819843,0.46746842200137884,916.2855359301636,1.999645946869955
2021-06-14,19.734341279596975,19.642271667587735,99.43450103353383,2.4915835014523924,58.02280518924576,156.05042209956713,0.46653995154232414,915.7773879732373,2.2590913469563536
2021-06-15,20.652410428203638,19.96290658085737,95.85995700498304,3.256307315524968,32.8255308138638,57.598484836081795,0.46831572154253476,915.1629187771696,5.151506779050757
2021-06-16,20.45635203731343,19.81667067081685,96.15926847904501,3.264873237637588,24.803807353085404,36.945721245714076,0.4692142210546238,916.5870980942909,4.767466371685614
2021-06-17,20.775139723246426,19.782552255673806,94.09576546688996,3.1817233285949293,20.167104566274066,20.6693557185166,0.46985380368540935,917.2985096004829,5.125220619276835
2021-06-18,20.72025887075099,19.59375058762485,93.30257388761349,2.7437540452276648,12.859995947659927,8.714682736453035,0.47299884847860824,918.2149957836822,4.07009573228617
2021-06-19,20.6223355168557,19.4243788352791,92.89430195499546,2.4228306215961073,9.863548015916567,5.257282955721166,0.4740443704552871,919.545865005884,3.877291797746888
2021-06-20,20.743563587288232,19.507090223077764,92.674062804021,1.9657114984444781,5.341726093916709,3.086167183136051,0.47487499452284665,919.5355953845053,3.3654179851131674
2021-06-21,21.397829191791967,20.002850166995056,91.81386114355479,1.720045176015151,8.761894912032403,20.05506739593799,0.46549251599031066,918.3705265086629,3.334819485476
2021-06-22,22.1266182662824,19.464196981506333,84.90687780353073,1.6033214432329936,1.7290511656252519,1.9640508087989106,0.45521832321922384,917.5226753067901,3.3375917527078216
2021-06-23,21.968039393015694,19.485075846460838,85.85646695449879,1.4618714793634406,3.9785963075866158,1.6378628265793833,0.45737652552083435,917.5193314545089,3.284652394201056
2021-06-24,22.18597768962388,18.893182325504196,81.65677246131283,2.0502691289593282,1.4273463738504006,0.6700400112840432,0.451933844699267,917.9927470663367,3.679197129114958
2021-06-25,22.288214191703876,18.868888691738345,81.0361847310397,2.2172605675785753,1.7793369112888175,0.6167918656363452,0.44373732744587513,916.9446466737464,3.7649461640269735
2021-06-26,21.18951151963915,19.40572966014378,89.61207692394682,1.9452323858562175,5.943650052918034,2.4593004684065574,0.45293292595630774,916.804981146309,3.4854279331856914
2021-06-27,21.045281794375505,18.993375357243927,88.09711603253801,1.1334693948305035,1.0061659719801426,0.36890727989027916,0.44870169640649593,917.3430324572287,1.9168600340014648
2021-06-28,21.42731771661414,19.547300036903938,89.07457709623091,1.1206308453403888,8.790106708855255,20.010397381701118,0.4559748698275325,916.7764756871305,3.2204965000510932
2021-06-29,23.046405532297197,19.240697785528535,79.18105101840584,1.001463406288533,0.5441252829339002,1.4859297129192828,0.44794737492837605,916.2955602093892,3.6422763661928808
2021-06-30,23.36844856933814,19.74267782174752,80.12726068253966,1.4181993676239544,1.0092233914104713,0.3186676697167044,0.4383617943505398,916.3576861169772,3.5131598734458342
2021-07-01,22.285669807893843,20.24358742925601,88.25894549342185,1.4629065657193314,11.866586410116112,5.1868625778435735,0.4516075509491066,915.8589538503422,3.2358905803770606
2021-07-02,22.372257902410077,19.5547352016341,84.11639184084775,1.891527321906678,1.840906248813483,1.2003305446567283,0.4549803674672015,916.5007064012116,3.2798634721424413
2021-07-03,21.742173140610415,19.94336005712421,89.5543252326202,1.4866061164868765,6.391904416923879,8.16685081267394,0.459159236901659,916.8856216146432,2.724513576453677
2021-07-04,22.02733505522414,20.073196248769754,88.70790518210484,1.1559560662667825,9.493783745371017,24.15085091040024,0.4588966918311214,916.8781055315735,3.0365614772061003
2021-07-05,21.96077113971463,20.08641857004078,89.13606284562748,1.2602198414106829,5.004080569125014,4.775798208676757,0.4696778476423678,915.8880067895037,3.138062846023293
2021-07-06,22.836813992487404,20.227785365153082,85.2500190988154,1.0234089243220343,2.6354180261113296,1.2817916916714436,0.4613234626947883,914.6684601129896,3.1139398658347024
2021-07-07,22.046487911561506,20.21907311663787,89.41785353568056,1.371855934292318,6.330516175853969,8.515008198882196,0.45887276290926954,915.5260419048346,2.8352697036180894
2021-07-08,22.23206045375872,20.261838561309073,88.64965245507159,1.5244530367285993,8.814617027646689,11.808715098834636,0.4593924668068095,915.340867567593,2.925279439834834
2021-07-09,20.763481523232727,20.37712971892104,97.65581108402114,1.4436032380432593,28.58085934971761,19.322092666224492,0.4695288349041289,914.3129621651324,2.483518556170728
2021-07-10,19.898519476770336,19.64349092355399,98.43803173136034,2.6735152091228813,45.66284045077492,89.79233691265163,0.4642262277677503,914.4617842181692,2.7344278559416635
2021-07-11,20.329901720458636,19.56361823495315,95.38731027744552,2.954648318961736,16.8253489229966,17.457951889341707,0.4758458586384149,914.1601473087726,3.9368700298320465
2021-07-12,20.29492978383429,19.91516475115624,97.69833089565009,3.041290279580507,24.55553036182179,19.674984322843024,0.46939562260475043,914.4010189128389,3.5113126416369265
2021-07-13,20.373775629611398,19.82273452352371,96.67421665599586,2.9373127807282833,21.785831680590352,26.066585099563866,0.4693418491746065,915.1370357346783,4.072447043538491
2021-07-14,19.874441912119572,19.65625275913216,98.66652899967595,2.471328751791391,31.042627177714593,35.75691595065771,0.46671728119577466,915.5108746064792,2.8921537555609107
2021-07-15,19.799341911816718,19.67479505549565,99.23772487043234,2.3192843543825092,35.77985176249425,40.933642936659055,0.4666029641525433,915.2181778218406,2.343757672321002
2021-07-16,20.003813548519748,19.887883247369356,99.2899543447042,2.0351892787349577,32.98242619364803,65.25107632937458,0.4653461572188736,916.5337279106041,2.0935178930413083
2021-07-17,20.40783242780448,19.688117589817622,95.67681978934431,2.139405567194256,17.603401539341252,11.501696932966881,0.4704232187128637,916.8251897001816,3.007222338909996
2021-07-18,19.85254785259571,19.733460113171446,99.26984874772477,2.5462854624953746,40.24821406734078,97.62485345038125,0.46705335079444665,916.5562072142079,2.0866770928686753
2021-07-19,20.711474553657027,19.856992616260438,94.88950094015364,2.4970182427313823,15.300845925414295,16.076718603625338,0.4627271258767382,916.9939122077549,3.7287643170927462
2021-07-20,20.94380312116484,19.65389282978751,92.37488661048899,2.702541036501655,11.75627271032152,5.773691473152522,0.47157817211606035,918.4964327171804,3.773884581851992
2021-07-21,20.52541453242876,19.83686303941137,95.86891863061835,3.7420658672977822,42.11508098018377,56.046820031819166,0.4662042790607138,917.4919602550277,5.487622722797933
2021-07-22,19.744146865884016,19.570244413111347,98.93592914025271,3.807483772597106,46.989756893323225,108.52741274419536,0.46468036061319995,915.4447031504294,3.855021031122078
2021-07-23,20.21826771935657,20.004327653586834,98.694704117249,2.6043468217428507,35.284250669728486,99.19142028406347,0.4679085145134178,915.092803914899,3.03461879937347
2021-07-24,20.80449875750549,20.054970687802943,95.51986511854021,2.4415736211579175,20.572415642887744,36.59119951780291,0.46685410161243074,916.1882039619625,4.213671600020093
2021-07-25,21.26625802427293,19.831910859475844,91.57415717205102,2.5497197415276656,14.705099327316738,10.676731717222182,0.46960496541683394,917.10609502129,4.395485579965781
2021-07-26,20.494585780230818,19.54257512381768,94.31356246395963,2.180361290300083,6.871533528118147,3.944289470195551,0.4724817866805089,917.3496051761223,2.391274251848174
2021-07-27,21.1720044812304,19.60306271981109,90.80829991365975,2.3650184964867074,7.752382474734573,3.5074774823161725,0.4783118145025494,916.941605962226,3.7110808022901445
2021-07-28,21.05934834285979,19.44932185909729,90.5646608332874,2.461195442768229,5.960287124259182,3.3257231015425717,0.46944883680382077,917.6339060605911,3.6314014834300856
2021-07-29,20.906968482311616,19.340375816947965,90.80919752416294,2.5547205558443387,5.991357544695916,2.4972931486297436,0.47222561877815067,918.2863090258272,3.4939514762596513
2021-07-30,21.146110986257696,19.622717165105463,91.0723409672127,2.507971422236837,6.70217551287916,3.3483472610346814,0.4692111858671635,918.8441914580463,3.591726690630358
2021-07-31,21.058760847102022,19.448187607060028,90.58594694744502,2.6403167304277493,8.233823430307678,4.314059168632602,0.4665501742482564,919.2225358380473,4.2715864719593135
2021-08-01,21.19995391950608,19.245543914184285,88.68567794450216,2.7524762076147953,5.368524314864234,1.9021915991482936,0.464756507828117,918.0394847324765,3.7834392802585706
2021-08-02,20.87023919185344,19.118335652790016,89.76778819135818,2.557953377418808,6.518365136072179,2.8043085309386133,0.46728126712533447,918.51755431142,3.98669026187693
2021-08-03,20.891160417426313,19.346201175989048,90.93588494771507,2.2686334274749487,12.095085241769617,7.5911564838520205,0.4665461949462985,919.7631428593879,4.025577050617093
2021-08-04,21.12239245191197,19.673534927532277,91.49034722870425,2.4398575999585828,8.59952795710181,5.488228176258265,0.4660387002923189,919.6022436378103,4.007557343817352
2021-08-05,21.058829645417003,19.937795922433622,93.37386441652978,2.9797201231025987,18.187208485529162,15.707819429106564,0.4675962339922016,917.8602548821748,5.03935804960794
2021-08-06,20.86805404961676,19.8940604585004,94.22647185217919,2.66989288357824,24.32298715662795,31.92402958354429,0.4699557898812576,917.1845904609233,5.052349333358307
2021-08-07,20.806269035994276,19.938009390692017,94.82972158820455,2.087156442652113,19.075964032464324,33.116347577003516,0.46731052332019285,917.6364440455227,4.3822049257390665
2021-08-08,21.566046917047977,19.996410010379932,90.81250454314198,1.4431679941641498,7.8807475075532984,12.06326320896601,0.47043294430822946,917.7641845468711,2.9815705755996134
2021-08-09,21.949281645518937,19.481474071628266,85.93547924554886,1.4980815063107287,2.9618423345200964,1.8115444221516772,0.46714109461872594,918.0545227513519,3.3799029518872152
2021-08-10,21.241227411125926,19.637198890504088,90.60362634162293,1.5518460776429117,1.7144614814516999,0.6530089386477971,0.4622983288214623,918.0997455840337,2.0049679867716366
2021-08-11,21.317549218877662,19.68911487785781,90.4608600384971,1.741464043793404,4.531959450638553,2.5453047058778453,0.46187811391934247,918.1422733892662,2.389675706774356
2021-08-12,20.39486634087838,19.444316521149513,94.29432490097511,1.4262120350187009,9.27536883334824,6.631712882814627,0.47048125413722564,918.9048176586368,2.1860070789718096
2021-08-13,20.583641310441802,19.52205336672897,93.65968321931433,1.5752799818727832,9.780087616125257,16.88225817732382,0.4595465383373262,917.4568889637524,2.844772691677374
2021-08-14,20.758914469269797,19.1446365081152,90.51995405804682,1.9217110486677265,5.242763182011289,3.3462971982431644,0.4660059669606855,916.566426239582,3.2426606192420815
2021-08-15,21.065284159194782,18.949747089644294,87.76614500031664,2.041995080499422,3.2185932615135977,1.1114562352017632,0.4631106914378588,916.974921237198,2.9317344590267806
2021-08-16,21.020734071986148,19.67738080782731,92.07492818883317,1.696478466316441,4.177569015059586,2.028002394340749,0.4660823404612699,917.5646543868158,2.7559872204593447
2021-08-17,20.95963222417076,19.50708673876196,91.43719794018135,1.8129340972257173,3.1255283944898617,1.2516518259621223,0.4647245077821852,917.4892122457717,2.3922889399726297
2021-08-18,20.758027474797924,19.633126943941146,93.30478954984596,1.88746364270717,11.979029762373138,9.187033123085952,0.4660961331917164,916.5551594935812,3.136866091900685
2021-08-19,20.462303287004904,19.57553278791214,94.67849278869288,1.6253684269739603,7.732842371520493,5.914206461521018,0.4666531074155599,916.2242634840787,2.881117437864546
2021-08-20,21.67302690338888,19.53543987418485,87.66927321045777,1.2313741152751132,1.8223305896276631,1.0171881023254008,0.45760758824075026,916.6180878685332,2.953714486252316
2021-08-21,21.16323174221221,19.487518906669333,90.18425587714647,0.7894740038167297,7.769694790675747,5.0108168736230665,0.46387267996374165,917.6250849731643,2.8586823450104615
2021-08-22,21.82191408187166,19.3820562233815,86.05475813115277,0.7767250864404515,2.958046956628184,1.3344881096572585,0.464690019985761,917.2102999588774,2.9004962770614915
2021-08-23,21.35658335654415,19.68040833446652,90.19744733514875,1.0130092800937132,8.97459474919936,16.66501610599839,0.4569247366989491,917.1890040697793,2.9450928263760248
2021-08-24,21.714882468115064,19.897981697563385,89.442526216795,1.1130104399157188,13.67706873915759,53.74884251743359,0.4506658624475506,917.1526914941281,3.0630151042097693
2021-08-25,21.87986396827353,19.667930201778713,87.2866961608029,1.2897579708314493,4.9823071579987985,10.797559376816748,0.4493489808080639,916.1272718391134,3.0174376298163192
2021-08-26,21.973652181175957,19.890347677911333,87.99855941298563,1.3954513574430616,9.152576585194142,12.043480998391667,0.4555114943590078,914.7952458038604,3.399767458691261
2021-08-27,21.040405788612844,20.36971860098054,95.98584409843755,1.4509136020929034,22.146083332211212,21.272451030602298,0.46632087038845005,914.7428910458251,3.473792306890835
2021-08-28,20.178745890218632,19.849985016577673,98.00000871487669,1.7074291151756569,33.130387278696425,72.93829725230496,0.47044097367677973,913.9176897789457,2.06426531398354
2021-08-29,19.858355603549764,19.72367751205804,99.173707953477,1.8869238943572224,45.027721396883905,93.17659197184385,0.46755481250697156,914.1697213046201,2.074870641045732
2021-08-30,20.033805059790566,19.515925317239713,96.84854540812046,1.7041358962740576,15.962388644854633,32.16009471801133,0.46281774211516824,915.235257465075,2.3665307798989557
2021-08-31,21.442326364415777,19.95820749188119,91.2863666079182,1.4641468100128068,1.912800828005297,2.0195994766946073,0.4558139868713301,915.9900419604564,2.4898848690067665
2021-09-01,21.565259652581524,19.838921748761763,89.93748823494936,1.5832970391047563,2.252726081104,0.7255368841667579,0.4543082123734541,916.9318437430236,2.784872390776237
2021-09-02,20.80948062071437,19.713995109857297,93.46755796985242,1.3942125601568258,21.81487598147033,27.253755170524446,0.46664032502241587,916.578215262175,2.355517881118368
2021-09-03,20.316477935204404,19.888584641589475,97.39516223128363,1.1952024305790159,15.573256355221597,31.30398245438416,0.47124528377594627,916.0459658128858,2.0992056628566185
2021-09-04,20.37551461753198,19.86626333963462,96.91322522880888,1.7567647012953145,19.54375259751442,23.43078753230092,0.4736602598746241,916.4488637899537,2.9279626113988106
2021-09-05,20.173436957559062,19.95397518152247,98.66127767388598,1.7707183884056013,35.908267059926665,63.576358501720094,0.4659690478203616,916.431125234267,2.509720431734531
2021-09-06,19.36396927700051,19.189505310665165,98.92383427644747,1.6451475160969036,38.29264367640334,92.01977744497646,0.4672010093349353,916.6636474656259,1.5567644742937845
2021-09-07,19.98309196514365,19.444738817967686,96.73190969665964,2.174987702825788,17.639784185083407,24.457903804652613,0.4681431393462739,916.3391261385917,2.6809281977207955
2021-09-08,20.793715978283213,19.604773388179275,92.94889595606269,2.3231757284707535,10.058448621275275,6.986374775685395,0.4733154663737617,917.5603473810629,4.397211170251302
2021-09-09,21.42832653555367,19.668896213315712,89.75921954082332,2.0717585194987693,3.559343407965765,1.7277167236314606,0.47037546276730274,918.4839434045329,3.6059349126318034
2021-09-10,21.766593232608862,19.32775289915939,86.07187450188887,2.1510501573952183,2.397876528150626,0.9145867963710924,0.46173121650157506,917.7436217609567,3.601444320696772
2021-09-11,21.123267636748025,19.740436845628466,91.85520091168442,2.3429809388726532,8.053563767856325,2.4158624407006566,0.46663684458915206,916.7140730106958,3.497359483553346
2021-09-12,20.950263844795657,19.90408195186177,93.78247801448452,2.8287752284389525,19.083717037200486,13.391630935683024,0.4647713350701194,915.7746718535084,4.838833441267413
2021-09-13,21.085494465671744,19.99181746613136,93.53204192654864,2.9926299141660095,16.24137813631678,13.566944169775313,0.4695117683204064,915.5007235635376,5.214530881054322
2021-09-14,21.33065119096981,19.92852556489648,91.75939816107443,2.2027329683255217,6.064375644628328,4.379658687995838,0.4711890638380522,916.0152648831546,3.6264340839537486
2021-09-15,21.763663172166062,19.95925412067243,89.53738977942079,1.94131120095885,3.7400292352804385,1.8368551902698742,0.4668634628358605,916.444397079269,3.7257497539366695
2021-09-16,21.786623087510616,19.832340188291454,88.69658932946496,1.5783553188536532,2.541171921679174,1.1523279194778138,0.46109406133215775,916.3341655223365,3.318766344680752
2021-09-17,22.392365611522102,19.29998827041761,82.7003523819552,1.4087171680725057,1.6721244828696504,0.7121301645539453,0.4523889625356801,916.2884611607399,3.761709153631587
2021-09-18,22.27810356845442,19.386338208242485,83.71519582814335,0.8752041089044914,2.160451862446407,0.7159964957638589,0.44748228909476045,917.4852799287883,3.7569833041844456
2021-09-19,22.774210164726195,19.73044352281818,82.9736844845213,0.7263965916026764,1.0224434605749886,0.30389383069545056,0.44006865439466436,918.3285277529858,3.7403712542741543
2021-09-20,22.892721234722433,18.986795278435594,78.66056996716071,0.875081734994998,0.27956126376030177,0.10837337854395047,0.42874630707064904,917.7049827816019,3.982017111509215
2021-09-21,22.21308406244233,19.22465634854951,83.2144517342015,1.4280104792040944,1.9417164926712265,0.5361109487828278,0.4252584331178554,916.9224881332485,3.7152179540352255
2021-09-22,22.03049203601857,19.385222010050818,84.99645454461019,1.7086057800301409,1.6478633018384257,0.5092437566099304,0.425404447223036,915.713116011889,3.4809898248564495
2021-09-23,21.732746746175923,19.67259183172288,88.12117039375063,1.7246634509992467,3.5809178288055388,0.8978087204792955,0.4308029402921737,916.480389041091,3.343475826521569
2021-09-24,22.198772198757332,19.610518899806205,85.31317003823932,1.3236704071556133,2.8501952030354443,0.7987612896401532,0.43399813032628276,916.6201597855708,3.582289267615941
2021-09-25,22.386183713149734,19.330822948384483,82.88193720379651,1.6892091858820406,1.2748716806746294,0.3809506177253225,0.42745980067421036,916.069589768174,3.7351182397651996
2021-09-26,22.13677872959114,19.583932693932127,85.47846220203452,1.6351870315153163,3.503512591633554,0.774430833016072,0.42864637986193527,914.4175440026978,3.601936712304778
2021-09-27,20.459622498795166,19.580410074470723,94.73759033824723,2.117224180477844,17.53649362799126,22.421464735844033,0.4536195816466091,914.4734249911332,3.794241435516778
2021-09-28,20.636834719946876,19.44826498115496,92.9485693504787,2.2220235822295877,6.126529739185043,3.2437869975059397,0.46341480377170313,916.0107740970928,2.810151979601051
2021-09-29,21.40236463974933,19.52359813341932,89.08813249312986,1.7464555634243806,3.604645665954869,1.7458911889011315,0.45860960388593824,917.1431444003514,3.517816057410475
2021-09-30,21.823365828596945,19.871767063157737,88.70377250982159,0.8298840648762096,8.594020167101315,6.882865289433279,0.4509293299490127,917.6199146737094,3.311737480874138
2021-10-01,21.929400262071898,20.167310402624757,89.74824983863476,0.3719057779503274,25.82218230819143,46.806899179771115,0.46409396529678437,916.9632194274838,3.6210716720393608
2021-10-02,22.331604090244994,20.406659537764178,88.91075120264506,0.8650307276275431,17.77210843544976,45.82452692687236,0.4579592171950417,916.0884954960803,3.5346312087185026
2021-10-03,22.474138694482193,20.352356703253864,87.8271025634501,0.48033434706333,8.710406925681829,11.263692876218252,0.4606604449562284,916.0482040244111,3.7391276144608128
2021-10-04,21.92810918102756,20.474065879212016,91.47418373535758,0.39014058663027884,29.68509511569085,86.38466194959669,0.46211117204077956,915.7629073970678,3.6179262588663588
2021-10-05,22.073067588189364,20.175322900036566,89.02475192740455,0.18878957164530308,14.33380599494615,22.613573108378795,0.4661062137090826,915.4906119292824,3.619463884240883
2021-10-06,20.990914457974412,20.677195814935367,98.09284506427394,0.5774406946858526,15.901747094230084,23.358008556449096,0.4615854555667624,914.7347365242849,1.6657144023548254
2021-10-07,22.343353877569584,20.34602894387993,88.4928239666949,1.0913930481228498,2.723920096696172,2.082503667831599,0.45706625754288305,915.5486206486954,3.5982563570596766
2021-10-08,21.785485921083918,20.130755414910404,90.33777648300386,1.16983547132667,8.649971739173633,4.44109085958006,0.4654437606224894,916.6857580470296,3.1958104172741457
2021-10-09,21.252109073595413,20.600305382947294,96.07525751920606,1.109853483193818,10.651950717233325,14.961314925981673,0.4634864855623923,917.879109603941,2.491493260517744
2021-10-10,21.937313081709334,20.286181661532094,90.37981643479105,1.2123864192888876,5.322087584023706,4.556968370144549,0.46588930508808124,916.9821824596592,3.1796985588386617
2021-10-11,21.213120693762523,20.304228189073342,94.57977148785058,1.1054393077049751,13.629414243699445,42.50861159548882,0.46630089783964285,915.9154145861688,2.9235522445496898
2021-10-12,20.81117841812372,20.14081563491375,95.96323261860579,1.2203349485998185,22.77300878756676,44.405144127563304,0.46553584877996074,915.7302332291692,2.9576127211891547
2021-10-13,20.668836733589554,20.038398576942985,96.20184617261827,0.9541546415923292,22.81567401456893,24.200934021360155,0.47036920031694673,915.2351157054218,2.9185975253966587
2021-10-14,21.080503659014507,20.318920692868453,95.4340776770108,0.5553688841486519,13.777180648838925,42.10722826889981,0.45410621172181254,914.0831677394714,2.3698635945107975
2021-10-15,22.129979666618976,20.063487446598888,88.1122619643783,0.2232002098259748,5.02687746852359,8.11628196698602,0.45035186767871155,911.9082204516047,3.377169511009573
2021-10-16,22.15989223920784,20.7989658830554,92.02177311284453,0.38402591304183104,38.36652089688536,98.9137946563971,0.4572721640946575,912.1201330646578,2.7514517260924616
2021-10-17,21.163653836259666,20.6313716772245,96.7871042591689,1.1189432185375454,13.398375810177102,34.61076943704932,0.45547649626606057,915.0404774631863,2.2623272899631424
2021-10-18,21.435330259224465,20.097705949306523,92.1135620216669,1.3596575156859294,2.1422075042324202,2.610302087477974,0.45909869878272025,917.4000090974431,2.6496313547736796
2021-10-19,22.448916139444083,19.520859761037958,83.54350286770637,0.8771298418380262,1.027327191469666,0.4074762150712216,0.4516630361361928,919.041180744777,3.4164863512278814
2021-10-20,22.813413660915554,19.419853242505766,81.27488210381397,0.3337400785954631,7.379184408676292,1.565941211009152,0.4518522066322253,919.8587519884189,3.589325248276546
2021-10-21,22.048633754006623,20.289277359860325,89.78691570985596,0.7162885107416632,9.652122338393111,22.585829710887246,0.46012212966688626,919.7560606398168,3.3229262399476354
2021-10-22,22.124064561539377,20.014028632016817,87.86375794915348,0.5728946601072445,9.805501033671902,11.213033902724428,0.4617022711290175,920.0553410371762,3.6329772791874912
2021-10-23,21.363142749956207,20.17065869883085,92.94565616806338,0.22547212105205805,20.67484085612091,27.466275804032374,0.46352647996083396,920.6668695253313,2.803490885410739
2021-10-24,20.846714011395008,19.90911230789142,94.39799045571311,0.31926043430547724,18.78737206454375,57.4375930706775,0.4605079065861963,920.4320085571206,2.148450217580503
2021-10-25,21.53311016961683,19.47147047007175,88.08479483025124,0.7997052215739312,7.954292053828359,20.747429143127917,0.4568214820140692,918.7109455742593,3.4160666385141227
2021-10-26,21.541817660419103,19.705596929439494,89.33595924191883,0.6643218569483517,10.488607443063717,18.963969976949524,0.46031426180204305,918.1737659634231,3.2625572435297725
2021-10-27,22.134818758662195,18.718606890658528,81.0608380393616,1.0236925933488559,1.603387614243023,1.66989842380181,0.4554180610141899,918.1889877211619,3.8207013053541172
2021-10-28,22.19141374135224,17.949760005801647,76.97722691364258,1.212783160059189,0.6867217786137114,0.23630626975240104,0.4469960271275143,918.2170047453128,3.710638261710817
2021-10-29,22.140919535783766,18.98096139797003,82.3056107610645,1.3319118514286417,5.672481717540309,3.10455776793106,0.45169009730879717,919.0282111919453,3.71759876328561
2021-10-30,22.096271936887177,19.73630835658447,86.50196430774301,1.6198758824877506,3.963994404587397,2.3066117062860823,0.45839478633789926,919.4553802097582,3.146662785662959
2021-10-31,22.391037508853252,19.191531779618945,82.13739736528001,1.3541376011160091,3.390451629448353,0.5730200753771417,0.4530131797909201,919.1486408698812,3.5580909027722183
2021-11-01,21.597995779710928,19.320582297830214,86.9149328556623,2.039556256827118,4.344812230259499,1.2991104978067503,0.4659964064095441,918.0219549525145,3.393587811593224
2021-11-02,21.71663748503109,20.081582689876836,90.4506949872506,1.89459420322539,27.13351614189345,24.74244286159513,0.4673356353153798,917.5078313038069,3.2734062014226395
2021-11-03,20.61361518893856,20.304814009921575,98.11887972012406,1.3543258476193862,30.579142462006192,50.97420516806217,0.46670037555397875,917.9665544735614,2.0907260520465907
2021-11-04,21.18198456116463,19.865027279631686,92.21618257265095,0.894838757038354,14.369614018567773,25.35699570307068,0.468840313107937,918.0256035422175,2.7338892575780465
2021-11-05,20.691247905018155,19.790013668222816,94.6079205487559,0.33553298352616284,7.046675781947222,6.616471293227285,0.46894691966300356,917.90640207794,2.3057993702304582
2021-11-06,20.86558538250017,19.33873268895452,90.99801103800105,0.2841793199184265,9.886626574224193,16.056246086757625,0.46188178584199935,917.2656256558047,3.195007416013096
2021-11-07,21.533256601497072,18.967365618466708,85.36424178844848,0.7486439584632572,3.773388274345844,4.91243732425904,0.45770759786169307,917.4683238116894,3.3785408514693795
2021-11-08,20.58970360185813,18.285510789065647,86.66053307612208,0.8029295934861054,1.5076900340783208,0.8092006289223422,0.45533463932674223,918.1945775186659,2.030256433408784
2021-11-09,20.609716594705002,18.6125158916271,88.37050922899546,1.1315948473714363,2.6807959730914326,0.7339203490929638,0.45535862648656944,918.3118943710961,1.9915188221780913
2021-11-10,20.40719278920664,17.106172424335767,81.38059252761627,1.2144891116420382,1.000956447022632,0.25733639216255466,0.45254059144097847,917.092622177957,2.8336455125667723
2021-11-11,20.273122901138546,17.277270665340755,82.9347383766712,1.1057774002866996,1.6672916623492382,0.23145151792109345,0.44648522126004814,915.4519395372523,2.062836722563641
2021-11-12,20.322417211680946,18.909659180720126,91.61332390702165,0.5765103177162539,4.62276732178782,1.9547167022834109,0.4624251618282574,915.5553895676854,2.0349245391393773
2021-11-13,20.91162098295868,19.680517023084157,92.68568340419428,0.8939653395973949,4.844509721816823,1.7941548010549626,0.4638939347003247,916.2044502988682,2.376142705336036
2021-11-14,20.80021481987757,20.126239147025874,95.94072640257727,0.8871134543024759,7.009604711187983,3.5010232055854416,0.4701501256095404,916.2049309700045,1.9307218695700903
2021-11-15,21.0348886426649,20.291211375918415,95.5387879949944,0.9243871506670368,29.80910165327969,60.35858978035434,0.4640243958230986,914.8974160243263,2.463693709393527
2021-11-16,21.097257595426353,20.187386441413025,94.56105228052668,0.7693442586616763,13.218846783553182,39.59521260582531,0.4608092859840094,915.4516641687192,2.54783134743089
2021-11-17,21.517636124206962,19.65831420046627,89.17816603412098,0.5304428951898988,9.660463089087363,8.776267749027854,0.46829056251743595,917.0545260225007,3.485134963183541
2021-11-18,20.688494144259074,19.47792552315514,92.79626271414567,0.7359123286923257,8.542650021193031,3.777295280849279,0.47395848702298404,915.7005969385962,2.2449746904142476
2021-11-19,20.541021998183115,19.91062481982711,96.18575381159842,0.8134282919881793,10.224354592603191,10.108506357655061,0.46126300874620624,913.2651560009552,2.011204419222133
2021-11-20,20.44312114670892,20.045360060280633,97.58731488171014,1.2639851939535067,9.08085883334486,8.903201763456021,0.4701321994479535,914.8106636600527,1.7145871717977708
2021-11-21,21.10774769439271,19.026079148818063,87.97442906269269,0.6666735407343092,2.4264453423843544,1.945040868523346,0.46293407953998333,917.6549763171313,3.2756399336023216
2021-11-22,22.073793161864515,19.289049921886647,84.25198354072059,0.9856855228535595,1.5614934677964727,0.506236770228178,0.4530325022720633,918.3772354532808,3.3168017429416947
2021-11-23,22.218896317133144,19.63869801319961,85.35674788544357,0.9635936449762017,2.4999702422147863,2.284945691329966,0.4512645300803529,917.9928201800639,3.217196532936432
2021-11-24,22.10546290785936,18.849312894375576,81.81940011804434,1.5179629791806586,1.2182540085602092,0.5163017795372357,0.4447920449424614,917.9124631427076,3.483315676953787
2021-11-25,22.257581334253825,18.297844484468936,78.31425672274517,2.0697741865177233,0.2422288356874641,0.07074371802024279,0.4355616015159446,917.8432231072684,3.2331727222784243
2021-11-26,21.9535656686358,18.069873635877048,78.69322849556647,2.2314185989433657,0.33682946346228887,0.061674339061289364,0.4278748484394418,918.1753345725177,2.6693515130171153
2021-11-27,21.657029766682452,17.164925227740483,75.65587912363478,2.2466548077565016,0.44406926193105595,0.06954549169115298,0.42060648100659165,918.1404149792393,3.3370143418327034
2021-11-28,21.34661040471833,18.794523097577194,85.44593032556726,2.7435061657327804,3.8946590160158734,0.5346714370987123,0.42460598304450536,918.1029829044736,2.732105874429102
2021-11-29,21.45755203130743,19.226071274662864,87.13971983447092,2.459126847657614,2.474151540117788,0.8725801544820453,0.43995031534162626,918.471455824134,3.0395997219669306
2021-11-30,21.767606338449436,18.729203170273564,82.89900811629998,2.521756610523112,0.6870955911799215,0.23669067601555158,0.43214892751359174,918.3583311097473,3.0970571839286793
2021-12-01,21.973024394189235,18.244779193674685,79.41338845608914,1.3228765713019761,1.1723960405833111,0.17605590734809812,0.4216571835991369,918.481722090724,3.515764061794644
2021-12-02,21.7310123592019,19.11945613568504,85.12877020175507,0.18123448123182118,0.8442147255439165,0.1822521017057608,0.41854070002762467,918.7157581059149,3.118297642199677
2021-12-03,21.453271322993565,19.40574684620693,88.13808776846118,0.20727802837482617,2.334094231498047,0.5616380170250366,0.42181112663983134,919.4543345383116,2.7162906442188226
2021-12-04,21.35662494798171,19.171249783512984,87.37741409892149,0.4425973972902491,2.0179326609786177,0.5489936920861751,0.4251799193167369,919.9095746799698,3.0319423768130678
2021-12-05,21.544485612100033,18.705461652805354,83.89942845508818,0.38010594375888257,0.4447797891606663,0.13322132494828992,0.4171564640819182,919.4843527103183,3.1163353727910907
2021-12-06,21.89597130478147,18.446410361990793,80.81050176928667,0.6761972805959058,0.23052425451728256,0.04488092397871565,0.40655297658344264,919.1840945459301,3.0625574156617925
2021-12-07,21.524910896425247,17.74610862226473,79.11779331060397,1.2653461338479768,0.28055221169689526,0.08064272275566023,0.3986847576386468,919.2250273047052,2.9726963119392695
2021-12-08,21.33927560768111,16.922352741392526,75.95138228970438,1.5406928097849342,0.005437148538983517,0.005939812917206085,0.38963535322170356,919.4218729414436,3.1548376355128345
2021-12-09,21.42917823524856,17.544517608702964,78.56285653164336,1.785287452276584,0.22990634087290818,0.03657199619229534,0.38279303804073717,920.6383589892432,2.733278187101908
2021-12-10,21.618796410919394,16.026910935154444,70.54471986803671,2.1264889138392404,0.10241821976642498,0.01536574489833545,0.3751470235634195,920.5557082165374,3.503583743138129
2021-12-11,21.412514477960684,17.196765055727695,76.97617996946353,2.459692442652963,0.24257933833213294,0.03472387448154104,0.36924517088305975,920.5911641683062,2.5861070871564333
2021-12-12,21.63282408844874,17.015076444320904,75.09087166762377,2.7287224320243144,0.11948005149600444,0.02044356367028739,0.36384551884158584,920.2922502896266,2.7452226481822684
2021-12-13,21.657079755669773,16.946656604750313,74.67740687364079,2.544574179841152,0.02038830576434332,0.0036041588080493858,0.3573796545923061,919.5352671389963,2.8526651229731277
2021-12-14,21.53963696888235,17.141836044528965,76.12219317669802,2.3901316282381737,0.10305694378730247,0.01428730372497873,0.35247101607756537,919.3338623890778,2.2973927268647887
2021-12-15,21.50586836596179,16.23406240635629,71.97829693550214,2.0483888367002416,0.021384992082458854,0.004619200725629041,0.3466449345193361,919.9057281416079,2.917791334846722
2021-12-16,21.345816967026487,15.95580837043031,71.404535787277,1.6957280785298066,0.004623631670640104,9.631948604165086E-4,0.34011388952228366,920.5684270798828,2.97369245076639
2021-12-17,21.3480350501271,15.537003067810115,69.51240883655984,1.4734063488583156,4.379518756855817E-4,5.1992673562932554E-5,0.333722051087258,920.7537205797277,2.983600489674164
2021-12-18,20.739398103431164,13.679346570907484,64.05810244509405,1.6467098027094687,0.0,8.739130139034977E-7,0.3273811737375838,920.332700760351,3.1320994112716587
2021-12-19,19.810707373995818,12.097219029872829,61.19151105725921,1.7690108786651848,0.0,0.0,0.32118855371734173,920.9998711214673,3.083327187431037
2021-12-20,19.25430935096617,11.758472718037655,62.00246830533515,1.6686553451237385,0.0012934207802572928,1.7607973693001996E-4,0.3155797717437293,921.0109348756545,2.968298515959714
2021-12-21,19.958555055312026,13.871424349228754,68.04936039944889,0.7073709094247842,8.583068833445395E-4,1.0170613391180441E-4,0.3106211978645558,921.1715961101479,2.7740525591679397
2021-12-22,20.496543254618633,14.61841958579956,69.0435956394364,0.514997394542734,4.351138045421976E-4,2.1940539105447536E-5,0.30609022412206893,919.8194216311687,2.7362895843621517
2021-12-23,20.752431875411236,14.362363992775968,66.89154417630091,0.5952913454401813,0.0,6.678824408810621E-7,0.30169461118408974,919.5610267223014,2.75567788293778
2021-12-24,20.82917113655948,13.929925440412383,64.7306973953313,0.6315396312076522,8.913444716001953E-4,1.6009433984564172E-5,0.2974823837699294,919.9035490260479,2.7064708360797143
2021-12-25,21.083796707747,12.955478157960338,59.80632863033288,0.9390088535759633,4.84343538746909E-6,2.890008017000123E-6,0.2933447332697566,920.203211730917,2.779906188530683
2021-12-26,21.020308248510613,13.16516623662752,60.88834760475607,1.0272662305964886,0.005066886327060668,4.308477004616336E-4,0.289462881831432,921.2590961562813,2.700443517900459
2021-12-27,20.70289538609442,13.059835404555297,61.665096691973616,1.3903620300198805,0.003517170357612438,5.752888675218959E-4,0.28591381082814254,921.1882879276966,2.6512369206611943
2021-12-28,20.191677720468817,13.00670990917356,63.48541102366141,1.5549214630624577,4.410743663640915E-4,4.617316833576968E-5,0.2827771430732184,920.4683394142978,2.495601169549522
2021-12-29,20.276054716339168,13.29205161914138,64.29137968155192,1.456823729253917,0.0055167582357314995,5.94044731967885E-4,0.2799842430249828,920.0133180092122,2.4156173057394894
2021-12-30,21.409000890293544,14.225711538762656,63.82535280268589,2.0960938483551224,0.033939111643892905,5.991077186847313E-4,0.27727588488446975,920.9286576614529,2.4729180402443394
2021-12-31,22.155803055156518,16.716242853522107,71.48626495510761,3.164420525965285,0.7897354473392284,0.09961277830228507,0.2788050811576527,921.480688108434,2.1728239688468163
2022-01-01,21.807388545545933,16.775610387106003,73.28658996989545,2.699382334577373,0.8181695457812722,0.08963546247279153,0.28150661607837474,921.893790552642,1.997399193772675
2022-01-02,22.074119226398786,15.437438608500619,66.20923640995161,2.6697423208605833,0.22889574986886474,0.041567607907150604,0.28207750639461465,920.5549586381504,2.3674133352515527
2022-01-03,21.590448170709674,14.439849526254855,63.92682084634744,1.8401706973386598,0.013215348702233428,0.0035559368158955347,0.2792829164195208,920.5451067565057,2.3343977102562765
2022-01-04,20.609741515577067,12.868708931693318,61.36485367357522,1.8505231221599432,0.001276649559597662,2.3043897208536757E-4,0.27606694004331195,920.5718589019274,2.305747639816647
2022-01-05,20.507647984063684,13.74035865986464,65.23392175030074,0.7086657536978678,8.276934886887978E-5,1.1974453981027912E-5,0.27317029274145915,920.6261262604507,2.167103460129607
2022-01-06,21.723248897042215,14.839385923372529,64.96912091558848,0.5429058421629823,0.022063471951903252,3.1588521609727735E-4,0.2705517352147004,919.5931613366988,2.2340689933111846
2022-01-07,21.554121932019374,16.449141424297547,72.74262725429682,0.3386713107950191,0.24075665995539766,0.03281667264551181,0.2698664565045525,920.2416637469561,1.8682493100155058
2022-01-08,22.08571395214729,16.135045881857796,69.02540216494543,0.399748328983955,0.13927495902633186,0.017175796666114015,0.26879511217589885,920.1568790029047,2.0478199660925704
2022-01-09,21.56981612261658,16.05469159098703,70.9060734993212,0.23521465060041288,0.2801925750535966,0.03592275243597188,0.2687258526454501,919.290948388576,1.8728473563374344
2022-01-10,22.237889143645706,15.554529751755943,65.91510819833557,0.22686799002392974,0.11438520213752215,0.015864112036804243,0.267816927583462,919.2576965597858,2.0635050324106534
2022-01-11,21.937175950543633,14.832013580422492,64.10729523946956,0.535043634540118,0.13586089053405814,0.019687603588669587,0.2661532775530797,919.2819521395108,2.143867981636981
2022-01-12,20.86851928291334,13.205083944665951,61.559775595389254,0.9466103616074608,0.0,0.00126577372072424,0.26416048516636365,919.2048086838412,2.0495784477640755
2022-01-13,20.68814808417381,12.328751868921843,58.76851275100709,0.9775526146696968,0.001285171833842469,1.0302816342203169E-4,0.26201209402232684,918.7248702042403,2.0441508989621036
2022-01-14,20.869258765428597,13.501277264037105,62.752547771379724,0.851462250919044,0.002142786968306609,3.217854166322073E-5,0.2600720242182634,918.7155447770615,1.9609816108417892
2022-01-15,21.396384100092284,13.311672145027318,60.037945434454095,0.24944821575675127,5.718618467653869E-6,1.8695557580344173E-5,0.258194404936388,918.9812749222782,2.1182372341962
2022-01-16,22.00266981973543,14.028998439704017,60.6185600865453,1.4432690898463958,0.07950900776455762,0.009276521399570838,0.25697014394725637,920.0937899637863,1.996079628259332
2022-01-17,21.855467911783396,14.119222303181676,61.50671165018458,1.6441307866222792,0.10015535834955808,0.016375782204527282,0.25616151515425767,921.6172978935327,1.8988431701017066
2022-01-18,21.757632126632192,13.152144242050934,58.17785604121501,1.6606152506359706,0.001533286175073675,0.0010191536225101227,0.25484833422676684,920.2444821754556,2.026851124364442
2022-01-19,21.21786584655973,12.292278784605292,56.80613873655603,1.258369988559068,0.0011668266795694946,1.36790135885002E-4,0.25343377343766865,919.5878924693928,2.0190422978071463
2022-01-20,21.569942125787165,12.388533735372356,55.946160265114784,0.4065700018601416,4.410743663640915E-4,8.612077952337808E-6,0.25206233790591365,918.5770682411913,1.9811890289223482
2022-01-21,22.187273732616962,13.618551802192938,58.43881098516124,0.5782907930178101,0.010155149923667867,0.0015809395467373804,0.25084083175615224,918.9361082319076,1.8737110866121893
2022-01-22,21.631472050338324,14.904036494961009,65.62081470912779,1.0729848145624779,0.014621114801498115,0.002061117190220812,0.2498097960912407,917.6954917253045,1.9215411081762472
2022-01-23,20.364631149978266,13.201543042729096,63.51649764078714,1.412681011189411,0.001824740674559154,4.387112006653232E-4,0.24884624417469045,917.6871681204648,1.8823426459355894
2022-01-24,19.988631368913197,11.925682868595661,59.78108918172302,0.9435953702704004,0.0017096820096498906,2.229250800102753E-5,0.24800007862580845,917.0307204791721,1.794203352910649
2022-01-25,20.058892895301195,12.299111733215193,60.986305230554514,0.543547276590159,8.52346317969932E-4,8.165850069600049E-5,0.24716233143119865,916.9941966452261,1.8684087722063378
2022-01-26,20.69661454572408,13.630938107219183,64.02285081867514,0.39152360168484757,0.007102098768792237,3.864489704360198E-4,0.24649442946777625,917.5282962811933,1.697752014491872
2022-01-27,21.919109315444043,13.388400518164872,58.44297435555508,1.6692998416672964,0.032034867048028715,8.453189749805069E-4,0.24597519081474087,917.3013231352933,1.7972001315505841
2022-01-28,22.11751394462683,13.540173292579443,58.388430765078745,2.773331059792726,0.029847180017806042,0.0026994351023338753,0.24573553085107377,918.5148162738886,1.7773517618765542
2022-01-29,22.382838995465782,14.489242386439768,61.07715753047378,1.8905788391069387,0.005571763707788633,5.912302684943267E-4,0.24522753600980446,919.7697353681407,1.700742727355661
2022-01-30,22.88017990049894,15.18231389105457,61.93855823894332,0.8533088825969545,0.011634698818882818,0.0013167160675951186,0.24481253234427264,918.994976289001,1.5726164262344764
2022-01-31,23.30827283272113,15.666425924179928,62.24020427279309,0.2544493613197685,0.02014636124740686,0.003060530937683584,0.2443488480313406,918.2986031332437,1.8192784291356099
2022-02-01,23.349356547290967,15.56760712222269,61.697224960924395,0.487164166202408,0.028668801821473893,0.004347711234944853,0.24388657608087888,917.8400065526117,1.8525056179124841
2022-02-02,23.00407202748078,15.494396484468208,62.76734154331772,0.3500629750242905,0.054818350250427854,0.008973227226867391,0.24357490467760576,918.7245448838804,1.831137457921945
2022-02-03,21.847683300374786,14.588138682850431,63.41596773265575,1.1831618552704193,4.261732051702438E-4,6.268085292275977E-4,0.24313368945461125,918.5646845491584,1.7668239657286051
2022-02-04,21.09588392846446,11.754155189990927,55.264695434366,1.22774775178948,0.0012934207802572928,1.821567803734609E-5,0.2426136269723049,917.5230758560682,1.748311599803034
2022-02-05,21.498067458908388,10.93492930585507,51.11015587186532,0.29762162922065866,8.52346317969932E-4,8.273844428292645E-5,0.24210930610484147,917.7316803487433,1.8280252553750076
2022-02-06,21.3801492499624,14.083301713086934,63.25221248351148,0.28230279338505243,0.16928589747739867,0.024548888735293733,0.24235724853417168,920.1213929636189,1.6871495591954075
2022-02-07,22.180886350888795,14.583818390367878,62.16351390585017,0.2598421261503802,9.867572496678877E-4,0.0018418163167591099,0.24239171501329912,920.0104569599499,1.7216030955967065
2022-02-08,22.26973441076678,14.759531775911649,62.578298944153126,0.3972346702717321,0.02216464332162934,0.003277407732684569,0.24196821666145696,918.8493295272262,1.6975907907396406
2022-02-09,22.18171256366779,14.325415065009555,61.173633471154226,0.7628943594689654,0.005184207049035895,5.716511402169684E-4,0.2415995886648433,918.6059929861307,1.6966850762629453
2022-02-10,22.294735443124633,12.313074222524719,53.27783211789744,1.2887642085366804,7.932096418385973E-4,8.605296112642486E-5,0.24116934320548214,918.1900646049521,1.7933695673554542
2022-02-11,22.73746353964308,5.928068178123204,33.76219754485837,2.0695387531793847,0.0,2.9737079372904873E-6,0.24068862996205947,918.0702147978044,1.9021998665542674
2022-02-12,22.46564974149913,12.82973754614114,54.55413007304383,1.2518206034000032,0.0664810662391013,0.006967798598228284,0.24058111907013113,917.9006169249908,1.6977271299690324
2022-02-13,22.85081246026575,14.563045550394486,59.601500947605544,0.7310035997064382,0.10010222788452641,0.008720179189390156,0.24067337146601828,917.15020739154,1.607232497686759
2022-02-14,22.71407420047077,15.369149436779292,63.35030113280209,0.5093366286737363,0.22535510757098834,0.01821766151084179,0.24188235388715254,917.1732681978483,1.5475240617909796
2022-02-15,22.28016537650463,15.307375192274119,64.75790861933781,0.3373601748111663,0.18954877890432947,0.01968649853510658,0.2428024558788043,917.1455739044062,1.488137894303297
2022-02-16,22.20828100659312,15.729797007817183,66.82584081266188,0.15883875819835505,0.3811088313923438,0.02544107977294444,0.24345598742036761,915.4260109582261,1.3955591966734253
2022-02-17,22.56809530186757,15.381549226204369,63.987310469329124,0.6321364084212351,0.8540955340069744,0.09117564412872833,0.24905749873072558,914.8999311605392,1.8452028769139994
2022-02-18,22.889018927518986,12.60936374355904,52.509016186961446,1.0657094807538434,0.007999181637553551,0.006404467230088178,0.24909290339067036,916.5109547335884,1.7880529757820456
2022-02-19,22.93813924584683,11.77007420788889,49.427003880508124,1.4065575576157376,8.615441338122309E-4,9.124750694875303E-5,0.24737755620553278,918.2465292786089,1.842707554368822
2022-02-20,23.08418805961554,15.143147380814375,60.99072396000868,0.27233969258840657,0.0034023626833684308,4.806075176894355E-4,0.24589834276622677,918.1001986642881,1.6809863589170926
2022-02-21,23.593150806950792,15.071327862587761,58.979749962175084,0.49694640303134985,0.005816890355806936,8.867925000995626E-4,0.24460382949061968,917.4496519659447,1.722651699572708
2022-02-22,23.83825581216519,13.817884313008564,53.6407932497716,0.5086147363128533,0.007919213929313834,9.886385631088783E-4,0.24351569511705712,918.5662921056077,1.7389032821482067
2022-02-23,23.637224901854772,11.956706725189905,47.98061597357081,1.4924185906983234,9.042296350057021E-4,1.166107289485358E-4,0.24258011581573863,920.3186767362461,1.7647021897038444
2022-02-24,22.763977453216672,11.833645595877716,50.2991984883056,1.024183858740484,7.870024505168668E-5,7.068994806471857E-6,0.2417422878937718,921.0667920266934,1.7193759402992237
2022-02-25,22.966947287837794,9.744544264539257,43.24703645108872,1.3750257708663591,8.52346317969932E-4,1.0598556060562456E-5,0.24101326184214703,919.9943050338372,1.771790279144824
2022-02-26,22.83011501458915,10.253846675525448,45.19875402109524,1.063956118602691,0.004635369816835617,4.965847593969649E-4,0.2403778560829038,920.1174377435311,1.720057987878538
2022-02-27,22.953934296412665,12.295474447722224,51.116199914709554,1.0861172043752394,0.002366283005438975,2.413663186020449E-4,0.23986667170522583,920.2187653233709,1.6566301216444863
2022-02-28,23.004983693903174,12.395655212419943,51.48674015592857,0.9727033742375731,0.014497819570931332,0.0018816574788173238,0.23946297660915836,919.8954613878058,1.6471208917172993
2022-03-01,23.286877527539872,10.454468743967883,44.56655806630668,1.2136294355612172,0.014340066115885564,0.001952737168049342,0.23912233338815872,919.6868565395671,1.6679316205402326
2022-03-02,23.366112532434197,4.050424388242781,28.57311354461987,2.0323149045174325,8.612870487922919E-4,1.909457012343096E-4,0.238735054881405,919.1132748599798,1.7300135347537622
2022-03-03,23.416275872681336,5.812637948885502,32.09576147610793,2.1761345208158387,0.0017225727333425311,1.1479594298449649E-4,0.23834578412310856,918.9966612625109,1.7051639243306231
2022-03-04,23.921211538524712,5.743509568965562,31.009709416301767,1.99575276289205,0.0012874602930423862,3.828563123189409E-5,0.23800554783538308,918.8643682887347,1.709856364954581
2022-03-05,23.757588177472325,8.449965965243763,37.78271222489374,1.4265783111375943,0.0017322610820463596,1.6490171988283188E-4,0.23770488655942146,918.2129306394203,1.6655218395282076
2022-03-06,24.222339174376362,10.44207777169901,41.92770773812044,1.545963789049918,0.00494477077680082,3.077873561167748E-4,0.23746362025321027,917.9592755278619,1.6339733506245864
2022-03-07,23.941752702045168,14.710943484343899,56.341640618668116,1.5836949916706637,0.1876684796335433,0.013837909517179421,0.23775588991308955,918.0213857341984,1.5399157734823217
2022-03-08,24.12330036612387,17.09761057616097,64.90796815554195,0.45326841087675207,1.018224848705388,0.049278184922626866,0.2400067785750722,918.0830339981926,1.5420165133563473
2022-03-09,24.567830635689397,15.673745588427241,58.191762388920125,0.6198199054787842,0.3879055843890982,0.03214569438065591,0.24724617206579205,917.7608824183793,1.980472112385472
2022-03-10,24.148011540972846,14.700810904864953,56.097810053357,0.49830212408256325,0.5079770683974514,0.06934559471267396,0.24806691018210156,917.7695157764147,1.7506170474694178
2022-03-11,24.66748299368492,11.750203679194646,45.178437860379034,0.9424858952033452,0.005617764209249684,0.005418475945227457,0.24752411093493729,917.2274773239989,1.7548231658026674
2022-03-12,24.73490452432926,10.28932702542544,40.856243973204776,1.0877528425884824,0.0035675141946507186,4.008002875381137E-4,0.24568270732259748,917.0385371667977,1.6682805426514073
2022-03-13,25.285403310625828,9.169925025315532,36.28524544235563,1.8125164806071705,4.51142983123343E-4,3.515654190411585E-5,0.24408777920190788,917.3751414361577,1.6861672850454685
2022-03-14,25.376158453219848,12.664972927425957,45.42921676115267,0.98182715318084,0.0017771937549983326,1.4830767414731658E-5,0.24272224409274296,917.6477589471532,1.6103370317113823
2022-03-15,25.30280948935894,16.420654775715715,58.268217720971,0.471172614108074,1.4998949484721291,0.18390638684880312,0.24673335907595417,917.0202899888408,1.6874470909505217
2022-03-16,25.40980809295207,15.560905396517589,54.957785232813954,0.6251724743332131,0.4031367647873221,0.05806810181252704,0.2534151364797617,916.3371542628563,2.0600189908228095
2022-03-17,25.178495377992853,16.987851185891518,60.98815915732306,0.48697013136663264,0.6594506468229769,0.09016201620326361,0.2548931148344596,916.2540393439132,1.8486842480462895
2022-03-18,24.571224361032485,18.2925487176941,68.32123088517459,0.9362304063753996,3.2715907135596543,1.1054383376631498,0.27248202323657167,916.2328890075225,2.209361820729706
2022-03-19,23.20635624876147,19.330766429052122,79.00951653371798,1.2781071933404657,4.08503324906046,0.7485509524406243,0.29812025632864503,916.597283653168,2.30551785949855
2022-03-20,22.53841016117219,19.594289366107553,83.54654227425195,1.1056696796982164,3.23183339170094,0.5628134089964489,0.3170637445808413,916.6419343496981,2.1498270898538867
2022-03-21,23.440004463809704,18.272072296195333,72.91668634970016,0.8556683385595982,1.1824300029365489,0.1606895342711302,0.31588639819997927,916.6395692943797,2.347878580272321
2022-03-22,23.512664050032544,19.146756986273832,76.67802658972217,0.4096046134547546,1.0707147336875718,0.16923510426680527,0.31301416249924807,916.4170212673984,1.9814609403464774
2022-03-23,23.946136848475213,19.97017032390195,78.77248570765633,0.5217039020089868,5.648084989331622,1.662395885298983,0.32467035128827887,915.9529854348649,2.47942790359444
2022-03-24,23.15582732332375,19.736931634486808,81.51207878207104,0.5329846540490224,6.2503031214436735,5.337308228886377,0.3361426253570968,916.3586879916379,2.723496291807464
2022-03-25,23.099666060226372,19.638411781535805,81.10017043100525,0.5128825619606391,1.927432434301855,0.6797474752439854,0.3360948392303462,917.54908609304,2.637548183717339
2022-03-26,23.829233525473953,19.831418317403717,78.54128339242509,0.5004231195536823,2.4962254398250137,0.5211191034468792,0.33809155238802385,919.0263466295033,2.594580219807246
2022-03-27,25.056837637594718,19.66470509288215,72.61631428688244,0.3857779876582317,3.366729977913404,1.3889755771681795,0.3417623229586648,918.9696969466302,3.1094903502794002
2022-03-28,25.65528443404579,19.271134480262756,68.45604585296907,0.22781215390763906,2.301284498450859,0.6650492291618963,0.33792920051624803,918.5060902975061,3.257569526756245
2022-03-29,24.612574195605443,20.462445000949852,78.17746988013592,0.8380459969976864,4.548274795978544,3.597342707830538,0.34383099078307944,917.933134970036,3.044203151481425
2022-03-30,24.944330918675842,20.105393146896276,74.93897286157033,0.8799590629704009,3.372858647913383,1.5650116716720686,0.34772152209715057,917.8818302192248,3.12713908336551
2022-03-31,24.01864892098334,20.373222680547343,80.33694438714032,0.9058158749406456,6.0935458364760295,8.075033960303156,0.351311170684443,918.0712987088536,2.9975109522137884
2022-04-01,24.01893788880642,20.204341961287493,79.52585156003542,0.9245557875369338,2.2217622253538503,1.0209002504486864,0.3510691931423798,918.2648545067401,2.941202510953952
2022-04-02,23.830003240164633,19.448335751429774,77.02125833036361,0.7066173669749862,4.512891345613663,1.3471871055598248,0.3538201162103326,918.8445474032069,3.208998548857818
2022-04-03,24.81084846893335,18.879600282984022,70.21067549202847,0.27845212039012884,1.711565880975861,0.40994819993247006,0.3484511840781633,917.8979588397865,3.4117984169861693
2022-04-04,25.599254862760485,18.06671414169276,63.85723716492283,0.3674787475506807,2.2849278015503196,0.22696295538720812,0.3399461137537409,918.7040005885931,3.353083720734411
2022-04-05,24.535253673019753,17.961086347737986,68.09713176973922,0.21241504541508707,3.8388927406184763,3.5198620761008437,0.3438820208749376,920.0872693096599,3.446836026561625
2022-04-06,24.45996707729168,18.534380822391054,70.67738767191722,0.48959054242768696,3.447733387898934,1.6861239647567237,0.3458006569796838,920.1207249072156,3.3226984031846105
2022-04-07,25.431442479306764,18.86046444737254,67.96794156411693,0.33999299533228866,3.1906370533183694,1.0850885504177883,0.34510189621487986,918.6822338189255,3.4038411324167934
2022-04-08,24.403413856284555,19.609237882577013,75.51374392401684,0.6708317877712937,9.684168405831716,11.88612389628813,0.350118761618996,918.0991782654331,3.852343521213865
2022-04-09,24.153952760180353,19.710347506499758,77.00177786998034,0.8095577293758621,3.799543016475251,1.7445818283396088,0.3555673619827907,917.3612587467547,3.221877391101035
2022-04-10,24.11567840495593,20.011638436726045,78.39804429669019,0.9088544137202889,2.451309746470179,0.5938628084742125,0.3582975455187898,916.9835554029404,2.854080486049855
2022-04-11,24.90858194959437,19.842226747340764,74.10294446626276,0.5834993919335757,1.1839962867741811,0.24450933838655675,0.3510251432564528,915.9977102229217,2.707217974404349
2022-04-12,24.611973578575462,19.821799161277887,75.55869550882086,0.4440752872180616,3.045459699157074,0.8987578750000063,0.351412494212713,915.2593879506958,2.541226918408537
2022-04-13,23.246784610882365,20.3596552845483,84.20195125620607,0.1796571119266838,17.59237814868481,14.058709062287365,0.3835146600311792,915.2900755409746,2.9232608047537716
2022-04-14,22.466848543336138,20.668135409987567,89.71672561969248,0.3798168304084919,5.3816797776848,2.4843471264697343,0.4209580389032276,916.148859038602,2.1353516847226577
2022-04-15,23.404415053228337,20.53405679142431,84.04198702660419,0.57654820154236,6.200974944548293,5.263832773872064,0.415447667899822,916.1133394240494,3.8386060726333224
2022-04-16,23.457938545248457,20.53745235979785,83.78001414339631,0.5909724234863087,5.908345527060206,6.0677582454715395,0.41671633933754043,915.8258605493351,3.615278645281981
2022-04-17,22.745466673414022,20.40290535224559,86.6991980908664,0.9699559520132691,6.192446336595549,2.149452224952419,0.42901115426271114,916.9103890069601,3.5096897630647432
2022-04-18,22.590871170412584,20.16497607300918,86.25389118827648,0.8938732333963727,7.887329002249593,7.778365166497497,0.4306377957812852,918.2545739433381,3.5513646464770403
2022-04-19,23.593204122608483,20.299829380885036,81.980294230498,0.6640884416439841,7.306533126372164,15.069258394049648,0.4217287714765126,918.7254411744958,3.949720558431075
2022-04-20,25.764920984528924,19.97300735134024,70.83446126548337,0.2680154273320852,1.2573686412997582,1.3563048250321652,0.4048683515052695,916.3723766972167,4.2990849818336825
2022-04-21,26.00938296601736,20.29360979895314,71.35288246057995,0.23160984530932618,2.4291271889431685,1.064949840743334,0.39565108920057523,915.9301407426585,4.289065385204071
2022-04-22,25.444056179525596,19.509695852140272,70.31976528621206,0.2320665557229768,3.9036123451439337,2.4284656972005516,0.3889393513985675,916.7670234161587,4.440509466627582
2022-04-23,24.75810913806479,20.079990964112234,75.88649510698154,0.2688493768064937,1.7543199599338732,0.6634912374506128,0.3869958459934927,917.393831299381,3.580695528312547
2022-04-24,24.970060447815655,20.48360819629972,76.75180806356117,0.39502920435789995,4.763706708247498,10.926278417594993,0.3834362602885858,916.4693141700991,3.601688232780642
2022-04-25,25.153888010979628,20.526118282100278,76.25206510605972,0.6976939159843881,6.274849079813557,13.858339075706889,0.3825184039386108,916.3963625126623,3.876448388632395
2022-04-26,25.534143052341243,20.865676322673608,76.02944290553353,0.2558784204737105,6.436461086600697,16.035920121260734,0.37709387512476616,916.3256058923879,3.8537020890658336
2022-04-27,26.622309531364127,20.089319472597357,68.13672174970891,0.22070102184253235,2.596723032013022,1.5642924157224194,0.37031505398794806,915.9027333574426,4.22037224692966
2022-04-28,25.134149479718616,20.799160751496338,77.38267790231882,0.7671234160966894,5.790883492580108,10.519136687471773,0.37491413956986563,917.5271622064046,3.8481277947736117
2022-04-29,25.287262440632517,20.629224340590724,76.00696956078892,0.8478023833563489,14.078980078448193,28.97708378461789,0.37291968150380045,917.1761237713173,3.9708357701801957
2022-04-30,25.082491165224447,21.414966382210093,80.31756010850462,1.4604193399282759,3.103559435183788,3.592514286169926,0.3767128644892617,916.2447115110526,3.8153622355232697
2022-05-01,24.244408131257448,21.91917134291678,87.00196352177004,1.4234229360212063,7.817028493287683,5.5517553426827515,0.3986170737567656,916.0931846189961,3.4768070128733126
2022-05-02,24.571415966242157,21.37119300440262,82.4840211737377,1.3788290057343622,3.9880088787911765,1.624096462037146,0.41266632351122784,915.5666148642587,3.7419684317127353
2022-05-03,24.976492975988585,20.811571271213424,77.89148915688017,0.8917803805544284,3.9828944067510546,3.8811637665756633,0.40901853620957934,916.1372260149021,3.9776855671284905
2022-05-04,24.067328586908772,21.281317702898985,84.55609934628806,0.7298811178832398,7.488272790160039,8.372347776169931,0.413135415678013,917.0615145613466,3.3676754700425358
2022-05-05,23.659056076672208,21.414010172893505,87.29836840114154,1.14036088719875,6.756913030061485,6.402646111259402,0.433026735182937,916.3433169539604,3.4155942083713375
2022-05-06,23.348330850546642,21.126253491515353,87.40111591236098,0.8015558964126855,9.01074758500654,15.338367185151816,0.428423338672251,916.0605476249469,3.6681477865306156
2022-05-07,24.10226374833951,21.29550102269931,84.39717863675695,1.0435693022525319,3.340026556669477,1.8344640012636055,0.4235858252810623,915.4062224038672,3.7188488000263233
2022-05-08,24.4174449328605,21.160283170517616,82.16293562516178,1.1121632089049325,2.802739417449552,1.3365588889302007,0.4227462856754086,914.1622008758344,3.873119112273724
2022-05-09,23.99387602223165,21.482182612417134,85.93795149367206,1.9533819287655105,2.6351689329859207,0.9255527433594715,0.41695053225705997,913.5728741233552,2.973742557187133
2022-05-10,23.121067407286247,21.217040834948108,89.11876333652798,2.204181542147712,3.8404439455414,0.780905235178021,0.417011532030993,914.0236810883387,2.5929717190571413
2022-05-11,21.130267675969513,19.518020041173827,90.6070633333432,2.2677903777291153,7.501442107310521,4.722758116993999,0.4318543304591041,914.8403064584171,2.3740033215307346
2022-05-12,20.702984077769223,20.115595168311412,96.4550072465441,2.050044642558497,44.3290416093339,38.18521564205058,0.45574455848738105,914.7299284279869,1.6883401019254687
2022-05-13,21.094566684137895,20.452493122040917,96.15449131171074,1.4516552971984265,34.84019598089162,117.10839588330293,0.45949401332425804,914.5737535622005,1.992426707058104
2022-05-14,22.20271951663916,21.24814594245507,94.36199954813526,1.3393172166709262,16.739898058417072,48.54361664021786,0.4565225182102631,915.0222355883047,3.0215652482477884
2022-05-15,22.314475893821403,20.89153460843154,91.68684844084696,1.3750322597505151,13.948063314540512,53.44727670473187,0.4543123721765079,915.4938112139695,3.3928791767342283
2022-05-16,22.38789813541327,21.273677023826004,93.44340620127633,0.7753428950508043,39.280303145119824,73.25470882350636,0.46215887414368406,914.442853852848,2.88647433298842
2022-05-17,21.38658872046826,21.08783670627529,98.20281789029791,0.6600944001685694,101.54307519033877,218.33464906636036,0.47167348629108696,912.7364919401059,1.9763898452535062
2022-05-18,20.24062816836564,20.099150055062932,99.13722995298093,0.9146635979751992,116.11040381008903,625.3208698416609,0.47052341205813614,913.1233744178204,1.6898255503792985
2022-05-19,18.92957288082257,17.249698195472316,90.01741715798276,1.8052136507934675,11.615474330333674,50.37846720001294,0.4652681249981949,915.8458973529929,2.377137718828458
2022-05-20,20.997757664086514,19.732923530590057,92.52447498232011,1.7996629099359012,6.943074804130326,4.665623440770236,0.4646820028508484,916.5007604975308,3.2648916659624105
2022-05-21,21.244838496489255,20.3676610108981,94.77940774341718,1.8149210668607774,13.65242446426304,16.1469657066791,0.4665115481125857,916.1433303714276,4.031534798281068
2022-05-22,21.178163338022543,20.469719250344948,95.75314408971047,1.830992402273784,9.713343388715758,12.171088500365379,0.4623359863021046,915.2510468315301,2.860459497880723
2022-05-23,23.043314003221937,21.03844763925058,88.53406034061314,1.9337718900247696,3.4337827587784426,1.8830815460419155,0.4578339207917308,914.6596047213533,3.9044986308901835
2022-05-24,23.01084483655391,20.982180094924974,88.42091390001804,1.4052903168480937,3.0528507914958114,1.1391317553844837,0.45876629216955656,916.7240522257836,3.6648374829050274
2022-05-25,23.118083386538977,20.705434991020727,86.35587938757367,0.8213458984793806,2.846168031141315,1.1131466988841978,0.45549892718997903,917.4463182639201,3.662233906960636
2022-05-26,22.660804808355476,20.586054925969513,88.10734290176411,1.4125243596718378,6.26893502485009,8.82072121601134,0.4559686767499595,917.8018816688824,3.7892708001800606
2022-05-27,22.050274168037184,20.203405466587757,89.30734404289724,1.4232835755681355,7.041608894773721,14.150429541496845,0.4569053556868093,917.3464711979512,3.4284302140684253
2022-05-28,22.164681694768312,19.933703474491747,87.22255061702123,1.563903180186532,2.750845806042253,1.933322258157133,0.45602296011035015,916.963770617632,3.671994482490382
2022-05-29,22.664251105961295,19.44718166251255,82.09014223943367,1.5587385624537102,1.1130875279466725,0.3884021181629087,0.4481596474402666,916.4893770523676,3.8297092488398463
2022-05-30,22.602793046558894,19.686003992970246,83.63380188855038,1.3953849199280415,1.8478688174719964,0.49764327601891173,0.44231962568864197,915.8827384923005,3.866753672170314
2022-05-31,22.154260885806615,19.980630391705475,87.52456479528607,1.692919039776979,3.286655490866417,0.968258345791726,0.4445555395724179,915.5419320257815,3.576842359558943
2022-06-01,22.15570040958959,20.29350582592664,89.22766044794436,1.333949219377601,6.337740583990642,7.510251081344208,0.4508963634457124,915.4726156859186,3.514616944943996
2022-06-02,22.411117272454497,20.193642415779518,87.31130330019943,1.4982355947410964,6.811373754566804,12.54131597190879,0.4529397044903571,915.5268744270849,3.7206335130382313
2022-06-03,22.738624383945673,20.16559373523233,85.46570428129166,1.4758056519160978,4.1865776054599815,3.233009757460544,0.4537653973031421,915.3733214988374,3.862391984980217
2022-06-04,23.65685921036193,20.739739739774482,83.7480506070707,1.2355455436972633,2.2598553862596904,0.8023585423463181,0.4498683453137301,914.8164116790977,4.093375073722024
2022-06-05,23.364190232245107,20.917553212054177,86.19076097920963,1.3965827896501342,6.072981897123058,10.390318658446262,0.4479848725659215,915.0758462994065,4.0143790935662045
2022-06-06,23.10193086659236,20.887578996582977,87.39758016898759,1.3640963980694796,5.64122132320932,9.803980367322788,0.44799488341748334,915.4581281749436,3.526363123810495
2022-06-07,22.331412467234262,20.241339944109203,88.01949678138077,1.7545353868617093,4.079834264996204,3.3255245745600965,0.4527982158787619,916.3003867167995,3.511164104217228
2022-06-08,22.3354193468882,20.169800354439356,87.62965822812228,1.9205818694902392,6.708412234096804,4.981761503595953,0.4530999475613842,916.0677793228671,3.794111391594468
2022-06-09,22.809129827017173,19.54121876195881,81.85539621052718,2.1007400129594695,1.2400910527868785,0.7307885006724285,0.4436635472566918,915.5831206257785,4.031465143207401
2022-06-10,22.130336677787763,19.83564911218323,86.89009320534832,2.1172194509000444,2.87658279004833,0.9349114020662053,0.44251399679924197,916.4435047343608,3.3429058038813415
2022-06-11,21.791177356296718,19.827197309021464,88.67404597127472,2.128256733166925,4.7662094239938595,1.2866715227888674,0.44664479653562517,916.938129387911,3.334232126650743
2022-06-12,21.091045021464154,20.072598745823207,93.94904779933614,1.5482014308094305,13.271849877109831,17.439456061232693,0.4552604828982619,917.0491308935059,2.7542335823305333
2022-06-13,21.981777411924345,19.79937780911866,87.47640785839191,1.6482893698696974,2.440518787723872,1.926135049231701,0.45386886889700945,917.3772506054335,3.1833924882792974
2022-06-14,22.551956790168532,20.214076177924735,86.67351880545637,1.3104247620888272,5.1458923249736745,6.669261922126458,0.45038254136391237,916.6406451866795,3.546557067813501
2022-06-15,21.96924017106134,20.313261983588497,90.36360771812245,1.2782033249316866,9.478335867290287,20.751485023108856,0.4488923138415074,916.2005624819213,3.1420667222779883
2022-06-16,22.039754120173708,20.456683229646494,90.76638315220602,1.2910461528335482,8.799373512925161,19.53208591325009,0.45578002783176874,915.8765326952838,3.0482495818486726
2022-06-17,21.87061321275982,20.20286929445591,90.28469317612893,1.0632238821044597,12.1998125852798,28.440606132319672,0.4546115293743452,915.3897528352078,3.1721898903897494
2022-06-18,21.57510974008049,20.491821106847254,93.58302520131065,1.1765695242279504,11.067979240781899,20.461484167464302,0.4659142335787041,915.820586562549,3.0196895673725104
2022-06-19,21.66265042671234,20.23977654771323,91.65396452848692,1.3214898006918563,12.423622237890939,18.722580408011936,0.4664337114103424,916.2728333336707,3.580693150590966
2022-06-20,21.581243014651562,19.78790978656854,89.5771031991477,1.7335074480848662,11.891097283635304,19.739037463322376,0.46351583808798996,915.5085066610808,3.8488841018879745
2022-06-21,20.274893088277977,19.990716748179576,98.28076445041549,1.814659051064073,22.5884984757634,21.202523114941116,0.4670871477199965,914.8981525316212,2.2757591088212834
2022-06-22,20.91887518068923,19.764430722894748,93.16534156732534,1.88220711631907,10.84916581616968,11.978097384153205,0.4623710101809228,916.0960672846951,3.6813795738465593
2022-06-23,21.29142782039375,20.251843735446233,93.84517228027934,1.8049732546666957,12.424947341154562,13.35279332686987,0.4634066957269445,916.1917387787765,3.4077609113911937
2022-06-24,21.17723659016221,20.011612037781486,93.10120203639876,2.257481821766482,11.507785812957415,9.26757186113833,0.4701771125745108,915.4985810254693,3.125933415201392
2022-06-25,20.672255819190088,20.06013923317131,96.31055202148278,2.339409790144318,11.541873035631404,7.549587363122464,0.4700200583805946,914.4022913051019,2.913835455345549
2022-06-26,21.217097219490704,19.836376206711968,91.87108850402478,2.82272066529552,10.365241792646236,5.299789898967995,0.4755450767109498,915.1804835557779,4.6802015541809645
2022-06-27,20.9528927842854,19.66506592424236,92.39797613674007,2.1929259942981436,8.465936063671291,5.450305923938008,0.4699753731513218,916.5285104323818,3.933051828973605
2022-06-28,20.842865214952393,19.812091134661035,93.86826351334221,2.0717238427719122,22.324774771460945,20.589681785424492,0.46698538363426273,916.2090623100288,3.4908717065733663
2022-06-29,20.262448892286837,20.138858457722755,99.24504825387476,2.1765838940355615,37.04263195480805,77.5672133273922,0.4684713391264712,915.1781604228477,1.9518148123115715
2022-06-30,20.53012603239362,20.061865456573038,97.16954272099755,2.3973626809683073,22.228808805942265,27.670658575221744,0.4697506308999713,915.1798205685958,3.0729823922522748
2022-07-01,20.634707879197865,20.193388397993917,97.33584119912487,2.793037534977396,23.68582028491037,32.592936345659474,0.46657719615601195,915.4838960783645,3.4861858561377472
2022-07-02,21.239650883934512,19.903995087467553,92.145144591851,2.7178684457027025,7.869586669597938,6.080244509764002,0.46889388003134824,914.4258118354184,3.5054801221452334
2022-07-03,20.779046407870222,19.75454772654442,93.89347289370501,2.9104194437933324,73.40882476089203,123.91804113704251,0.47029189823199125,915.0041119644262,4.399347545795622
2022-07-04,19.79822229091697,19.656922615767147,99.13701746094867,3.303279340575674,85.39848616697114,357.1243455494236,0.46915501142081995,915.0967983278226,3.1060576402419224
2022-07-05,19.771885399251264,19.573809431137395,98.79212393797359,3.4911572579582013,52.94242078417423,136.11616207640185,0.46591004198284364,914.6039747187073,3.6191259209173507
2022-07-06,19.90748757284241,19.735498767780577,98.95414633978008,2.750473521320275,47.659840085379656,122.05731162273645,0.4628180535235117,916.2071294592865,3.1965985120086224
2022-07-07,19.705513241981773,19.57831297581907,99.22104985644854,2.645678658527602,44.38998966458115,100.20974339787031,0.46687184221830513,917.7409097879714,2.5163751550732156
2022-07-08,19.99238700378821,19.44940141268435,96.71612185584348,3.046320729571446,33.71521605515334,35.51148262223877,0.4682803226697599,916.7160300433337,3.79263201320909
2022-07-09,19.597299277920268,19.390472451198434,98.73472629088529,3.3055285513297408,40.9067859716605,133.2855712266572,0.4654668271095196,915.4388299872089,3.154240560736444
2022-07-10,19.62521807225239,19.435472999183347,98.83948176664529,2.6780714854213468,31.754281398767898,49.40890807901805,0.4663006841538894,916.2909861051475,3.3506068570262713
2022-07-11,19.49986140032897,19.251337024111347,98.47792039766335,2.4603824882918217,23.61658867781222,30.89037654207387,0.4678146271321584,917.5983168675076,3.087444589321467
2022-07-12,20.227072188035333,19.316605491607426,94.5479727985462,3.3664466039733982,24.013233283995667,17.692672992701393,0.47177424260345413,916.9819554941121,4.931430532920538
2022-07-13,20.005067937661757,19.41140253568305,96.41540103472116,4.088284708453524,38.83097230382515,56.96738885441111,0.4656660416417716,914.8989437291532,5.448422082535118
2022-07-14,20.179376629687564,19.53436047360295,96.10672372362922,4.1695033990697095,35.62252497237482,58.09875230880815,0.4636013558297616,913.8415009518451,6.229156347105188
2022-07-15,20.591728417219684,19.749461046261302,94.96206888688792,3.3949163820447983,24.09168986045294,36.11985347613045,0.47060295150691783,914.836030881609,5.718949257208052
2022-07-16,20.742253563078755,20.072687141693034,95.98270867704208,2.530837032854276,24.88639776412644,46.52823253853115,0.4642430203765951,915.5352487833943,4.3186868430093925
2022-07-17,21.308454165118242,20.183938202101814,93.35591837423517,2.3743767187121083,17.466867936666286,20.418409644649145,0.46977591328702034,916.1182940270396,4.492199724866973
2022-07-18,20.768650241410395,19.872614728902207,94.63935799741378,1.9971820017546584,21.72349055992704,55.70473387255372,0.46840142593884854,916.5920870637518,3.7290393327108404
2022-07-19,21.263700661305982,19.80697877157733,91.42091129061828,1.5740729657030477,6.977512407386959,9.505292947986446,0.46970882211389153,916.4218387321255,2.60567429259476
2022-07-20,21.644651812469075,20.065758622001724,90.76389867297982,1.4827819100213677,9.495495382785826,24.47567556599809,0.4627184814565644,916.4430311983157,2.950021855018904
2022-07-21,21.881452618267225,19.79615353093738,87.97584197146683,1.5872253954038094,6.898144632551191,18.23217842630464,0.46327856163250225,916.4826352167931,3.1693987191017015
2022-07-22,21.20955547670181,19.792703604336513,91.65170309434828,1.6988284899255903,7.797655297962756,19.600021209804286,0.46255885746620334,916.6116926213177,2.781882711069925
2022-07-23,21.309842584528475,19.618138767337246,90.12758615099997,2.055243324488008,4.057918167547224,2.65095492747436,0.4655344411790858,916.2992217216573,3.0067072343628505
2022-07-24,21.197302023705287,19.192015697489385,88.38366092875448,2.1547998460071054,3.3573896385876223,1.4397944697685487,0.46646968255363697,916.4735805810149,3.156892502357855
2022-07-25,21.458479718667174,18.96647441811418,85.76026994923009,1.7725439939762735,1.4817842728847503,0.5493173284514294,0.4583017104790178,917.2586261186752,2.4742564511166587
2022-07-26,21.381171128859478,19.27837953360561,87.82950734230663,1.3089636009497059,4.065796530777842,1.5485263167215064,0.46061277684378993,917.1624434597429,2.4631025232284522
2022-07-27,21.666333172256042,19.802968568403028,89.16668555359821,0.4549944155323367,15.978431582826449,58.0734779047642,0.4608061779075106,916.387365186404,3.061675376566012
2022-07-28,22.280859133052363,19.93621465899309,86.60706252571354,0.25174130683316265,14.147042516452531,37.78675270944692,0.4565345230714953,916.5051107245289,3.119430225095704
2022-07-29,22.918984644421364,20.412266508793163,85.80601235759492,0.07641974333222964,11.587777069959312,15.743678549214685,0.45707958554161193,916.2255556926426,3.4528204527167308
2022-07-30,22.605787305395694,20.725117919519867,89.14682948797281,0.4998128259093738,13.529216014225879,29.704219144537767,0.45553818383414457,915.5754780662946,3.4322052904744758
2022-07-31,22.417391910150826,20.438742087933743,88.59554816376965,0.7709351279440381,19.043343200946715,46.27348293897666,0.45910403081732243,914.4021605096009,3.17914719806143
2022-08-01,21.826191430477014,20.625829719774668,92.92377073714316,0.9493928016128516,25.734775875710298,71.3087464875375,0.469750304401033,913.8498733836851,3.069193230222716
2022-08-02,21.469506252165917,20.102983413753744,91.95235926163589,1.0935338722810037,11.947688439346752,30.07560044995773,0.4623768450400061,912.6853800859858,3.046466120150572
2022-08-03,21.458770374585715,20.517959309734096,94.39374810793792,0.8012273906684089,17.067969122473574,34.91765607321388,0.4680668763879594,912.6772309213434,2.7956649425416673
2022-08-04,20.33384572002122,20.12530021409624,98.72546159955749,1.612502737561578,33.04966747478039,54.9106238536929,0.4700396269263403,913.4944961645249,2.0068897592614823
2022-08-05,19.535952785190286,19.37946176568124,99.04002476902902,3.719817220331683,68.76401026779278,244.87525631746277,0.46902333008426667,914.5059571959043,3.7768899619464276
2022-08-06,19.823162004547253,19.556153616971343,98.3739114280857,3.6500853886831153,41.70679411606982,118.8163471334468,0.4669000452215021,914.0891551789206,4.220153581102516
2022-08-07,20.406721738192726,19.739908635616782,95.99901746839906,3.381177168974964,32.34754832646653,53.49140410064818,0.4683511167525441,913.6737207772006,5.532664293214046
2022-08-08,20.20944577642827,19.652632535095034,96.64764133246011,4.068785372220939,33.75367197707193,49.789574415544124,0.4663351828653554,913.7794325090557,5.51261208966067
2022-08-09,20.20310539926589,19.347108449290186,94.86489236262477,4.118826156214434,26.257406381520767,24.164135964130846,0.46821538703427057,913.8190799586285,5.944878036768594
2022-08-10,20.413818908101284,19.312721981155995,93.43698890632477,3.809423179928823,23.510593861964885,23.934864431666004,0.46954796706796414,913.7192922609236,6.2421815306109645
2022-08-11,20.43745882293847,19.75017129192112,95.87085615416397,2.840141373338832,23.087195821830278,27.617312819692774,0.4696782408036427,915.5832423922865,4.956764118280851
2022-08-12,21.238871651473794,19.447133370264822,89.57009015972437,2.6062300985614106,5.255445796115918,3.791744688463343,0.46763269638563765,916.5167893725303,3.9412684217979597
2022-08-13,21.472877848543494,18.595951000517942,83.73118916282802,2.3469635282902566,1.8960200333080643,0.8593208470615403,0.4624930861340821,916.7743981041402,3.340037278736575
2022-08-14,21.420511711455553,18.48281417000143,83.38048997501136,2.220446329635469,1.2418804893658726,0.48196771371946967,0.4547026056561522,917.4595998889876,2.794132507206045
2022-08-15,21.479860289054642,18.45080024196784,82.91070525470774,1.6630744675559996,0.7027017246059862,0.24704712941282864,0.4468362490079706,917.569778586385,2.586792299558503
2022-08-16,22.181266337195225,18.274863142677344,78.55553476979759,1.335852898202664,0.090797430667346,0.039319587292615164,0.4373120840744895,917.3024936148555,2.8515840413892084
2022-08-17,22.35467077989928,18.20218304547911,77.38107733056543,1.5526904059339375,0.1806966829085655,0.049931504221222944,0.42831395068613476,917.4108520615645,3.032591422264964
2022-08-18,22.171548342288148,18.81322616730694,81.30535689022923,1.7807314069492928,1.2979217488138937,0.3334173951128453,0.4251503416043014,917.2596951187401,3.1315130656446675
2022-08-19,21.994965558272394,18.64535517967459,81.33356657495519,2.0600362124212492,0.5577230695407204,0.1735742818656461,0.4213412342319868,917.3904389203419,2.9516299569066975
2022-08-20,21.66949277258729,19.001953917519963,84.83551585475156,2.1572592197788816,2.0474283482531046,0.48657626041101426,0.4210764802939405,917.0894786179431,2.807252228591407
2022-08-21,21.322836516752076,19.726515645798088,90.66261195880031,2.036311181757531,8.50916772689248,7.58349415769444,0.439713886596642,916.7365668185239,3.2056206501423725
2022-08-22,20.5664093061092,19.710217277596318,94.8744325872083,2.3074468755337723,28.113908312521353,43.518576006132385,0.4606735591226933,916.4652452341332,4.10490924895311
2022-08-23,20.5990805732026,19.476979498378473,93.33880455779791,2.222595105180727,14.539516897799173,15.3587708928516,0.46466580133913904,917.2462193236277,4.316654326618473
2022-08-24,20.080790108173336,19.441654496849143,96.13223733687876,1.5391469658986359,31.75835198572187,32.08549630602104,0.4689502016476195,917.7159884429412,2.793366542408571
2022-08-25,20.821736094458736,19.645726638696097,92.99737977444863,1.1522113067767794,13.423808796195603,17.575008991896688,0.458523187887496,916.4699950256712,2.4205659864798075
2022-08-26,20.92203373215088,19.504313063911816,91.61847369022736,1.0464793499809517,14.023639247128731,21.332818271360686,0.46639018669176774,915.992027703177,2.6909899589364072
2022-08-27,20.642640471177327,19.74868829264714,94.64220825441323,1.043840691731183,22.15848967857055,67.08222018819427,0.4660795190328185,916.047684777987,2.8795591317420253
2022-08-28,21.8980019486289,19.403172454382755,85.77643479789424,1.1463754664898498,4.318585785480504,11.744578862898647,0.46274182755913135,915.4052188325898,3.301954849664243
2022-08-29,21.680515473954,20.212969319272943,91.38773287223543,0.595736843158321,20.3207972646103,57.37065025698082,0.459559657338642,916.1613105139062,2.7855548051328944
2022-08-30,22.094998466860048,20.23477385809159,89.22293737915332,0.30510020997453824,9.344406994666665,12.286289248571292,0.46732351163402697,915.9949638452083,3.2071528265447786
2022-08-31,22.431432163713094,20.380328270128754,88.19699881300033,0.37428013746373157,15.65123324039615,36.863237362076404,0.461606474934019,914.9722102232595,3.792437462616673
2022-09-01,21.866245416476506,20.2420279675495,90.51356849558312,0.3323305713064828,26.61948837823771,57.90433228794524,0.46259868755297345,914.6900252892818,3.146813081854058
2022-09-02,21.939433366107664,20.166577047916572,89.70072016005376,0.57689616382703,11.086012015237452,25.017375266624768,0.4573429844760994,915.1856921659107,3.6058590513163558
2022-09-03,22.596707507495125,19.833620467400085,84.42711982585575,0.6338442119661766,3.377511314053667,2.8601006232051818,0.4579637763860722,915.5380174590412,3.6634600513444853
2022-09-04,22.63834408974234,20.057714847793715,85.38701117963177,0.5278748657388542,8.05036755839744,8.763966003892357,0.45904383817044847,915.2525694547587,3.7356320088693833
2022-09-05,22.385407049972677,20.36802699115462,88.39671508636103,0.39450368466533664,8.840855183596224,8.064644119544214,0.46605068889087103,914.7127454571105,3.172937455691285
2022-09-06,21.890127934602667,20.297414720590012,90.7011469104081,0.8435982228194805,21.39512370866777,57.628232622391415,0.4611621460671221,914.2658131925988,3.4256824797124743
2022-09-07,20.365594766359497,19.902353551458596,97.19397843373078,1.7728226509778324,21.474908549146388,26.239226396338406,0.46848313286588605,915.1918160006145,2.6578670986763338
2022-09-08,20.27161376964262,19.72370372573991,96.68789370367365,1.7565300231717271,9.75673641523478,10.102829828417129,0.4660621249978387,914.7630367931931,2.7424771421757312
2022-09-09,21.03912798985592,19.98361277578249,93.74768010940369,2.2398776810666603,11.44696652561923,12.206182980924751,0.4693484250111994,914.6564238815342,3.6416478529752756
2022-09-10,20.756149276872307,19.788284803454182,94.23598215109567,2.6609777055546076,18.043077305886726,15.089033373058193,0.47245844570581425,914.96779613713,4.6918210160896745
2022-09-11,20.850432581131848,19.85811147567119,94.09763016611316,2.9796509692153816,16.04647256777728,11.625465137839168,0.47357177206936724,914.5704929467109,4.777606475597387
2022-09-12,20.716552818442814,19.430298926554965,92.38898464964511,2.8512892105396133,11.998041990385968,8.409387417123027,0.47682799491555605,914.8976936638919,5.079482161607462
2022-09-13,21.06857674744437,19.803461299766884,92.54220851188597,2.1319695201488673,8.483150111263955,4.7965148103935595,0.4761576299619376,916.5864226349987,3.990207634169167
2022-09-14,21.476989025891463,19.400875040611012,88.00127175830818,1.839295546939863,2.6421027133611603,1.3595569442289326,0.46673531621475933,918.3220400974603,3.614287975171577
2022-09-15,21.438671822827587,19.06705452046208,86.39795993911842,2.020170353290988,2.283062570299399,0.8508781802159449,0.4599596517959689,918.7169534171775,3.3939507164199276
2022-09-16,21.446857147181664,19.23178812002,87.24081090871329,1.8818902238071349,2.4524967097668395,0.8447343502453374,0.4570106659158243,916.8045880211104,3.5267733048202525
2022-09-17,21.702361201086234,19.495426979875155,87.31280489700495,1.5852557957026447,2.3824515656921132,0.7714029394673069,0.4540489591770002,917.0471311028313,3.300592820713262
2022-09-18,21.676227439888887,19.524599202898866,87.59758144083385,1.6232749299687197,1.585038700795444,0.5133945071239845,0.4490939077796412,917.3169654810266,3.1410873228983878
2022-09-19,21.268970549102498,19.327137545723996,88.73065298947924,1.6701340402801346,2.736424353170217,0.864488271105082,0.44925514346018464,917.2786451028896,3.156939969763033
2022-09-20,21.40607505001617,18.589674102602128,84.01719563792996,1.654478603613971,1.8503198990116945,0.6202364808071015,0.44512030090948546,916.6634261122093,3.5557603674497256
2022-09-21,21.40318335177013,18.398030916197825,83.02984847323327,1.665110571795713,0.9982557921162919,0.35368161979276813,0.4368892120555893,916.7837735686611,3.5411510271010465
2022-09-22,21.10420389542793,17.565169109891425,80.24671166454361,1.5312516934694023,0.20929398353659343,0.08628474938414833,0.4257137110903868,917.3562664129411,3.5054878274740493
2022-09-23,21.056635113167573,17.896336222030108,82.19032808886614,1.5781284157895312,1.4690055243635691,0.37630458516601534,0.4208116839410669,917.7776527268061,3.5557402155135325
2022-09-24,21.38770221627135,18.743452160753197,84.91821141197171,1.5105791748975086,1.1138921457625162,0.2814815624877046,0.41865568069075304,916.9757941170558,3.321077709609577
2022-09-25,22.362032555037594,18.76471368253666,80.11912471123938,1.239431426876923,0.5347777296498611,0.11913585274302473,0.41120656998003574,916.0091053561172,3.7397148049204616
2022-09-26,21.902637050406128,19.131099680973005,84.29676094299742,1.0344870550935215,0.23961057745270414,0.03848227754154571,0.40499332258172693,916.88195233042,2.144563153363796
2022-09-27,22.45922387377269,18.499717374373038,78.35329728549598,1.2666816196031008,0.11990561176022,0.017983121510931167,0.39623783980526783,915.7963867236258,3.687667328405489
2022-09-28,21.95043095679779,18.421132131082015,80.40684808171191,1.4981884404894068,0.15580839702832708,0.03551282692558549,0.38783930973985237,915.0768491886246,3.2421662160459923
2022-09-29,21.887867605381736,18.449299338508865,80.8603536476954,1.4924594716460213,0.26485710855467587,0.055990972827554684,0.3814205425045762,915.416113716703,2.9942758174477695
2022-09-30,21.14447163032691,18.71728807778918,86.07152973880169,1.8105594016421334,7.528690136870366,0.860583076627178,0.39385390227651434,916.2323307891776,2.941118090355886
2022-10-01,20.78977119210507,18.551463476937705,87.05495878145234,1.8068631764278775,1.643563797190092,0.6916471246747132,0.4346278626811564,916.5457857898137,2.979291088107351
2022-10-02,21.16295484320226,18.72671415869093,86.03927714734213,1.4418255156989204,0.7753347588898549,0.18474793310353024,0.41696789222831865,916.1605302749003,2.292610780979915
2022-10-03,21.34537076135843,19.205637118404052,87.64452706304186,1.2912437376588408,2.010934224575482,0.45044492358868254,0.41414000375683724,915.9227559751205,2.811591146935109
2022-10-04,21.94808387247957,19.392094658060007,85.44860934685886,1.1913018817894911,1.9061728991062272,0.451151968578422,0.41278906125290155,915.5933058459699,3.3676702157263865
2022-10-05,21.873543210496077,19.621732306294554,87.08346757330239,1.3332494131431125,4.276224485426683,1.069919181628592,0.42044786193263955,915.2603765095328,3.2300860690248494
2022-10-06,19.406060969465596,19.075103220284205,97.96540023564835,1.0010032235114439,6.195092282914912,1.804989172734414,0.44614609303221503,915.2361697631841,1.5964139758749052
2022-10-07,20.889583924298638,17.78788814335902,82.4637078506587,1.2432746485885882,0.7035557023115538,0.30418448317557756,0.43134556270100793,915.9056446463952,3.581048660315096
2022-10-08,22.01726404976755,18.273156363360567,79.35480530958955,0.879470824557142,0.34275593289527945,0.08975344523658726,0.4147010565435904,916.1362572849304,3.495505417860561
2022-10-09,21.89666396447737,19.491929144884423,86.25369329440723,0.29170897897121495,5.526331327268238,4.344928254230545,0.42104730152994974,916.5801319523958,3.0157945313822387
2022-10-10,21.257624719274517,20.23951159591258,93.94067314007344,0.2349344489320555,22.966598117927123,42.24346478314394,0.45021042243426285,916.9821039290242,2.592659220039356
2022-10-11,21.223354042959553,19.803202219599484,91.62016918226655,0.4569194766669105,11.354305954940422,27.898631750659973,0.45901768741489724,916.7841912579481,3.061419259638765
2022-10-12,21.564818762612123,19.346285785218402,87.22166663211313,0.6965549586306768,3.151864483681426,3.0668942550282443,0.45691726846611064,917.2863421384484,3.366194172997444
2022-10-13,22.01148975949715,19.418487993531862,85.25312864385504,0.1144118835384832,11.407852231170049,6.243383494087842,0.46066596042213886,916.6596365435561,3.7073001963239762
2022-10-14,21.62768276138562,19.58872077668801,88.2135607619974,0.4821396118016894,7.656090766588268,12.804892588664767,0.4582866937987708,916.0326124909085,3.7803230027058987
2022-10-15,21.844059181572348,19.691365364934157,87.60876853873482,0.4400292196426566,9.02608580063672,8.973173017004404,0.46342769619432983,915.2487292036479,3.666061066715162
2022-10-16,21.61048865920642,20.314834253986817,92.36340003283897,0.16632891203815506,14.36834604022413,35.57909337557129,0.45827512986127883,917.248981978133,3.0312537898019047
2022-10-17,21.5401389100509,20.054001489879507,91.2700732247885,0.2916866906519534,17.013435176808386,57.95374471423386,0.4543224260289397,918.3536001527726,3.2318357542639617
2022-10-18,21.432787741593586,19.66288119025756,89.68170528016714,0.4720533752802034,13.732303629324905,39.55284877474103,0.45131644897894607,918.0550926849214,3.3363895563734727
2022-10-19,21.290273671700195,19.38476358598228,88.92473552558273,0.2140596659031317,13.471289340431355,22.23317195809558,0.4621239860069643,917.7506015547357,3.6593490042095422
2022-10-20,21.422509755808797,19.894744987222623,91.0349739360034,0.5333712441369504,13.885042039270468,37.76351060835907,0.4601216809048274,918.0602250647064,3.504093189356046
2022-10-21,21.94243829648572,19.30413060647423,85.01992054042837,1.2624612023933548,3.107831311302809,3.8237277493919546,0.45855281761120487,919.1427700369532,3.8266540227601875
2022-10-22,22.25149452853243,18.597036527441826,79.82836813279874,1.1429966185872416,0.4346011826101708,0.23145759238915475,0.4480572674238458,919.3762619020076,3.945254332401302
2022-10-23,22.009099388173862,17.732328056156437,76.75820210944553,0.5686570125208983,0.5802004688062444,0.14140488334564122,0.4356825961474014,918.6847652150515,3.9492271335582827
2022-10-24,21.71079087008136,17.151389468514264,75.37565889009238,0.5541276317810745,0.05836990870203148,0.024258880100707356,0.42463952174507014,917.6239755479805,4.222673444786246
2022-10-25,20.822196686445068,15.295539977897855,70.69231191531239,0.4692330729659375,0.0047949231452407235,0.002056079528095233,0.41288361034941995,918.3337957467603,4.133573012699701
2022-10-26,20.677120682892603,14.934995110664868,69.69081894326133,0.9751899743916355,0.0,5.9034626856695205E-5,0.40211919791944684,918.7711755973545,4.18831849079491
2022-10-27,20.638894436850887,14.615076162244002,68.49498792151134,1.184112949817748,0.05306554319334003,0.014976925503233776,0.39294603553406005,918.4103393416851,3.900763223954048
2022-10-28,21.28263180449927,15.752361891312464,70.74053389080268,1.6693855175739245,0.024503064514768937,0.005189557307078851,0.3851776702496414,917.2846592004288,3.652717733159292
2022-10-29,21.994260135522744,17.734266197514327,76.8077188927924,1.6475488888773517,0.47591328291815477,0.05862097111986124,0.37990679526450827,917.3297162378371,3.2086900154993345
2022-10-30,21.847432052885416,18.789548696374457,82.79761843908886,1.4801539855341264,2.7629651795473937,0.8229276088963167,0.3894752245022228,917.6706509383354,3.119159269031051
2022-10-31,22.02413386968204,17.321688970047234,74.74752635988416,1.3565058277020263,0.437907369632628,0.13681058313168334,0.38738348059433186,917.467038192119,3.803282501850964
2022-11-01,21.811836765103408,16.417757503619278,71.5246573565332,1.160913393445351,0.17478113818986624,0.05472528752828469,0.37839547643812754,918.038653326426,3.7389269699776606
2022-11-02,21.227922146451405,17.848364909799464,81.09249610764259,1.4497840869385863,2.6626084517902218,0.4235372091724528,0.3807671678026422,917.5867242224182,3.1398708877052925
2022-11-03,21.68964476285226,18.16263945724173,80.40493213902135,1.9791286567728652,1.1329096835174908,0.22685333102622168,0.3864006823089103,917.5419640827762,3.152840821430222
2022-11-04,21.68328675562627,18.7630075912338,83.5098731774129,1.6867796096486034,2.463878014844241,0.4783665706839329,0.39052432976262774,918.5699193633624,2.668388101180752
2022-11-05,21.50144187209932,18.38223972325687,82.48849481271463,1.586649438705306,1.1019314611932844,0.3080594242099847,0.3935717955462306,919.9385335560258,2.8760458579558845
2022-11-06,21.911021036068316,17.73622530996424,77.22346048567975,1.3665071297131914,0.7995232444436117,0.4092323731041707,0.386905315463781,920.0960255256492,3.389409398792052
2022-11-07,21.563136957350792,16.44993031847501,72.75645369358135,1.5490732121177901,0.15240624675843517,0.07103181652607131,0.3771179400817376,919.4634039644903,3.4717412762921622
2022-11-08,21.76087065253268,15.907297846558306,69.42280231130547,1.6185132300923173,0.006545927375822941,0.004113581525605044,0.3656974151789485,919.0394424022032,3.6205168632546427
2022-11-09,21.74422820177288,14.972701289755713,65.43293176184807,1.6610931382621983,8.796663508695356E-4,1.4234480597975893E-4,0.3550452367040736,918.6750894533424,3.7670086590466516
2022-11-10,21.612177778351647,15.60035614162822,68.65854680058001,1.5862529408790975,0.0011403620524647626,1.9036967409056775E-4,0.345855049563749,918.2047272558115,3.4682869438825836
2022-11-11,20.45632706640797,17.59285862761472,83.70249184244915,1.813510509909145,11.990322790172923,1.9713894553462787,0.38511446578375275,918.2765802166745,2.501861539426068
2022-11-12,20.50478262124986,18.626188191214904,89.050542969302,2.23453686842274,5.755166320106025,1.3025283329733948,0.4431198125391571,917.6883433678812,2.377447337495908
2022-11-13,21.611609108037715,18.992702090720524,85.11594021540273,2.3608781452030256,3.278303762634784,0.5745103528871418,0.4333556739627505,917.8275906833752,3.299381126798728
2022-11-14,21.75603055015214,18.344364525108272,81.00334129407462,1.4649850590120843,1.204819707452801,0.3496222753862807,0.4243947259977892,919.1338396500648,3.3243530900872695
2022-11-15,21.50716487969353,18.406987462690445,82.56572419821346,1.001058535279331,1.6667469074023127,0.38506877248580307,0.4172999078778667,919.0901094434876,3.0018296965159346
2022-11-16,21.280023577070743,18.19139959011028,82.62713985642246,0.7751726937185868,1.5141296854794233,0.39080051373231517,0.41389677882327297,918.2174183645584,3.119987908543454
2022-11-17,20.810684686312015,15.109172765195096,69.9461182364639,1.1911189288416189,0.07365708019288678,0.04158349329356101,0.4003933197700122,917.8541250298925,3.71014520940998
2022-11-18,19.784828146301493,11.615662144034161,59.33056968412964,1.3912516683368557,8.583068797918258E-4,0.0016214743450581027,0.38575456691565685,918.0292792665318,3.8969927137005724
2022-11-19,19.447155765220387,11.550044636866135,60.32670677758825,1.236374552971143,4.351138080949113E-4,2.4627521161948466E-5,0.3731004622151337,917.5587345483558,3.773439479196644
2022-11-20,19.849530324867448,13.334155686846564,66.18078892532661,0.6684627668322695,0.037401749772099195,0.0011388597462031406,0.3626996625764087,916.4973707013921,3.4294191872166007
2022-11-21,19.99666887114766,13.989046835479073,68.48227855688812,0.44967776368504303,0.10458133646950897,0.02129654676796915,0.3545099382151077,916.6458323793495,3.2636296774096194
2022-11-22,20.572388699686833,15.504574586850946,72.74896875675242,0.28287038802194076,0.6253531601643533,0.07000410855709238,0.3492460366231613,917.0725930209818,2.975872141341381
2022-11-23,20.704327787409653,18.17824790498358,85.47989558396111,0.6374453340186623,1.8410228994443831,0.3205170282547423,0.35628638795138495,917.6049202023878,1.950739389378803
2022-11-24,20.79761800364921,19.24226170716514,90.8421024234595,0.3557431650380776,3.37641502232963,0.5891259007652945,0.3740864246173695,917.6701415790583,1.8653136191185493
2022-11-25,21.6960897781994,17.87563907692007,78.9404601216421,1.3589918134840275,0.5284337474108108,0.14834284056151892,0.3767354381877887,918.1111113736581,3.066774142316093
2022-11-26,21.787314025926392,17.565844372109353,77.0168984116282,0.5818007820031862,0.8170962278313786,0.1369309632543499,0.3684594412619522,917.1889566828501,3.0096724213263326
2022-11-27,21.426502997667285,18.11129608214369,81.56003894622592,0.1774504049999435,1.782937204767072,0.41353303511161416,0.3693251908134515,916.1359164037818,2.817478696012471
2022-11-28,21.06690964562355,18.86392152178751,87.37039859474629,0.16685587855450942,4.278120323315291,1.2988668307061089,0.3856777467041625,916.9705978518851,2.6432884625703363
2022-11-29,21.504112810326184,18.407235349225967,82.66968501283914,0.49104045799704976,1.506777467791827,0.42118379801789896,0.3875799751567433,917.452295430841,2.9364591815296093
2022-11-30,21.505612905779024,15.308418008712257,67.91359616261254,1.2678208605675005,0.013549861161177191,0.024713271515670765,0.3737843054141316,917.896641161346,3.424026554158301
2022-12-01,21.936622873209522,15.796034992922898,68.21826094819605,1.1586444269432217,0.008752207374446897,9.428765974584324E-4,0.359436140570648,917.4277932121684,3.248500488230621
2022-12-02,21.870523701944087,17.603415197940993,76.75728805094838,1.315373902483347,0.373435462037551,0.07811478428308255,0.3515305351898748,917.3643097630596,2.543508526298777
2022-12-03,22.434258657696393,17.70037707121376,74.62651693818083,1.4482950380088162,0.15726575469322396,0.033355312107935915,0.3447451038597209,917.6997664527735,2.7043932719624646
2022-12-04,22.78161300774633,17.343428610444125,71.46004787128041,1.837790999661065,0.296611038821814,0.034456783421668115,0.33767094776762896,918.282305233035,2.8560611333855563
2022-12-05,22.40516939778189,16.404976950355852,68.90761872510392,1.8672553246254202,0.05781205269487568,0.005483746859991325,0.33043467597889636,918.5330839924014,2.921170641223136
2022-12-06,21.768799302204123,15.621485490605208,68.13177025220844,1.4229632286314582,0.01916002082887244,0.0036452158724112043,0.32340798112623337,917.8694848371207,2.751772255581059
2022-12-07,21.142752998886234,12.562406581569984,58.16637756715922,1.2950254306183113,1.175593280451599E-4,1.8980266078439555E-4,0.31649857103611706,917.4094235233827,2.753096847167308
2022-12-08,21.319072124497193,11.568725966176554,53.8729923290809,1.0411339875819188,0.3937211864863327,0.006753388160878522,0.31034482658589296,916.2752689890152,2.7305180210543347
2022-12-09,18.84092287489288,13.615935951596567,71.75549449654953,1.0982004784066857,3.8631952280052677,0.5199979279915272,0.326203468185913,915.305064526563,2.0526439971558257
2022-12-10,19.370855784622247,17.449115205341307,88.68384974720163,1.08064552414766,11.084564059495692,1.0738251982435978,0.3730158943750298,914.6813980752224,2.0057068080068845
2022-12-11,18.73946143294388,18.590885252135255,99.08020820237245,0.2835803958842521,16.983291159858197,4.775745848474696,0.46419315541052,915.2901449012163,0.9586993799769037
2022-12-12,19.298431777602502,19.1244458578706,98.92716686275081,1.2116692952198589,18.831214686077214,9.182394829979277,0.4720014231579597,915.1943989109097,1.2036552445612987
2022-12-13,20.42059047557008,18.983617431377503,91.4787969697007,1.263732461310235,8.18067861483398,16.36283923408783,0.45108933237633064,916.9368253697937,2.7777378394021963
2022-12-14,20.470617277726546,18.112880843745263,86.36770476796467,1.2782120385560418,3.151306114363543,1.9901721123513685,0.44853104580637715,918.0994055644144,2.9891344329859684
2022-12-15,20.53070697180069,15.058189716581607,70.87304452908396,1.8697751965802556,0.01152249067186736,0.07124441539668477,0.43816973576371915,917.2223736908654,3.942406387564627
2022-12-16,20.35543521258875,13.238934579474122,63.71341899931195,1.5132228641847254,8.553265615773853E-4,3.6370920439938927E-4,0.4226972310596261,917.1124256774314,3.983366221914039
2022-12-17,21.027693763279036,15.13601282608146,69.07351484002004,2.0519878288007796,0.0017199189983330143,1.850317653278448E-4,0.4099981267180187,917.6235993015573,3.7663554087468376
2022-12-18,21.216257214054497,15.815550963549097,71.3410086518542,2.1867703269332877,0.07072404864890197,0.004606578348418894,0.39976797760615734,916.954879224607,3.4109779811390313
2022-12-19,20.504761905818903,14.742612225349086,69.57043914741467,2.1898053341785215,0.036795234219187664,0.006208083609417158,0.3906502841451764,916.1937654167627,3.4607752330488744
2022-12-20,21.079582059317943,15.732151912579786,71.56968352577724,1.8746502884278562,0.0014403363062874515,4.598052974999369E-4,0.3813875472851921,915.8617228594235,3.318512638418517
2022-12-21,20.873615598761024,13.611078428149849,63.24271734749038,1.8920463587517755,0.0017187232401738584,2.5519547697063524E-4,0.3721024579577316,916.6216392816967,3.6468744594082256
2022-12-22,20.049161934056876,10.42844293019089,54.04798975637566,1.947669747156183,8.642672923997452E-4,1.1308588922841026E-4,0.3622338720999193,916.7190193057595,3.7348809574661694
2022-12-23,20.304426415977435,11.338133489414885,56.440962774617034,1.6042514937569865,0.0012814998058274796,8.528034647759071E-5,0.35327163659954425,916.7999292139397,3.5854909246673032
2022-12-24,20.250589090496682,8.876083602990274,48.09261427204718,1.5273342744879737,0.0021427869114631903,2.11468921689507E-4,0.34451406663265455,917.4731873849297,3.6242058641649715
2022-12-25,21.641444454360894,16.704546578838748,73.7369575826662,2.0904976001632307,0.5559742772522931,0.03644874591351598,0.3392765767316908,917.8991130440573,2.774649647679701
2022-12-26,22.774826508280423,18.39280284583151,76.46547343546392,2.444129957317307,0.5666744730536739,0.08147149726101185,0.33979190171953044,918.9416206868018,2.6468217818435407
2022-12-27,22.433065169653425,18.294240587356644,77.54404197521944,2.127061726849706,0.5954995666228587,0.08482087061439245,0.3381643511024988,919.9504684957044,2.413198304215476
2022-12-28,22.42584445817262,17.34214022424305,73.0207551443529,1.8389587673490557,0.17946694656728843,0.039021695198613315,0.33466790788948425,921.1424851846574,2.6655626850360847
2022-12-29,22.047847644703225,14.33840914301122,61.67542211595108,1.766789225304596,0.010493518240592737,0.0028535388886537097,0.32749371441268516,922.1890517522617,3.1883002341785986
2022-12-30,21.34386608884025,12.524092370765947,57.308732377049374,1.7555345969881215,6.268630250112946E-4,1.48536883159804E-4,0.3198160547381809,922.8201056641224,3.1454321340384026
2022-12-31,21.09332611805405,12.974068170565014,59.852245271447146,0.8079497218332392,0.0030085428315964413,2.5613377453860824E-4,0.3129614423340208,922.02956913929,2.9849820313300253
2023-01-01,21.39206778039196,13.586154484484227,61.143167783571585,1.1369977603132795,0.0013386780517465069,1.1792503231227472E-4,0.30702862595066877,921.2780439819189,2.848846781970972
2023-01-02,20.945625747315574,11.156543113019042,53.582675314814296,1.7586403771744956,0.0035556185251111694,1.1694123632609262E-4,0.30127260167326664,921.2295409207331,2.9828905460918005
2023-01-03,20.590213591881163,11.92133222335945,57.67434437115437,1.673627978223225,0.003655618587423787,3.660493683246359E-4,0.2960928177675142,921.2267539133011,2.789546829049646
2023-01-04,20.586242511806574,12.371711817295765,59.38390456548426,1.9742393891754206,0.001722355354402396,2.5793740051327556E-4,0.2915349174956919,919.9171215536196,2.7041223828577468
2023-01-05,20.501103677583735,12.95021885475102,62.0328364838162,2.218758812732378,0.040515030019256465,0.0059093180316317825,0.2877116306048685,920.7795037063767,2.5513689024565958
2023-01-06,21.237295510191387,12.635261687620028,58.06209681904123,2.290982227210726,9.408013897796029E-4,3.707108100392684E-4,0.28375427593909985,921.2835383805153,2.6837835468884945
2023-01-07,21.209012590207543,12.925320720178155,59.29119688591604,2.186722056897067,0.0021467194528668188,2.251235979165689E-4,0.28000191469760605,920.6929338505585,2.573308805228035
2023-01-08,21.067512089567842,13.391279201725155,61.61451519237931,1.623896577179832,8.773211029655771E-4,1.1488436443875196E-4,0.2768406133047011,919.992140625225,2.386142274613568
2023-01-09,20.240941276745172,10.313323149505477,52.96161988294972,1.7880906785478388,0.0015187549762226745,1.3606602426690016E-4,0.2738724710132117,920.8958512579829,2.4868170220522043
2023-01-10,20.018498436033028,6.654797480328617,42.13320912156036,1.8672951976775403,4.351138045421976E-4,2.3551011417906244E-5,0.2707301478747256,920.3008269753811,2.610409540362568
2023-01-11,20.195209728624413,7.639842902128356,44.42418807556696,1.372419463905533,0.0,4.481164963237974E-7,0.2678324956564637,919.139167670534,2.508001708169009
2023-01-12,20.6724852782779,8.553782577872159,45.85092305780936,0.9022204666183002,0.0,0.0,0.2652185867654749,918.2160935885332,2.406847935463099
2023-01-13,20.610954948991136,10.312896665340263,52.01573159615447,0.6205130072056515,0.0017046928064701206,1.827353828993656E-4,0.26306939303620863,918.7309604280458,2.188169464480974
2023-01-14,20.793286132578103,9.979186011095125,50.10214616513374,0.8056834831570381,1.586023351126709E-4,1.85204315932751E-5,0.2610327002044079,918.4201066586129,2.2511014409868904
2023-01-15,20.99133341515603,10.145798766391891,50.12130125280785,0.5248491696201989,0.0015985847807497991,4.9308266888594405E-5,0.2591382905113471,917.7756023699449,2.2142472496548753
2023-01-16,21.210723366261053,11.477142759495218,54.17600255159186,0.7258483390550412,0.009253046942582353,0.0010849477690833957,0.25739101382514623,918.1690470717974,2.2683266451794135
2023-01-17,21.240459624588375,11.579032418024376,54.4782328990961,0.7033924436549277,0.0010336085822721872,1.5602180218556488E-4,0.2557805278139436,919.0050933067829,2.119128180465805
2023-01-18,20.97523775290807,8.725454572816888,45.5636708842666,1.6405587164512985,4.261732051702438E-4,1.6340799822841925E-5,0.2542729033263463,919.8729671139569,2.242136751366508
2023-01-19,20.58461659449004,7.84643122111938,43.93066835499514,1.7083468821044012,0.0017106532368416083,1.972622552188891E-4,0.2528131844449181,919.6946751848551,2.244565317430643
2023-01-20,20.111733273672,9.450672895587797,50.47696682950297,1.8214127422072424,0.001722275101201376,1.2910648320234647E-4,0.25155956997786977,919.7144349591821,2.1158357152247675
2023-01-21,20.509181667224905,12.248001993050924,59.18053516789942,1.4382049192464554,0.004506315699737245,4.959335096325518E-4,0.2506034356014801,918.9635112935366,1.9123257838660896
2023-01-22,20.921320801170992,10.656528939360957,51.9326365414291,1.946390703173852,0.0,2.418970619427579E-5,0.24967697197177569,918.0041282806003,2.014995350110008
2023-01-23,21.971122484470527,14.465869379100367,62.477517601352666,1.041629540929497,0.0018500793332136343,1.0042960281978623E-4,0.24876679248577596,917.4961123550212,1.8617996441846152
2023-01-24,20.834383255214703,17.550558551469397,81.52460322870759,0.6320417915809415,7.09663545735862,1.4444987882696576,0.29127622140590714,917.9929654904782,1.8772112594292671
2023-01-25,20.763502223939366,16.469910807425897,76.735287208409,0.8750027137672752,3.0286221084808824,0.959511041282399,0.3290257266934266,917.7301026408932,2.7628613320198703
2023-01-26,21.25448217007013,12.52979253537509,57.87594246527887,1.016966381035119,0.029431809752015346,0.05977804697333209,0.319726698857443,917.7827750407248,2.6356190812606273
2023-01-27,21.099985848391785,10.967129843525399,52.622661046078164,1.276187297510456,9.623354073623544E-4,4.04896432868016E-4,0.30709713139090605,917.8417244885281,2.6067852374517786
2023-01-28,20.833906054343867,9.078271590155696,47.256571824565285,1.2859620438906174,0.0024321307654359683,1.4541981228211878E-4,0.2972418564633346,917.2719984672501,2.5606090108496913
2023-01-29,21.130606509491205,10.503714312401675,50.7623786585604,1.3631881790892386,8.688587627148081E-4,4.6834183090883315E-5,0.2891408273663421,916.538850593964,2.464952558770077
2023-01-30,21.741020174697173,15.16866571114546,66.28820978642693,0.6716871958105687,0.01940796021124108,6.003687974837726E-4,0.28300162416937136,917.8335732542648,2.003568182758938
2023-01-31,22.172474301481746,15.488171703313586,65.89188567236182,1.7533303388853423,0.5406010836660914,0.06342777062298885,0.28098468038441243,917.597369855428,2.087793468133598
2023-02-01,22.520930877370866,11.097414988645872,48.46299594670959,2.0682997695673757,0.0012910456070408347,0.0037803390921913463,0.2765170996669946,917.1250829899969,2.377242925657882
2023-02-02,22.666397507417717,11.662119716716537,49.83993794808847,2.3897625617741864,0.0017106532936850272,1.8970522549257036E-4,0.2713182364877442,917.5287500746382,2.275009105813223
2023-02-03,22.034547020093598,14.609108966189062,62.865360464103965,2.0057263296175987,0.31682611651815623,0.023074754579150456,0.26851937404292225,918.0004013434831,1.625228325221166
2023-02-04,23.155977591804593,14.868232975063991,59.78005953117921,1.4492626152161237,0.004015283480755317,0.0032548224895777053,0.2663661791083587,917.4710105660935,2.154793279973685
2023-02-05,23.12221228251624,12.534056653850833,51.50077607971296,1.3160667825422878,0.0023615732841179154,2.760264555942849E-4,0.26268822761222405,917.2953424528674,2.1623468919532582
2023-02-06,22.298768154873482,12.794587299560703,54.97993496038207,0.4733200304197296,0.05248775428267436,0.007793976045283924,0.2595813119173847,917.7819469973391,2.041803462372244
2023-02-07,22.4666982722181,14.799923204387666,62.064195954214675,0.33362704995172804,0.045276212851210675,0.007292569312017514,0.25716329945916155,917.5656188719644,1.9607540857000052
2023-02-08,23.06382141655373,13.850609714168026,56.28548762718817,1.0962398869928134,0.0015157160998775807,6.993536109102388E-4,0.25477042932382543,917.5472787446631,2.0368816608955593
2023-02-09,22.90937721280867,14.148848731060799,57.90106766745873,0.7649031945317752,0.06652209711403186,0.0080350999560399,0.2527668374188278,918.6215101254269,1.9397781755136088
2023-02-10,22.80694189858785,11.123029952626721,47.78742901874872,1.4633493670627804,0.003123539791975727,0.0010250309665283586,0.2510177642925409,919.1330775213667,2.0240169900146165
2023-02-11,22.742175541846382,9.258279987040305,42.43675704809265,1.2650532629713358,0.0013893313455097854,1.2901548636592815E-4,0.24916200571521305,919.5967663002708,1.9758790366584242
2023-02-12,23.106824698669616,7.793164290895441,37.613795748253715,1.6534705103767822,7.695963009393548E-4,8.85193187776476E-5,0.24753563414247418,919.4819831864495,1.9519523340706062
2023-02-13,23.09557458291742,7.866060565773134,37.686512699012546,1.9727777584294126,0.0,6.210104855184579E-6,0.2460575745476323,919.3397305025808,1.9730210462217028
2023-02-14,22.277708298671868,9.871054816235985,45.544517307925254,1.0547319210553743,0.008951907512851073,8.798514159405088E-4,0.2448531345420615,918.9553371368523,1.8711513776887132
2023-02-15,22.603133344600842,7.623716467154024,38.333592742049014,1.5752454820811455,0.0029985812565673313,2.2920042788025034E-4,0.24382774488403156,917.760581648419,1.9104765536679291
2023-02-16,22.7278722466158,6.342473417618297,34.762908770333524,1.911840349246031,3.822985812241064E-4,5.856934114595287E-5,0.24286737700974134,918.0459372277012,1.8871759350684902
2023-02-17,22.56533092135875,8.936298318540539,41.98473252439881,1.3642254183803164,0.002949228071372538,3.0390711365818547E-4,0.2420454131855038,918.6041504076904,1.823169029352027
2023-02-18,22.471716384500922,12.25493444164454,52.68333170555541,0.48700041940482974,0.1109364998952608,0.014097410174665504,0.24176237201042367,918.86570239887,1.7204742431417424
2023-02-19,22.43567578857496,13.726096830072477,58.15264655111632,0.390335443518656,0.11254034793938941,0.014238271667827092,0.24190542850552255,918.9182215541148,1.7414791416151476
2023-02-20,23.020533561420876,15.14130953338129,61.44921885509901,0.47446551089845274,0.1421535684018795,0.016505534142884176,0.24204656864158478,919.2308911197514,1.7050643967554062
2023-02-21,23.18108026349438,11.80358457263864,49.073379456309766,1.0515213120572728,0.0041761963420839385,0.001618488296747949,0.24179951289458565,919.3464551424487,1.7792211139647827
2023-02-22,23.16600491123441,8.694978311861554,39.80570238232257,1.4123199887719409,0.002335600955241841,8.589328743233246E-5,0.2410481888041837,918.6711802185574,1.76893898448711
2023-02-23,22.97122925929304,5.632810135728688,32.65376839484031,1.6996344395590273,0.0021935418222526386,1.3075730316868873E-4,0.24037846153808107,918.4418321255044,1.7820233189411692
2023-02-24,22.71349385977938,8.082821295208937,39.38145149595381,0.9924284967688862,0.007164244068442548,5.656676689921087E-4,0.23981166934391981,919.7548467554135,1.6957232238204811
2023-02-25,23.313120003580252,5.883734842183154,32.62742006554431,1.783560025889759,0.0027653674415918,3.396726261362088E-4,0.23934514162594187,920.8070386774555,1.7316065274109442
2023-02-26,23.31359883613997,4.17207836427005,28.874504099515107,2.20352746428581,8.52346317969932E-4,5.664295528819311E-5,0.2388801483137888,921.4520086775176,1.7428701172177934
2023-02-27,22.680953430487577,3.2626504924516695,28.132225036814486,2.1974621815889215,8.70227722771233E-4,2.2113948171074756E-5,0.23846348014099294,921.3143920923752,1.743825107125254
2023-02-28,23.303092832638953,9.322019965177002,41.109504305809125,1.5363436613151862,0.0025817898290370067,1.975112088279579E-4,0.23811788639907075,921.1384546649509,1.6532543333474146
2023-03-01,24.015415010460714,14.242631063466085,54.455349683796655,1.858979848029168,0.06126301299242248,0.005560662150589025,0.23811300349280407,921.0840265935032,1.5105253302469988
2023-03-02,23.832518386972705,5.8823918574040714,31.519163322982404,2.2893595086308993,3.8591071556399857E-4,4.289839822365015E-4,0.23800608443056434,921.859682725394,1.6918961190074415
2023-03-03,23.67470328211626,2.7389226095556736,25.51199925075298,2.697724161125214,8.52346317969932E-4,1.3182522830552171E-5,0.2376728679066398,921.9939003891996,1.7003288464875024
2023-03-04,23.94928939629753,3.552109035444059,26.695608301929326,2.365929316723917,4.351138045421976E-4,3.5849319705903793E-6,0.2373804825766183,921.7306838838645,1.674968394525851
2023-03-05,24.088692939888134,7.368589697753357,34.54834528741873,1.8330809050678818,4.351138045421976E-4,5.825514452209367E-6,0.23712806417429538,921.3405705700586,1.6233066655115975
2023-03-06,23.808435241219268,4.970884728412491,29.751174340361732,1.731779055870872,0.0025725612999849545,5.431996057736515E-5,0.23691213197338556,920.094817136731,1.6010394164295925
2023-03-07,23.501707510522035,4.143356961779493,28.615625135842002,1.8823760662304547,8.712741532690416E-4,1.238758820297394E-5,0.2367416897113822,919.5146022702895,1.5082758968207317
2023-03-08,23.968013589417076,5.9312316592280006,31.35784105359856,2.2797762835311106,0.0017164804262392863,1.4427977644472796E-4,0.2365750822918561,919.154744434265,1.5984615706991578
2023-03-09,23.56725530646735,6.886945747679962,34.305535526806835,2.256439542806844,4.533285641709241E-5,1.9759190413572505E-5,0.2364333513516793,918.8841165753153,1.4238695675527144
2023-03-10,23.63501407476636,7.013473669676938,34.47256303151546,1.8473237226451507,4.351138045421976E-4,7.844614067829236E-6,0.2362986414206441,918.6239414136762,1.517730483791495
2023-03-11,23.95851052736191,7.526035770390349,35.05887561338745,1.6416630952111049,0.0013002727996536123,4.130912989099833E-5,0.23616637396831666,918.6176578987953,1.5104209690013846
2023-03-12,24.47309857296058,9.176735500952956,37.966492295389195,1.8103101132507677,8.70227722771233E-4,1.5028213380544822E-5,0.2360449781907558,918.1701663181163,1.4992121322485468
2023-03-13,24.454066157884032,13.523934507979869,50.66154862603158,0.7163056137786743,0.01308050551938513,0.0017280007359179114,0.23598885758706858,917.5177165836868,1.4159423323277989
2023-03-14,24.255876040481592,16.637595077736194,62.83075190563409,0.2032647339391055,1.6815187410428503,0.31688310607696046,0.24458212731057338,916.4146129325125,1.7131028440644123
2023-03-15,23.891715500344436,17.9570291402909,69.49618792433,0.6617354781407753,1.5874387870590623,0.2018427665148247,0.25732046148490123,916.617521458158,1.7333614746923542
2023-03-16,23.669387448659528,18.253806468833105,71.73827403427862,0.4974665778078402,1.4080733500318943,0.13764780360283774,0.26544025287964407,917.4947692987835,1.8789731751582714
2023-03-17,24.390035259157326,16.266155933102212,60.63479927080591,0.5736802429517622,0.06985772412279236,0.016111104063125704,0.26621130726352715,916.9470617349007,1.8320723718669862
2023-03-18,23.382376219152476,16.84648761452585,66.83845326880783,1.3433073429838702,0.5171008179566938,0.04603583093117509,0.26416646360586404,916.6595210099149,1.6629749527886746
2023-03-19,22.16581478409723,17.03987889302128,72.77469901648148,1.6156755592322074,1.585660252757484,0.16057889907264475,0.26879034091073184,916.4801637757233,1.9311078276083018
2023-03-20,22.8148240419029,12.995605251811728,53.9635821534188,1.6701262590208799,0.005143200267816174,0.010665884276444028,0.2680028043007729,916.027897620566,1.7900345923199001
2023-03-21,23.462674910045074,9.89994483986142,42.35852604822125,1.3791118973553698,8.481132275579807E-4,3.0870247524528266E-5,0.26270537975815417,916.0506184451378,1.7201823321581986
2023-03-22,24.084506666099465,15.134814729693138,57.50135646908412,0.6354948820864565,0.30527394258385343,0.04102844843214483,0.25971500220769245,916.3515413469592,1.674966412125431
2023-03-23,24.618428027449017,14.527680581497917,53.53633926917689,0.8990465356771185,0.31317500674979293,0.036073086077420595,0.25818057711664594,916.527661532634,1.687941068350094
2023-03-24,24.768457834934072,14.619342964721211,53.39984744406046,1.0619284997178962,0.0035313582051978254,0.002296359250039766,0.2554481629563096,916.8854576298198,1.5356411261612584
2023-03-25,24.702290662664495,14.774107045417132,54.09540139280779,0.736921062220935,0.03708694689943691,0.0026033061731107533,0.25254212549517774,917.7556917660896,1.4697134019194253
2023-03-26,24.745127444240367,13.310863727356134,49.14866729734901,1.1810887283338039,0.009059752754148609,8.506006545660088E-4,0.25010522408076463,917.2521997650728,1.4521544258378383
2023-03-27,25.123918687278586,12.644814621014483,45.95168150643479,0.8490522742103342,0.0,4.473610508893818E-5,0.24779131445745703,916.9405952993651,1.4875326050235758
2023-03-28,25.714740439318785,13.981293554343045,48.45154357498663,0.32823700817343143,4.937797389913365E-4,5.7979578630676165E-5,0.2457695641715245,916.8052360401109,1.4518526782894312
2023-03-29,24.749079627227417,15.621975198136193,57.0836796870969,1.0855839879636304,0.41195414190414814,0.042618260170432985,0.24615613232149006,917.9569317615465,1.4531775813896144
2023-03-30,24.570409967925254,15.877110381862094,58.482705714503204,0.9012059222620492,0.08040639624533555,0.011059451603177976,0.24624411466507456,917.2860970800341,1.2704791373039175
2023-03-31,24.84505227222951,15.43948198434153,55.957320943528714,1.1881141656594583,0.026596005933462497,0.002695610445206966,0.24495524160917914,916.36623171116,1.377126457379331
2023-04-01,24.418614208190547,14.892955111765032,55.47296158372748,1.2511220507297736,0.02316560813196693,0.0024410377814893633,0.24375499905989395,916.8446812296263,1.2722542666749532
2023-04-02,23.897801438869426,15.296668250323526,58.73772166002756,1.199781711505702,0.22955238869374153,0.031312870730698855,0.24358004273213424,916.5462194383985,1.3804788356671576
2023-04-03,24.326195253085853,15.236880164936318,57.06050376730545,0.801426733996068,0.07761514102345059,0.012893383387445733,0.24334733140135745,916.4116802279716,1.329174143685965
2023-04-04,23.822358480697382,16.476151568641388,63.60051255008943,0.4439007086198259,0.1627783344588338,0.018290594187539925,0.24323703951791126,917.5202320767753,1.1139142470051646
2023-04-05,24.77251843080575,17.41532150595569,63.88069532221386,0.3751563008395251,0.6529044783572778,0.10733116473493964,0.24578390441219403,917.1730656424254,1.3716781929543946
2023-04-06,24.950303235643553,17.407811511360947,63.08010876549478,0.33888651343729687,0.24253858404303977,0.031786275762939714,0.24735151870269848,917.4050355850642,1.2947959081325706
2023-04-07,25.391268105083324,16.713945517840536,59.03077921203836,0.3869183807540726,0.2595592422285079,0.03949120346302673,0.24734104692869552,918.4707028701417,1.4364926597533345
2023-04-08,25.34498373375113,15.484256507960582,54.79548398768508,0.7309272912152438,0.6174164098641384,0.08291059827897965,0.24832380221324715,919.3842443552761,1.5577994724185127
2023-04-09,25.1624043352983,16.28633942644907,58.356994023293005,0.3245641721174965,0.3668789949531812,0.0638573892223133,0.25010970986996967,919.3218481466876,1.5931632888052363
2023-04-10,25.59889275602526,16.27601223169956,56.74469783555157,0.6660216195277124,0.31974395023526186,0.028981213292736025,0.24935852679604872,918.493651910547,1.474845612762655
2023-04-11,26.11581795845513,16.23046291826162,54.91743041802424,0.42491949039295596,0.23743093753432118,0.03081567195727124,0.2493381963950284,918.8198678024979,1.5499634325490566
2023-04-12,26.414637774617546,15.161415476600686,50.46349905203246,0.4512255041060137,0.01808342937538582,0.003928022075202804,0.2478543467733559,918.2216244436626,1.483958219886787
2023-04-13,26.767645868995213,14.962643670975353,48.74884647380647,0.33378335768711853,0.004746753824156871,4.944829256293659E-4,0.24577917937113078,918.2403672061781,1.3708221555607758
2023-04-14,26.603690723633555,16.854930486399628,55.51112058277778,0.27212033714509526,0.266737268019535,0.03591586307407126,0.24514891481639448,918.040323990184,1.4545067091896204
2023-04-15,26.405788215094844,16.800791677645016,55.8601729106873,0.27969296832947177,0.11224248462347032,0.014112567586384551,0.24469550478113647,917.3454596932517,1.373768774984633
2023-04-16,26.300412799471733,16.511013839495483,55.420138217125995,0.33667048314804693,0.7506201322179878,0.07670357604893632,0.24596010622681705,916.5298739445984,1.5511247740938496
2023-04-17,26.54223218514139,17.117305411579007,56.59686238577701,0.22345659324285888,0.4124748942026921,0.05290896545609291,0.24834619453161474,916.8087004900024,1.6295435326651415
2023-04-18,26.662385141526748,17.606461584673802,57.937642921489676,0.2665948362934937,0.0856675614002457,0.012846425800626213,0.24781131235260326,917.5240987798761,1.4664278170264506
2023-04-19,26.467544883598837,17.886027007284834,59.577060342437,0.8334038752936319,0.15351378539916533,0.02130498672454694,0.24664721888377236,915.6571807204725,1.4399704064644627
2023-04-20,25.55107811903879,18.115913980569513,63.63110108592281,1.352288922166617,0.40409510270806703,0.04417348624319645,0.2470321334415158,914.4953892796339,1.4154899503547673
2023-04-21,24.794554545204797,19.4884150576893,72.50061157505654,1.2725432803761219,1.6164264432130449,0.26549270376777684,0.25465178135312466,914.872253931905,1.5384367458854542
2023-04-22,25.426339780064207,19.91822801078571,71.73544291300877,0.8975618739757919,2.4188864078647003,0.4473336018224454,0.2703401324761538,914.8743544545679,1.9211707559881743
2023-04-23,25.6783093959344,18.264063809731795,63.90131379016611,0.8592812725608304,0.5514340846271255,0.08838553003505817,0.27554345902848293,914.9789811914292,1.7881742724188396
2023-04-24,25.497789504728875,17.813052092167364,62.71014687252364,0.5658067132867151,2.6133306876142757,0.11486003008192619,0.27745132293918007,915.7139496597163,1.7246632771408767
2023-04-25,23.630939472478488,20.01808480348725,80.26800195321222,0.41152334968954274,10.348216906649832,1.9808702828858986,0.346308017796203,916.6123768536194,2.8283537909223715
2023-04-26,23.479398516119392,20.321472193066043,82.57895387821809,0.2658469196782753,7.410884804887174,2.546165079785796,0.3860632900855286,916.0986901158309,3.272433139414697
2023-04-27,24.741449615520143,20.18971163140249,76.00869672568602,0.36184246950633486,2.6029622651613415,0.5225338057234672,0.37646169010869557,916.3807538429007,3.172293015344617
2023-04-28,23.976107207054095,20.561108414758806,81.40829079563356,0.37637968378811143,9.054641010870737,17.368879483636928,0.37900988971481503,916.8283733863857,3.274717617353744
2023-04-29,23.50401113824911,20.75948393293877,84.70653361258366,0.21206521316067942,19.922958495351693,17.776964324824704,0.4068225688885244,916.0965624495534,3.178014291311095
2023-04-30,22.92483473306485,20.750090778542926,87.60735331633549,0.3904190893248729,12.13710137718595,24.036493134137704,0.4276265668380038,914.9554471288756,3.3686495421368248
2023-05-01,23.056319760318452,20.2400026079742,84.21223773661995,0.5391221328646288,6.603423216889155,3.629074182894897,0.4310979945330813,915.3553292955099,3.526949145583179
2023-05-02,23.236483642194873,20.370090726039372,83.96157601493786,0.6144953757849861,4.976995112952407,0.9725602007376487,0.43228181346054245,915.9650794142935,3.5191904075262608
2023-05-03,23.015519164867374,19.384206701496204,80.05293359825947,1.4191324601852364,1.2182833027875368,0.26453270399085593,0.4216389847080128,917.0719719631255,3.79514876561655
2023-05-04,23.950224010313576,18.704528900206864,72.54271729452333,1.089505883207886,0.43214378968759076,0.07354513197872872,0.3990919538992325,916.2713519959647,3.611100661925785
2023-05-05,22.555713731478832,19.470529492219985,82.82596461721998,0.9619571710536046,4.105557294356347,1.0008631163148072,0.3993426694085064,915.829596111123,3.194162121504246
2023-05-06,23.401853338456153,19.636140474639678,79.47154433313395,1.2060299399554624,3.462871285550699,0.6626667490250256,0.4023547500180782,915.9355368216985,3.7237058102531715
2023-05-07,23.470991145382797,19.688030286917076,79.37789866291125,1.1520903784315215,1.1057363902235011,0.21755147130001182,0.3964141838084573,915.782440268671,3.0422437307674324
2023-05-08,23.300374052611296,20.512269798132618,84.38058616623998,0.8521770870321045,10.284226640379197,1.9346763990344717,0.4164442985468152,915.4770306410783,3.2771977795898968
2023-05-09,23.755487290055797,20.658222772632207,82.84952876038459,0.5584593368114011,8.195479722315456,4.207594142262048,0.44388806036541745,915.6703230628303,3.895426917830181
2023-05-10,23.719540593231937,21.450517867416124,87.1604832928898,0.476247343818024,17.98646742939291,30.944941887102555,0.4440727570128613,915.3466612837019,3.7346366318188466
2023-05-11,23.786444048004867,21.860391524270554,89.02254934636974,0.6676471905900191,27.339467961422972,50.52613520438714,0.44815978574630105,916.5838457871023,3.860789011536772
2023-05-12,23.886807659067294,21.86316233688903,88.50322316067978,1.3899668564346195,4.977305930674868,9.004333330895,0.4478252018386694,917.1065371797749,3.8328379972514104
2023-05-13,23.4710185406729,21.478556566120844,88.63166293425942,1.6630088683518685,5.001157123504666,3.3192097784884576,0.4500077999182531,917.7907219631255,3.4215361236588495
2023-05-14,24.849177130080793,21.163276046587104,80.04387819356712,1.7491537011584148,0.550081804678014,0.33662184452231764,0.43484358434629156,916.8309444475576,4.022451796569896
2023-05-15,24.378098372630728,19.855520170440148,75.9559890097557,1.4405322649354433,0.11063731810560708,0.03855998969830762,0.41597962550689876,917.2871734756741,4.129251248869276
2023-05-16,24.82430093203174,19.54235926428604,72.56118796243067,1.1231721288009928,0.0717466795946253,0.019607027392327506,0.398946417784981,917.9265860041494,4.1710943510936795
2023-05-17,25.428666321321206,20.568696237265147,74.68143452874541,0.7517211998864877,1.0693397845037889,0.2519719947358267,0.3899846734614921,918.2116878559015,3.795745498725572
2023-05-18,25.593834323284582,20.852421485053185,75.1963450347335,0.8100475912867985,0.975486333640246,0.24849022302430193,0.3838189671509055,918.7213940700673,3.746405231211299
2023-05-19,24.720941245913476,20.89754335702545,79.4039362055972,1.43406625941788,2.35503833508736,0.5857302756944222,0.3843357152697466,918.0777799578561,3.6604731411397675
2023-05-20,25.16195572290013,20.63435473334577,76.09822715070533,1.283179562308895,1.9142491993424475,0.44315913375559335,0.38302145199497867,917.5324997610822,3.8986058631227896
2023-05-21,23.732827303580557,21.292598850554857,86.28794280054964,0.8956677679428414,12.081101133274247,15.444931484778598,0.41357308314610924,918.2586857725528,3.492070112589014
2023-05-22,23.977225451486472,21.550977253869032,86.37214557437395,0.5307401698802746,12.676556888623255,33.67578414673234,0.4298350383285169,918.2881031671501,3.5957886381043673
2023-05-23,23.96264651452691,21.306219006277004,85.16581223386827,0.8314277830052037,7.838250751383407,19.707563542677747,0.433910555135738,918.902213675753,3.5778018688328705
2023-05-24,23.71275374045566,21.055684567292644,85.10467101678164,1.2122898577641597,9.634179951990118,25.259244709739985,0.43587269017318836,919.0467066312032,3.6573261483990387
2023-05-25,23.18131600459171,20.755221379050056,86.27783227223233,1.4175269333819218,6.9386145890425235,10.069383083160114,0.4384492263269438,919.5136701026197,3.3628215285981486
2023-05-26,23.088171796010858,20.963300454027316,87.88854467846213,1.5087966959722614,3.7834475157612437,3.179120211490207,0.4372378546104602,919.4697876046883,3.0211480839819873
2023-05-27,23.991076208566557,19.489412582417405,76.01959878362838,1.3533697215901594,0.5467744026432837,0.3208449512362989,0.4233864076118221,917.6392405117746,3.883409338860224
2023-05-28,24.413471784348864,19.92394195296147,76.12164747215056,1.1208770217077697,0.7039500057229612,0.1309363332205014,0.4105654186599379,916.8495869846124,3.6323173328940523
2023-05-29,24.465317342577762,20.914747130444578,80.7021876329666,0.35750656489398164,13.357304403180008,28.11683951840036,0.4162679102974158,916.9376826431047,3.5530602402134357
2023-05-30,23.95893327308865,21.459076706189325,85.98215229903464,0.599897415573974,11.032934050528047,28.70965074833218,0.427662213313743,917.2640516438667,3.5996354699155426
2023-05-31,23.8075920661721,21.846634240019892,88.84545338769344,1.1362039638573722,9.608934242297652,17.00148822043079,0.4399285541177963,916.8672713254589,3.5575385310501804
2023-06-01,23.262227115850163,21.26038672938788,88.57665974009927,1.26046224930354,4.110723344842605,6.656806264212157,0.4371041531853445,917.0394716923269,2.866133009736536
2023-06-02,23.826868424377327,21.560389387764637,87.2026312054846,1.2070308317436462,7.942887083355041,12.00682268354465,0.4395607214541362,917.1945053002249,3.407036569061773
2023-06-03,24.33687306469423,21.566937359794036,84.60440704717654,1.2752012935865058,5.641406405623831,2.531242691433701,0.448114371773156,916.8944053073058,3.6838754918415537
2023-06-04,23.590809075398447,20.624183651605904,83.51623745446066,1.4673040084892761,3.95738952150626,2.894947542686083,0.4497896038350931,916.9739953982252,3.5668732687489255
2023-06-05,24.141112902270976,19.744664990689984,76.5283326329491,1.952123183618715,0.6651306377267427,0.32435403691450415,0.43249038694530945,916.6768492771406,3.9281473490881162
2023-06-06,23.890063519958964,20.61822849916426,82.00785091069999,1.7478610514822024,1.9977050488243915,0.506700686586763,0.4236834330799971,916.2171763160585,3.56663274726298
2023-06-07,23.350991612438175,20.775588798691455,85.54632374586629,1.931970008575327,3.7056834775129177,1.0414538989368292,0.4261104440013306,916.6106962250761,3.6763637731743914
2023-06-08,23.31898477236908,20.869545495887838,86.19891995899962,1.9071869532429209,3.0542751554046563,0.8900902222321319,0.42766822925996456,916.5535601010328,3.319051212208696
2023-06-09,23.00537910843821,20.726230738517113,87.08343731094071,2.3378180502009838,5.497191826557889,3.3700655103210537,0.42745678673079157,915.7139876800921,3.7201177587436285
2023-06-10,22.010104899855698,20.9043595341973,93.51302101057762,2.412569443150049,9.806996754580629,9.341466539007257,0.43349630797784283,915.3417035892204,3.2553492718733446
2023-06-11,22.709016002293605,20.55767014915872,87.74497859704731,2.3203650136051337,3.9837703422984148,1.8692628000507174,0.43750516230203756,915.1530695774431,3.6527538604056558
2023-06-12,22.542975887748835,20.61651118917621,88.94252199462966,2.20970131420468,5.653204661669385,3.228976472487701,0.4348387169701513,915.3370668708833,3.421181571869576
2023-06-13,22.860998532167446,20.62394832689176,87.28756654018983,2.198695093184618,2.8090550492465143,0.9642117416934904,0.4306020374446803,916.253606142971,3.156864521367194
2023-06-14,22.986989437984843,20.402848369060568,85.45535348345456,2.1562409938237783,2.8209855272498374,1.0387689752545222,0.4281625344410155,917.4431030394396,3.4533507260501977
2023-06-15,23.26497908031567,20.194465876136583,82.96147473420434,1.9926627614705765,1.8694425270413362,0.6764195782170755,0.4221419269104507,917.3009530975451,3.2704755964762247
2023-06-16,23.003839954789836,19.866054674360946,82.57542309949015,1.9190278701768768,2.02932957847091,0.6679372553150147,0.416198837787786,916.6874212996466,3.281447759149452
2023-06-17,22.791803044005906,20.227909613932134,85.56078505518828,1.9744769693039124,3.2841107784545787,1.3925442915280606,0.4171347750145733,917.0420594038577,2.9952187468405618
2023-06-18,22.29770160715635,20.240775784637815,88.20920166121726,1.9034055271271133,4.579783265444249,1.6116724572865446,0.4268491842937473,916.4662805634769,2.990748711713263
2023-06-19,22.644720600821337,20.688136583162635,88.78288214056981,1.453116881344445,9.79127699616785,8.462633345688607,0.4372451286434591,914.8770210642996,3.104729157897071
2023-06-20,22.23369079379165,21.16332869584119,93.69307251434422,1.3065791991117828,11.354024209012135,9.82745053513384,0.45188508530240323,914.7318707341726,2.772040425424532
2023-06-21,21.99623643506137,21.044284963082198,94.37449117950885,1.220963825585823,12.856145354272014,19.324535097931584,0.4560300953245273,915.3524712882298,3.0795331938772366
2023-06-22,21.998517509161864,20.281248647531093,90.03907353138938,1.5160821548026133,5.727323821707456,6.539865726780399,0.45078087622208124,915.6030685060634,2.970961126316347
2023-06-23,21.771746549515875,20.207449912592725,90.9049743210115,1.8885616176453321,9.044283398588048,8.841789864636345,0.44907679922062343,915.6523854977935,3.3854028849167914
2023-06-24,21.739924528357335,20.290272674475588,91.52370334122503,1.9552113318170785,4.549856909824938,2.59456773038414,0.4563413052193171,915.2628690201909,3.1099669705689648
2023-06-25,21.659390484986847,20.28391948415284,91.9378491714062,1.7974883021443118,12.03992103975676,12.829865503557016,0.45664325468999045,915.3754322897161,3.2592938172249277
2023-06-26,21.181978870105738,19.560693583902562,90.52683656809238,1.7535248619461472,2.81554062593728,2.2184271543534724,0.4564433780029474,916.0279122481872,2.0214430983542635
2023-06-27,21.39868320269205,20.16749612587218,92.74951343822045,1.7213397352002084,19.967219396272053,16.29151627168133,0.459222610587325,916.324841595614,3.398652734031689
2023-06-28,20.927917125077933,20.30683724414043,96.28974804062513,1.5961311340215756,15.19433273664524,12.52259840725863,0.46914272350105124,917.4084078786917,2.955086632592123
2023-06-29,20.46133388220847,20.22179620576291,98.54427616522801,1.6790975971587248,33.16040062134513,57.86915464550582,0.4649847031884987,917.7786667682725,2.4246920348939245
2023-06-30,21.735836121251893,20.103055681293927,90.48415960735426,1.9767254909660066,7.180572711815059,7.471230942105652,0.4646866879677651,917.50187386936,3.3840594141696747
2023-07-01,22.467428285238572,19.965342907876845,85.83813420690517,2.2374851163398364,2.26546175672192,1.0278094710138541,0.45432424210145006,917.6673471835527,3.277172054526704
2023-07-02,21.541404713323278,20.197869209426997,92.11576461934692,2.158206167965012,17.595506489434843,22.694677610462374,0.45968198858657333,917.0768855170721,3.770888938311745
2023-07-03,21.005262354556933,20.53856389235853,97.189493679114,2.955718461642303,50.35869914722328,87.20659439444802,0.46778430902825596,915.6764502723887,4.5597306110916875
2023-07-04,20.41753093635827,20.28395069794947,99.18708409615125,3.6941202186412543,88.96090312399873,304.4378425179538,0.4697243225722377,913.9566447271098,3.50195410504623
2023-07-05,20.197202642614943,20.088309291548505,99.3347802485782,3.331202593245284,60.500898486072415,168.74178117934127,0.4675746849157635,913.5961141052722,2.7371094634975135
2023-07-06,20.011176783050438,19.86031156602113,99.07872226252408,2.938585820569189,48.88847531367025,165.59644130836887,0.4674045646108689,915.8990215494117,2.977227854274916
2023-07-07,20.36395297344415,20.16774853226064,98.80453776929926,2.3941181833639136,41.32057259679392,100.21424802778424,0.46941250275369667,917.1595833674643,3.1108313103508296
2023-07-08,20.245047660851377,20.105754055687356,99.14945645392018,1.8025942886910018,26.843778456393945,49.6444859708172,0.4709238023139293,917.735070261903,2.2106799674220916
2023-07-09,21.534899173555946,19.923400057245356,90.5803086395647,1.9166331210307312,5.037884608167638,4.402744314336175,0.47312737441572955,917.2246348936353,3.3181320138894566
2023-07-10,22.3619564687711,20.124466392434186,87.19791348404046,1.7657862056355726,2.4358996637336747,0.9724413455631453,0.46592295323208627,916.4105062927276,3.0661725192001876
2023-07-11,21.383765748160958,19.838795894299466,90.94122509378693,1.6252832460010267,2.315873445171803,0.8502243723458908,0.4617283426223182,916.2485007335189,2.1607532913985787
2023-07-12,21.44549282129798,20.020685379105107,91.62759988436156,1.8629918024923997,10.41850633379954,2.9276918543897352,0.4680295412307026,915.9888106864375,2.795044980343997
2023-07-13,20.51599972178396,20.32619111210942,98.84648168720769,1.7647280290417426,43.789642259923845,123.2271513906265,0.46421424568892117,916.5684081378632,2.40492294685747
2023-07-14,21.12108267244852,20.053561122074,93.65487004252208,1.8585683457420705,8.189695365468728,15.280000585815868,0.4661896526847845,917.7075641728745,3.0738804932554493
2023-07-15,21.974719615648702,19.908320449144625,88.11361370021805,2.168496292662126,5.4260262549232525,7.724405278041073,0.459045124900054,917.4386310301804,3.5209081202542825
2023-07-16,21.840507178744843,19.933664378423238,88.97978453954875,1.9910332844025154,3.543451131385982,1.7711359682167878,0.45769918785852676,916.9722794872962,2.9404263982922947
2023-07-17,21.60976017656272,20.1008127757764,91.17071058090481,2.4294340216024066,8.86779683064737,2.856965558668863,0.4651442910639898,916.3407373834511,3.616857723685875
2023-07-18,21.022646083539517,19.867694484840957,93.16382131356477,3.156323861176561,14.964069481396617,7.00429133875144,0.4731608102658323,915.9262319624552,4.465404881402868
2023-07-19,20.68634461172397,19.76586349114584,94.50809803633233,3.670609919863228,21.55232517086038,13.21924052609302,0.47188514316531144,914.9031780883258,5.0217070458932245
2023-07-20,20.80417473686775,19.765989522666235,93.83341897768533,3.7862549851625875,19.44387789052569,15.949269410929706,0.4728856808845223,915.0993775020734,5.197222688283522
2023-07-21,21.014919539860855,19.86872220790053,93.2148982577056,3.84176188988223,19.76233293289944,12.203626961558143,0.47458960800560607,916.0947016072155,5.470190965337114
2023-07-22,20.472000639370066,19.887658664301814,96.4839660941432,3.4511392448483065,30.820782838507753,33.230088259292934,0.4693910301558069,917.0979443295611,4.8351132314468055
2023-07-23,20.382588245599756,20.077473064882223,98.14775114585865,2.836034639685274,33.17479824099187,47.22583624422172,0.46807849526693773,916.8907354719214,3.810028166440737
2023-07-24,20.133216504716998,19.934665918421658,98.78960230969163,2.665757130086043,32.07865198308907,55.335343000814355,0.46581039695360266,916.3872873663335,2.9010933567740307
2023-07-25,19.95153035139231,19.78825557062776,99.00063077904576,2.2627771038943356,23.548416472250075,44.6383831885194,0.46761128620127645,916.9662736892449,2.9868472181668344
2023-07-26,19.722581753784088,19.524515705099137,98.78914450172756,2.296863961366812,19.52486823296909,22.03046558191974,0.46583843776953276,917.7855522911581,2.3088611051593046
2023-07-27,20.433787171838947,19.721718901333777,95.73495053225545,2.4750960813320364,16.323154341968454,23.958228679374066,0.4615351160527577,918.0537701015395,3.9910832127041758
2023-07-28,21.310702137779167,19.506343820059648,89.51770939139216,2.656436835819803,4.862124556384748,3.6765398721193807,0.4634998054297815,917.7245575412738,3.728784517317355
2023-07-29,21.652742021829322,19.02241855436297,85.06642314212912,2.6386552997791295,2.1022734964995773,0.9830451654902331,0.4573705427592702,917.8938512936513,3.283467808222631
2023-07-30,21.885858449442562,19.13624208393693,84.45548663978117,2.6894255367636712,2.470362559347223,0.7008865315980908,0.45070472915367527,917.1522601694596,3.1990246330693184
2023-07-31,21.999311617066603,19.511895452412165,85.8860603737743,2.7115601896104335,5.384748657622598,1.442408666267058,0.453933587770022,917.2476658504078,3.868775757083092
2023-08-01,21.534914878323367,19.57636598089708,88.68342590435923,2.797608223554306,5.139811328836112,1.9598596711417802,0.46136091601286827,917.4664816917692,3.81356262435478
2023-08-02,21.843897627157936,19.59880516596388,87.15565757234593,2.83943719249246,5.747589675661969,2.1617657112551942,0.4582515543230659,917.6152461590491,4.094616686280372
2023-08-03,21.522262334620347,19.624953129095868,89.02909278479142,2.765743402291113,5.744882036545881,2.757932445237625,0.45658035899525384,917.6520448156184,3.9102979491988767
2023-08-04,21.635335223136448,19.643810354013695,88.48697888991873,2.543672835102223,7.785973535217491,6.7255047102418954,0.4508265368458715,919.0476654014523,4.41790574021755
2023-08-05,21.672480587007534,19.497156978929084,87.49259270764028,2.270737192762396,3.0947762190634647,1.3680736390397983,0.45282510167814255,919.8297674542025,3.344153267707964
2023-08-06,21.947455641785403,19.780936234271252,87.56465750410885,2.066034006378283,3.3079241518875953,1.273564329457346,0.45200072753428033,918.5322967750817,3.3143060617745506
2023-08-07,22.269163123626505,19.53017904748475,84.53739945198849,2.162850440450562,2.397131427093017,0.8547441723338741,0.4469127156893154,917.088964484248,3.4346778000698395
2023-08-08,21.243649012801555,19.758189632836125,91.27069874491531,1.552580279483749,7.309621513906072,11.24855953638167,0.4509107770882072,917.730228847822,3.2045071971850505
2023-08-09,22.028041051636166,19.83942441186147,87.42016175378497,1.4256918347543124,3.584040519799364,2.1778555435201152,0.45443334475811503,918.5924279148948,3.024349669029957
2023-08-10,21.99620569742428,19.817785008543282,87.47384110872063,1.2356655495256332,6.317735175687889,15.054992824296676,0.4528654363475215,918.6658393471612,2.8725455017501353
2023-08-11,22.48064170166678,19.590084138018955,83.75533701890285,1.1977537818512578,2.6188381679830357,2.5081111201682744,0.449585748285624,917.8107527732094,3.2552269033410335
2023-08-12,22.28096831599685,19.342916463198584,83.48722201152226,1.7192093167304685,2.0048635527021186,0.8065639234764231,0.44630137049172486,917.8618635595121,3.316250365853708
2023-08-13,22.098336036070606,19.57818428234706,85.65816324107195,1.7357547750286673,2.036344269792795,0.6863032624868907,0.4433143555799809,917.3582210730908,3.10718967050386
2023-08-14,21.928697240191944,18.80861008978846,82.49336290280864,1.5563799477427644,1.012445212111026,0.3565344300628849,0.4358564277130571,917.6920980659733,2.9970416722999262
2023-08-15,22.018825563868205,17.836097025725714,77.20395802282492,1.4939471569690235,0.1006076664594423,0.054048638808444315,0.42507069351788773,917.9759628532307,3.2276815875054687
2023-08-16,22.485775543721605,18.70091907212451,79.21135623668974,1.575834375137649,0.6322720548306925,0.17893889229794027,0.4171708875406253,917.9329279674415,3.104562808383182
2023-08-17,22.224502850022073,19.270565251450297,83.39487933934093,1.8620332020379948,1.8521347639541188,0.6154098714643779,0.41707636943110515,917.9139428284298,3.26287791369862
2023-08-18,22.17574950478003,18.85223825160741,81.49323605944073,2.2891510077736967,2.4074272071591363,0.47466657718407257,0.41489125495820095,917.1048628808655,3.1762536948216047
2023-08-19,20.693925747045647,19.585953977801474,93.42091923278218,1.8368054575234312,6.1861653387828115,2.717395121540077,0.4349824528350402,916.727845603432,2.937647171519411
2023-08-20,21.806456137686958,19.699929334363112,87.86829866431165,1.8399948610911692,2.7210538934061037,0.9883823155882943,0.4327755422687763,916.2190854844936,3.2312389688961423
2023-08-21,22.74419858589443,19.298492143937715,80.94535504446866,1.473299853181832,0.7651418333268195,0.24602470698650836,0.42311997561427844,915.7747627679253,3.2714916324913186
2023-08-22,23.0590131345971,19.206139231283082,78.95132163605926,1.256212817331856,0.7253622713081123,0.22477299676353246,0.41359274736329626,915.9814938533236,3.420300703177681
2023-08-23,22.857941503854818,19.060155196017202,79.2008772477924,1.3520455332736436,0.5410268004200873,0.16176371865969452,0.4054273831778857,916.1799707691367,3.2786902827666236
2023-08-24,22.518783008024435,18.5322019944695,78.23289818689804,1.5541094241329794,0.21923022441170154,0.0690804700643899,0.396683404562582,916.1645273031677,3.0971631483496878
2023-08-25,22.757037032906428,19.148780581348365,80.13966957285294,1.5787149340718853,1.0115199700136968,0.2699053565904915,0.3917648842721443,916.5583522534109,3.268957326922881
2023-08-26,22.275140670584165,20.195455158249928,88.04514450476609,1.1144864006554123,6.816572194017183,2.9549551285354347,0.4145369746010438,917.3516698688032,2.97458191490356
2023-08-27,22.481371250175304,19.998096089356338,85.90507207590842,1.0781160428578855,5.532804124983572,9.528156916227488,0.425947926499288,917.7020541019074,3.2496933530969314
2023-08-28,22.82470837018136,19.583494021840647,82.00317954381492,1.5686564938725196,2.541691926729157,1.4393459442156926,0.42630280930815456,917.3012145308318,3.4515983647744024
2023-08-29,22.11372686659279,20.052798916858894,88.13045468494985,1.2761311579637222,7.920837575054675,7.398785543808851,0.4371448836531898,916.9285301691688,3.156885507512591
2023-08-30,22.405711859615057,20.05063740715307,86.57156448930589,1.3796467615241252,4.074978016965932,1.7348489645657785,0.44309161429755545,916.9023119026682,3.335575427959174
2023-08-31,23.31592706175644,19.766545873194325,80.48858392189405,0.9641379387285155,1.0879578804603152,0.38423683798653785,0.4347280574182799,916.6119957667662,3.6182431011588516
2023-09-01,23.406433135034614,19.84227503621874,80.43725842281746,1.0968889057879345,1.7797223288052513,0.4172994493270664,0.42677720244928824,916.5516236608975,3.571201039872859
2023-09-02,22.617320139999574,20.148307543210784,85.97057702882381,1.5987986958826808,5.009064585745074,1.1132082764863251,0.4363701667965853,916.6084405704872,3.700187602121718
2023-09-03,22.28123192085203,19.436393419982128,83.97468787617983,1.7768526476524915,2.0371729827439613,0.5428846146443949,0.4346723715848863,915.3937324993636,3.43748478677975
2023-09-04,21.25151720515467,19.55216672554286,90.07897794425357,1.7200127408225179,12.196573426888198,6.895036700701353,0.4468827814432628,914.8824332275342,3.1814912278499174
2023-09-05,20.908229501279376,20.140309886739733,95.39631326484364,1.7582304092814727,15.115202915450094,9.811302990271574,0.46299696944754987,914.7612889867362,3.1293188260919904
2023-09-06,20.87871415746669,20.293923367815577,96.47566846796713,1.5389402225152597,15.642583493827082,8.907109841074256,0.4670861609709052,915.2219755975271,2.616550215704641
2023-09-07,20.782124164799768,20.20427336303277,96.52012559866604,1.7130796399223274,11.699244853421868,7.390997196690512,0.47320617808812887,916.1087641604748,2.3545537810111212
2023-09-08,20.925452032014892,20.10266641852046,95.07961929076157,1.942582042845044,11.751483333922572,11.721114598936591,0.4664771910768987,916.8907357731002,3.5055182662377544
2023-09-09,21.430190144097278,20.220276375548,92.87477200098493,2.0854515755441105,8.219620756767611,6.019190424025876,0.4635425672675073,916.38608766791,3.633629111632119
2023-09-10,21.42749511161133,20.24548903606398,93.03356915651695,1.9520481940635492,14.151272038981327,18.867083153532782,0.46267422000928815,915.9992570306721,4.203755198739128
2023-09-11,21.43552797011812,19.829788916723693,90.63347895678866,2.0122890513743124,4.423687959958923,2.8309906271762433,0.46255508547678614,916.535805892666,3.1992119797812855
2023-09-12,21.718327602792765,19.899201153150376,89.44586858734024,1.7907880907927956,3.344140679883798,1.8725230013332497,0.46186868193127856,916.7901943948982,3.03359175005848
2023-09-13,21.808165085068023,20.003362310797606,89.531386253253,1.913567530788887,3.5590605823211403,1.7693674454521522,0.45819161799653874,916.5769338743,3.3356029190906846
2023-09-14,21.26260722244182,19.822955540082994,91.54573873093297,2.191809134873556,8.863770571940728,6.078805507469019,0.46344184970720187,916.6248001606263,3.4895575294033536
2023-09-15,20.877195406009534,20.22142811157777,96.06706412582935,1.9805865349244622,21.98225314447521,20.27929517592768,0.4698815426894421,916.9125392762884,3.2859427148549423
2023-09-16,20.784264353985726,20.291707426627124,97.02003692102174,1.663796624487795,9.460762732039127,9.30850569754135,0.4669490086344176,917.1074872173339,2.2585623619578126
2023-09-17,21.008679149463763,20.057283674043006,94.33691070214508,1.4836432537407662,8.68206352950146,14.607436979870487,0.4639687234686832,916.2252698083495,3.0861076734584922
2023-09-18,21.70671341222806,20.004626972825424,90.08242552697745,1.6632910906106908,2.874580928430207,1.83825517166202,0.460521283885752,916.6630844619855,3.1772877423083914
2023-09-19,21.619955173379203,19.487497793901568,87.70568197168656,1.5160342090342924,3.029304415906293,1.1110075378494544,0.4585078690290752,917.6482413246578,3.401603706495246
2023-09-20,21.68764505897311,19.856232097309437,89.35766547872434,1.3070861992909664,7.841449348947696,10.65877309816542,0.4584850753448377,917.4993213181301,3.197498411272394
2023-09-21,22.16233511166297,20.096284841543433,88.10386846236538,1.2569734312747363,3.465024532261838,3.7710564385922294,0.45618417286198004,917.3923562157335,3.338769968585775
2023-09-22,22.17862243560044,20.04486747916342,87.73789373494232,0.9974603358259475,7.611681867219193,7.818567384687254,0.4575877378085527,917.0991952597278,3.6214136507056085
2023-09-23,22.03887161771775,20.163681675623476,89.15920118587522,1.4504108500230843,7.271666964403369,4.481885659899328,0.459203913120528,917.7140843247862,4.028391865630319
2023-09-24,22.184032822622267,19.764954629449697,86.22281328098443,1.7811359031012763,1.6547877889636033,0.7871033492684705,0.45327523683455,917.5406957665566,3.469816797612202
2023-09-25,22.555655057341383,19.787471156232588,84.40372670917994,1.622663872770078,0.609091532836303,0.23806621563597366,0.44445981025952175,916.4969746296658,3.5083884963928207
2023-09-26,22.06097571173038,20.179475114279366,89.11612149133349,1.604973918463222,4.5428055976670025,1.541272795783071,0.4507389022452665,916.4541577860126,3.2983757178835114
2023-09-27,21.832058619328436,19.67877613682534,87.62598591949346,2.031300211939811,4.711330934512557,4.089954990568676,0.452120022349411,916.3928502527654,3.9513375414169474
2023-09-28,21.32711693973648,20.081240889295113,92.6523656786363,2.1286233835020467,14.197055879228742,19.21580362988172,0.46018467923026024,916.0758299942974,3.517145273586973
2023-09-29,20.560218144016236,20.38130782789207,98.90759639031995,2.0017824453841353,23.281788900114297,30.059404705530596,0.4633155568850984,916.5071131153578,2.1852110877936988
2023-09-30,21.026796551888403,20.20129429969244,95.07241786167505,2.436664819409869,15.858686733282118,16.213859676643434,0.4687603487783292,916.7999228627395,3.958053429330846
2023-10-01,21.233590695092236,20.30651146112631,94.48991092523015,2.2196781919593613,11.77997119384221,10.545251395685124,0.47112399355929413,916.8498110143213,3.9126318723292983
2023-10-02,22.186895538648315,19.847422447721787,86.643387912801,1.6809091052568184,2.496901972116119,1.776804233482595,0.46543843525412076,917.48719923454,3.9008263085839707
2023-10-03,22.247552385332778,18.832138803643755,81.02627838087332,1.3818612544645212,0.1789482917952033,0.12972209504300622,0.4474415776000417,917.9513785874801,3.7247321666830535
2023-10-04,22.286269076806274,18.218915331136152,77.79132887250329,1.188158879268159,0.013643438976224985,0.005807932962029607,0.43299170163441725,918.0962241768095,4.168874495180402
2023-10-05,22.388430107305133,17.56772380174982,74.22027450378815,1.039897724022908,0.04201520214752616,0.005407674363206396,0.420146747206279,917.486261375226,4.335449832741709
2023-10-06,22.86056621314315,18.932467373612358,78.60244669884277,1.0512138341659754,0.3171834181717346,0.06060064120533856,0.41078864870182386,916.8978336584788,3.957591149627627
2023-10-07,23.106136927154353,19.34001446943083,79.4335899664749,0.7073557650664709,0.6506982016829882,0.1407847250970034,0.40480197794120487,917.0934387127794,3.8614782001142847
2023-10-08,22.300588540949953,20.47907186627513,89.45831884720852,0.4210600586057012,11.014182157066166,12.315518170061207,0.43191417323859427,918.2530522277715,3.423346893850944
2023-10-09,22.342861972965174,20.25499835602769,88.02210754586619,0.6152677770559435,13.595352629862406,7.992245467223661,0.4572497474555254,919.590610811582,3.61341212310952
2023-10-10,22.043715521609574,20.286010382547882,89.7943497553929,0.6188775831020059,11.40055362226489,32.58688756081143,0.4571464967996875,919.0078168035212,3.3399330103120253
2023-10-11,21.76029525708783,20.478077560092537,92.44867210196408,0.5029859338650241,17.45377750712093,46.47239148964467,0.4596416980168939,918.9896500232841,3.0963134998353694
2023-10-12,22.071814099281923,20.376125511550086,90.155004014651,0.21343538530542963,8.755411527779463,26.3417603141992,0.4587838757160361,919.4109366744769,3.4275090599610514
2023-10-13,22.976902915733962,18.79912316492684,77.38684578440169,0.41027202331148926,0.32415928825622786,1.6307759704245357,0.4426149582997459,919.6445723412382,4.389041678376708
2023-10-14,23.174616667595924,18.76264126338082,76.30970773731781,0.2543346129144296,0.6205658059100015,0.17156251189496907,0.43355296048837094,919.431713549318,4.279870723721542
2023-10-15,23.01014402844956,19.73072380182836,81.92442805222322,0.33502626387084,1.3489089651025457,0.5439270447855074,0.4290303462761387,918.1901029878303,3.2912984787421986
2023-10-16,22.08893071316116,20.34204260882556,89.86947864821937,0.18643121442637253,20.57401342300332,36.63302243428922,0.44962476545816543,918.5979204439685,3.18746319559381
2023-10-17,21.72732183973092,20.461773563977957,92.55906980850283,0.45793704103592336,13.855211561832492,20.309983815228225,0.4618149947958956,919.2909576229187,2.683735548847281
2023-10-18,23.061959650015005,19.308214078881896,79.49034644537049,0.7351772289578872,0.7760231541986287,1.273540963873444,0.4474445227567201,919.3325816144379,4.089391563052932
2023-10-19,22.86896238746415,18.830760244984944,78.06293206017371,0.36052485417156194,1.109480024032488,0.21432728866856277,0.4387154545282014,919.3939413767318,4.099607515617859
2023-10-20,22.934272122243037,19.002185718873225,78.60409844985335,0.35313528192582566,1.3445443270714619,0.32856050474857423,0.4318467502921445,919.2035937334967,4.1706852771763305
2023-10-21,22.98194715005627,19.3703946346502,80.1998732301707,0.5319005924150919,2.0805769935662144,0.5742820898983689,0.4280786269975751,919.6656493566771,3.786763826284056
2023-10-22,22.52816583371392,19.857153658473706,84.98106350476061,0.37786476382864376,2.802426978621234,3.568612495790306,0.4299715780308065,919.8191051706464,3.582313897283254
2023-10-23,23.011247570540252,18.861012537191797,77.63879569152924,0.2987547415571137,0.8824714805381112,0.5431179687344735,0.4218261153365478,918.9434952547244,4.195948678436559
2023-10-24,23.059909739360464,17.90065811506803,72.81213168731945,0.39223001103165733,0.498869359003764,0.06113752490097315,0.4096148956406659,918.9517409753576,4.3932917503281
2023-10-25,23.11309816098442,18.072268635178116,73.42638339091049,0.5114463125731933,0.4923470792591445,0.0814886224793184,0.40100543173098346,919.6740146817435,4.299869426500483
2023-10-26,23.149328889981245,17.296954668788384,69.75737110804569,0.4926831460096231,0.07062548547146613,0.017283333679857522,0.3910058557737687,919.3626911406278,4.408899652509286
2023-10-27,22.844228173965156,18.519499114695478,76.69716245003791,0.31949657994849673,0.11444410213715,0.02014929578283412,0.3815711600469975,918.3044958378416,3.657006295377489
2023-10-28,22.896842409369746,19.138426381539823,79.44568698997557,0.45809160201636523,0.9687513485008757,0.18749872186272795,0.37781478250961154,918.3096666629533,3.4121010531487306
2023-10-29,22.341727658148116,19.8004617380511,85.60005947545719,0.9317429104027649,9.158074346213331,4.166284794965871,0.4108062702678117,918.2748074164889,3.4160457303813407
2023-10-30,21.871636581083948,19.902275814969617,88.63459144595306,1.0045513360217388,11.860510498400162,27.793473306228197,0.43701643119114914,918.4517693602567,3.401747915985219
2023-10-31,21.601420011350815,19.859164546315036,89.88676271095676,1.0585034405746176,10.637696182879218,26.67375094297964,0.4557457042005053,919.0394641649159,2.7653284377123035
2023-11-01,22.272031909734466,19.898218035984563,86.48804926614568,1.0562249026708488,8.830923138551922,6.799964975084505,0.4493225233325092,918.8620447100373,3.5097630229222836
2023-11-02,23.03273307213373,19.917723723469187,82.67079122913668,1.2622928579079817,1.6497003129837553,0.8362368496504228,0.4453305040319866,917.9357067136427,3.505776630185939
2023-11-03,22.72261305043247,20.461357641177997,87.11637664259652,0.9232675244589325,12.722457002144864,16.229843478063955,0.4520388183933653,916.7091637563326,3.6923778136591854
2023-11-04,21.997542964333018,20.289331018206376,90.09723892504466,0.6424460892096672,14.828529491922836,11.585904744802798,0.46077412460496503,917.0419883158686,3.0917398042883275
2023-11-05,21.195420186895173,20.07836773724365,93.36976179894869,0.5064258514089298,16.52397172206999,19.09180735163318,0.46310972454095795,918.2412885467821,2.5444644913103107
2023-11-06,21.828953879682736,20.043332946899852,89.6165010131019,0.20392103661657024,5.173325760247229,4.426897123030205,0.4559447802069568,919.5567499300877,3.1297252540187857
2023-11-07,22.163924709067654,20.31295070197675,89.27952330345249,0.5964800850820494,21.85368242592343,35.272050614374635,0.45947992369002044,919.1820087609698,3.4354326441525185
2023-11-08,21.934149110746255,20.569156504071128,91.99310339833266,0.771918899689213,17.69481822771681,28.401291959875362,0.46117446262971895,918.8794055435984,3.0827056766775347
2023-11-09,21.260813984711778,20.039986875091405,92.80366852697131,1.1747198040628897,8.049598202332444,12.56447372322159,0.4644070360963371,919.3894172235664,2.3570968184127814
2023-11-10,22.511287390517783,19.80320276168882,84.7209053742427,1.6270715837250895,2.22411984561679,1.4249781595835116,0.45715408773517835,920.0706840031359,3.644585099081135
2023-11-11,22.51205289441972,16.181975035849298,67.51029888119402,1.824518792062977,0.056012515368048035,0.059216750908253686,0.4435914086458589,920.2238525733809,4.632520481775825
2023-11-12,21.410220385145383,14.800256478343753,66.05961940819161,1.8240609354401094,-2.5753821627804454E-6,0.0012715125306436354,0.4284399550288083,920.2647075188371,4.203500409421387
2023-11-13,21.491043308945365,15.176180610623067,67.3087564645579,1.9766933761105632,0.001727127028061659,3.2153388764097574E-4,0.4160731046362882,919.6178708855875,4.249781091270536
2023-11-14,21.12421690329214,15.698452173830747,71.19433809303723,1.7799832876655632,0.0,2.3758758912370533E-5,0.4060245575010949,919.3343142177328,3.837104365040745
2023-11-15,22.347101483076024,18.180454963598834,77.3071454541631,1.2432637300199667,0.08086599447713581,0.02364409302618526,0.39806352282704066,918.8047800515853,3.4515023743792774
2023-11-16,23.01800487102368,18.870375733533624,77.53412452904102,0.548703038381936,0.08984290848836943,0.013785756311461679,0.39130731575242805,919.3380101716724,3.2659778418668615
2023-11-17,23.031377283570965,19.03464616420299,78.27847831589298,0.9653193623646024,0.43001474449503874,0.05721035350669102,0.3860787843904283,919.0281464827249,3.196465717041626
2023-11-18,22.608797373828274,18.95366525418174,79.90078694694095,1.0037884345333457,1.1310267123247344,0.24296387365603583,0.3864206684099508,918.9811851855728,3.3792616854844475
2023-11-19,22.729190739139646,17.16871324102512,70.92083657701328,1.323393276967633,0.08008952203155859,0.02550697854441807,0.3802351995735448,918.8864456146166,3.8449350715083574
2023-11-20,22.692771082707917,16.12690592137023,66.52631142922316,1.5859547136858108,0.009257831931958211,0.002974513173446717,0.37108794964416986,918.7073411063385,3.8595503720425146
2023-11-21,23.262659599479154,18.58217624150496,75.00391414528545,1.3429252492251509,0.12426896903122793,0.009658062550065315,0.3634074481762366,917.9584828990729,3.306970474781191
2023-11-22,23.29036575033447,19.72898778528985,80.43856805914538,0.8715012738688178,2.0405715062295013,0.2658166202058411,0.36478861670214424,917.6078523673942,3.0281021013883396
2023-11-23,22.29819624440373,20.117562375253836,87.49843977189894,1.1694247129733433,3.2993942087049875,0.9380453230255358,0.38617349054634176,916.6271627802579,2.4614352020374413
2023-11-24,22.09456116881851,19.61429061576118,85.92617950739377,1.1249072760104888,5.2012597282039295,4.903226219927169,0.40439320691111585,917.5066923842753,2.6313179235994264
2023-11-25,22.276383817159747,19.314862980618997,83.35279818397116,1.8482744335928625,2.5560547437710697,0.9105172609627723,0.41073026201822715,918.7084604664904,3.3192966235942145
2023-11-26,22.47811776092446,18.356727730316322,77.54684391333402,2.49176655142055,0.1918540203010176,0.07006377114796639,0.40331193201872545,918.7221110969335,3.1399037340220888
2023-11-27,22.80731193469814,18.483964335437243,76.65456755586094,1.5084422132035078,0.1382748495590552,0.03164746330821139,0.38999756090275745,917.7917500555475,3.393469932810483
2023-11-28,22.79989116060831,18.254219319524932,75.57403865925944,1.1677735245488319,0.49858118318539973,0.04886007184311463,0.37920522991997496,917.2730145312662,3.496299685356851
2023-11-29,22.88711816673663,18.289972274501334,75.35373112914164,1.5083373374136235,0.04355059065867751,0.013449880549786535,0.3713670715866501,917.5739667697196,3.2834931946230688
2023-11-30,22.89163493466196,18.82964268754091,77.92032502286096,1.0579361452465301,0.8247598588487247,0.12326901629421204,0.36585560570930864,918.3132046455225,3.0157072560803533
2023-12-01,22.579168411608293,18.86565263505476,79.60752090094626,1.18236308577003,1.7952339519277762,0.4294307101726092,0.3687836116335563,917.4798534734298,3.1007410408350595
2023-12-02,23.408265899354657,17.470946489382406,69.37976339111827,1.4312673319863993,0.06586774412779946,0.03992272999130343,0.3641680178931815,916.4954614123728,3.7380959494171395
2023-12-03,22.43840871691435,18.882914287864427,80.35538136170099,1.8055173024738636,3.220257983392855,0.47215703445166846,0.3682703514200212,916.4974444947404,3.0348684676510893
2023-12-04,22.193900310089887,18.252315580694262,78.39786231617735,1.0992404266646607,0.0376651941981372,0.04579087860752653,0.37164175740702876,915.5820499658538,2.706330404353452
2023-12-05,22.42539760075203,18.81325598566308,80.06649906748213,0.6311773138989482,0.39971287146337026,0.07632579935601069,0.3642684834552038,915.8248991746191,2.509628769269131
2023-12-06,22.636077664214135,18.627217156977633,78.15795630623366,0.4692910865286692,0.24802612467204405,0.06745769343441815,0.35729660313721956,916.8636084824526,2.933995002007852
2023-12-07,22.70929723201126,18.53092018417828,77.33106491297035,0.31869030558858136,0.21119764466785126,0.04130893523502987,0.3499699775838501,917.6469289453543,2.7758087651673824
2023-12-08,23.075866426020397,19.11458025328435,78.44151522696005,0.15818593915271204,2.332260489520478,0.17793275261803676,0.34859331067029553,918.131942198542,2.6030263239295675
2023-12-09,22.62180700876814,20.113415746216003,85.77560082446891,1.005207524582619,5.680205240572688,1.7654709550148058,0.3845873140183519,918.6824363841004,2.80864405160209
2023-12-10,23.24261773488131,19.439962091104203,79.26942786989673,1.0814261289087772,1.2723429170730367,0.23469805948394196,0.3840927349356786,917.9701525698404,3.0910249199425923
2023-12-11,22.840674661492137,19.242596929346323,80.27396192442191,0.8789768130943445,1.6791744668076716,0.38673870994317006,0.3828588407261332,918.3181172287948,2.7651574249324717
2023-12-12,22.209818320654016,18.26635629254178,78.44551018618374,1.1553584735770173,1.1916133441719818,0.18800783660750003,0.37751572699015146,917.6184393620213,2.726571777130906
2023-12-13,22.248499117243004,16.86370685690354,71.65623211802517,1.658482164743587,0.026343918497059887,0.021592925503027573,0.3692712208392978,918.146571814044,3.058104226967679
2023-12-14,21.617630536906887,15.59879132195472,68.62988845159299,1.8480725084359086,0.02799960421876837,0.004714110211398087,0.35685972059982213,919.2155435809723,3.134644461871018
2023-12-15,22.37189718935722,16.727097967532956,70.4394956817207,1.1128097824378025,0.24821831198265312,0.0069832414481370364,0.34620072352024067,919.4174529939512,3.06534943521634
2023-12-16,23.071947951393216,17.982351632573714,73.08470287478599,1.7169571461938373,0.16055513879495403,0.012582895743131279,0.34006958778458407,918.6930812656625,2.675075061221815
2023-12-17,23.154433356728056,17.576825775279534,70.89348436204735,2.5671443343383897,1.3331709932351379,0.0731365122944065,0.33478562786185656,918.2588317794673,2.6881228866291034
2023-12-18,20.40766845830885,18.579166565940636,89.30760526642796,2.3146563225632923,3.8687355988573824,0.5939044311568819,0.3584529584273768,918.8490949239978,2.2231573808772147
2023-12-19,22.626371859430968,16.15400224311996,66.8881151401321,2.2359357042503536,0.006602781958150924,0.03792141017028984,0.3582417564686575,919.2627090780295,3.2550752571131416
2023-12-20,22.571159582309868,16.777049769945748,69.80545823542045,2.063106699587575,0.002553341007104706,4.7367330121614917E-4,0.3460503214217003,919.2753519060612,2.800125385550794
2023-12-21,22.964398580059555,18.120515665982566,74.2126403583207,1.1022720586080945,0.276921936575341,0.04157335294091024,0.33716301848986646,919.5421481505736,2.8282672594767004
2023-12-22,22.838650262733555,17.617022012991235,72.44211199649975,0.903868463710068,0.018478375156854455,0.00792328598367713,0.3296052504415432,919.7290529616655,2.6833181989393484
2023-12-23,21.67407992004357,15.023226904346242,66.02716727214282,1.1298970338776633,0.1172853746749919,0.01311209814685022,0.3221483140120507,920.3518095528344,2.6566403539065164
2023-12-24,22.22622309571686,12.690164014764516,54.84475187348695,1.7811247855419894,0.0015063824792367834,0.0019254243817523357,0.3145433250017309,920.9206835796849,3.1184830238950565
2023-12-25,22.82665107402679,16.297464619253546,66.67914948322391,2.2233968054407276,0.05779104132452232,0.0070316251528291926,0.30767335352198233,920.3554720299625,2.6484961359740082
2023-12-26,21.81400803534739,9.937395339516348,46.8847286731869,2.315349390468898,0.01717857977929916,0.002621515949230643,0.3010255920038606,920.4947593473128,3.0435793972481346
2023-12-27,21.818181381331094,9.729792002428029,46.22151625014299,2.474986699993216,8.52346317969932E-4,1.249094687377353E-4,0.2942040109339546,920.238152416288,3.024485472150628
2023-12-28,22.467752438175427,14.73709148886514,61.66313544960031,2.30879990273956,1.1910284042138632E-4,8.069101546351596E-6,0.2887643917450163,919.5518365250427,2.62845438514568
2023-12-29,22.86838295931421,15.995255692686367,65.23538164153985,2.3114192729460363,0.04461253609014409,0.006896320583221754,0.28458047641121664,919.6258626793423,2.4229449922115247
2023-12-30,22.446524416193952,14.723448495139298,61.704249314608575,1.625419213881372,0.0088858874331203,0.0015967156940210328,0.28078125828664113,919.3075596116824,2.4842055992402843
2023-12-31,22.61006291565243,15.423390891833384,63.94486529425045,1.0410278374254585,9.542879391557694E-4,1.1640984913983888E-4,0.2770134325551608,919.0227430409276,2.4278095254515955
2024-01-01,22.63130353124808,17.327123248777223,72.06667915218111,0.1655377328141517,0.01989543283504547,0.0021086246211320827,0.27424678362225785,919.2493534025047,1.9463157827045963
2024-01-02,22.93456467935678,17.502931157411865,71.62434770138667,0.6294793096597868,0.6695986041076697,0.0411581791235989,0.27346923727911726,918.5808566296953,1.8555394486829022
2024-01-03,21.72091480411456,18.38145137248733,81.5988690793361,0.561351404547477,8.055227795653614,1.5633530055893528,0.31369703184209047,918.1734271590218,2.3566097348820283
2024-01-04,19.721971632682802,19.21580355714882,96.91990739296382,1.2499875657698576,20.482645149605908,4.761073551192126,0.41932834410313036,918.6017926806235,1.5515093088041858
2024-01-05,21.161295494723962,18.989082781862077,87.47041265251632,0.5165007419428159,1.1214324767749722,0.5304674728580272,0.4286843833274298,918.3635570014769,1.9720867796633523
2024-01-06,21.418443683296548,19.267457541228314,87.57092559374517,0.6323865000577574,3.685401601327802,0.42452165705224504,0.41774682719920747,918.7959242063054,2.4286508017204254
2024-01-07,21.502555151432965,19.292731250599314,87.31857836623037,1.0202015975788254,4.6102946571124335,3.1194956452753266,0.423748179277242,918.7413805687727,2.797427477542774
2024-01-08,21.768399012674372,18.644804290183703,82.4545981987436,2.209375328850244,0.7266529063203514,0.34945731507645367,0.4106520607242818,919.4527902279464,2.676097937451933
2024-01-09,21.690605838079886,18.087097903056556,80.02418399236578,2.0998715973796664,1.8343558635382322,0.37489131748459964,0.40454229048724455,919.364691281615,2.578387036168441
2024-01-10,22.183071288596615,15.708454408443103,66.77914469724368,2.133316196140875,0.0017214402770206266,0.02655547886128826,0.3922263011865711,919.2249813085255,3.472646870691664
2024-01-11,22.22169212402552,14.387040201544568,61.20492318658235,2.264782694652128,0.0,2.0142922355826788E-5,0.37594763661335606,919.1965992678388,3.5703491418695292
2024-01-12,21.891374041791785,13.768467583238593,59.9956905724611,2.4019861604020716,0.0,0.0,0.36172091113434557,919.3484376020181,3.6360859711666187
2024-01-13,21.89447488733146,15.782103043168084,68.3161266370317,1.5486739577382087,0.0,0.0,0.3501910305510341,920.221633404206,3.169608624766417
2024-01-14,22.272695465093772,15.619985604369536,66.08970798103077,1.2473962013112252,0.0012270115869488128,8.641480232029548E-5,0.34012507890535065,919.5575631592558,3.2288165816030467
2024-01-15,21.880393632476455,15.313686420267668,66.38172636812558,0.6300379419206674,0.03844346266927938,0.005479898165964231,0.3309520015693842,918.9618064416517,3.12630705550864
2024-01-16,21.894990956739814,16.85030763518196,73.12628337019666,0.23652187545661182,0.17524379667878692,0.029857110853211122,0.3238271300170114,918.0976603667377,2.9235347522321153
2024-01-17,21.71190458506436,17.295416051075907,76.05619380614135,0.25703046693482867,0.11699857247194086,0.020738662333103324,0.31853637288012937,917.8037773718424,2.5106640548708934
2024-01-18,21.616620697447566,17.65025312305987,78.20902073983297,0.4040155437103926,0.6523328643834359,0.08888689835220731,0.3168618881689146,918.4908050163215,2.4218342070282017
2024-01-19,22.48793890341713,17.259012386132902,72.4108313860991,0.37852893832281453,0.14526465065757557,0.032578040738921094,0.31272618281711695,918.5183173830376,2.5914775269662536
2024-01-20,22.06715228099835,17.747958349878513,76.58947327702226,0.25472759834412423,0.614290362281285,0.1157866485064062,0.3107432965268626,919.7722553603479,2.3653265507296215
2024-01-21,22.75821445825653,17.66927824696168,73.0632108046506,0.25609184268506074,0.03195971659161359,0.012117064909831153,0.305804823320042,919.7308215215294,2.6029628504169384
2024-01-22,22.865879913624884,17.96229062753418,73.91914461256384,0.23627840842986578,0.050930639526061444,0.00896793309960144,0.3003262988194281,920.522141454311,2.384262796229983
2024-01-23,22.634851432657022,17.232077080297767,71.6024021162577,0.3932364367088454,0.016999198671472964,0.0036929297631258552,0.29536136198360646,919.7697478419382,2.3644953347619797
2024-01-24,22.074461832129664,15.807430730205036,67.6929107846532,0.6675838093415485,4.398752734029E-4,2.265591588571388E-4,0.2901227610925379,919.6932533742541,2.569170983776284
2024-01-25,22.077931997562413,14.990566316412634,64.21546290258706,0.3077663261011428,0.0010029272529496814,6.89103589902373E-5,0.28519191222563184,920.5039343117785,2.5124830215386442
2024-01-26,22.07015362728687,12.538572480225588,54.88891699346853,1.5752478139835029,0.0,4.360980462308219E-6,0.28055868798212075,921.7296573271555,2.6321095742928233
2024-01-27,21.92597930538412,11.413682240348702,51.30295887720216,2.091210538601145,0.0,0.0,0.27609416919035323,921.5221516214455,2.6363027413510984
2024-01-28,22.03866251804005,13.211843884172108,57.356703114885526,1.531139925531011,4.351138045421976E-4,2.6886989779427847E-6,0.27209410037606874,921.3026286184236,2.510838753022601
2024-01-29,21.64950710126241,14.106582970268885,62.281945170006814,1.1005843044564279,0.00256470324342772,1.554065004638406E-4,0.26879521729727557,920.710916864552,2.3360338355212287
2024-01-30,21.885835003346482,14.407749499784597,62.56727850592786,0.31208873652061353,8.583068833445395E-4,9.77160084809366E-5,0.26581166926656224,920.4573767975472,2.3159020370994243
2024-01-31,21.84150967699605,14.551879554892436,63.34063479752744,0.7688053733071063,4.351138045421976E-4,1.0710155954282943E-5,0.26315711239321266,920.778631002238,2.2466522905993185
2024-02-01,22.40285474725432,14.804381716536628,62.20537336964363,0.7398435437643933,0.0017317996139354364,1.6196149191365756E-4,0.26074093857013714,920.7798993842823,2.159303906557712
2024-02-02,22.304305561410146,15.89784846738971,67.10381500838285,0.3390856448584838,8.52346317969932E-4,6.0909505071199384E-5,0.2585945585775142,920.2720149375766,2.09476194834964
2024-02-03,23.12151756207508,16.10572600315057,64.78845225060387,0.6030886813575138,0.0025611056081810525,3.236781079066709E-4,0.2568171363769325,920.6030433201126,1.9741565601172453
2024-02-04,23.32142945269213,14.63499158934049,58.35006281543346,1.1630457440474073,0.003782894284055103,4.113808159235367E-4,0.2551018522646212,921.9491437735015,2.127794951487211
2024-02-05,23.489048501744463,12.095761349027514,48.982161059739106,1.5079256617906558,0.0,2.7790090457842853E-5,0.2533111051420337,921.9250146188069,2.249195198695332
2024-02-06,24.004199043992145,10.678168238363577,43.18075966909869,1.8126588512826474,8.553266184208042E-4,1.3112987512157098E-5,0.2515718725487014,921.3628164083877,2.2531870529587845
2024-02-07,24.151904580768658,10.644273361594038,42.88331176779405,1.5787844327514955,0.0012993227755941916,4.83124524523193E-5,0.24995332632846098,921.3656106831215,2.2121891750640637
2024-02-08,24.271462401892514,11.000436246798492,43.67146092001888,1.022320779884718,-2.3863171463692548E-6,3.873374772821789E-6,0.2485382304825431,920.2985730331625,2.1150188812641986
2024-02-09,24.355358180449628,11.621001852057296,45.51555759750092,1.1971037539016005,0.001330315609198016,1.0441457748632853E-5,0.2473634245960001,920.7611282910648,2.0652238832429775
2024-02-10,23.86088278657232,12.25780463696499,48.37378868317842,1.64379268758854,0.009695394254770317,7.388651240516166E-4,0.24632643224841672,921.6484248954912,2.075749387300801
2024-02-11,23.617682441593946,11.58723551257946,46.929487347610895,1.8520593388841151,0.0,9.444956543781005E-5,0.24541623606020516,921.731007219556,2.0580498884961154
2024-02-12,23.504886314001514,9.171024586199618,40.30329972528849,1.8769077198051147,0.001716613667213096,5.8490362759627605E-5,0.24450948814617426,921.0755408673609,2.0765572241637855
2024-02-13,23.605814842654592,12.022132763696163,48.31066805158613,1.2636109625884098,4.375953144587239E-5,1.4801579750220144E-5,0.24371137610594185,920.8196660114615,1.9882010009046631
2024-02-14,24.16960766116849,15.199311515153806,57.397124455174065,1.3042565227253224,0.005871422102741544,4.953502928802722E-4,0.2430885427168548,920.0548644874658,1.8744031721727128
2024-02-15,24.13992760116873,11.839353618291465,46.38147780612506,1.559486566070136,8.52346317969932E-4,8.735009527574526E-5,0.24249056742003325,919.9296332180229,1.9550593814536066
2024-02-16,24.106308377849025,12.519459730513802,48.387764501825,1.7195006966580115,0.0,2.0173826941780155E-6,0.24189601380571302,920.1865044189667,1.9249131129149994
2024-02-17,24.219945409500603,15.192146768902182,57.18181129247494,0.7584259528210788,0.0017106532936850272,1.0893008087840355E-4,0.24138546770159344,919.2624039979838,1.8119431250050588
2024-02-18,23.949481361264063,15.986982376978306,61.19405910127265,0.40419345801275963,0.016287365793728557,0.0025853362294547726,0.2410441900163118,918.8143118564968,1.6642590826530719
2024-02-19,24.09625119090875,16.49541521822158,62.66910863571348,0.1891953922161258,0.05139921659753518,0.005576208874245011,0.24086053835593435,919.2557554269976,1.6091113987555081
2024-02-20,24.056385241852542,17.839697901569057,68.29796159082663,0.3439624553388934,0.1211786771329079,0.016025969225740296,0.2412953093821365,919.3089535084689,1.57094957322648
2024-02-21,24.165829402122046,17.065431734297476,64.6454696740092,0.7551256206239678,0.023175519671179957,0.004107527338678296,0.24124891151685787,918.8662436073544,1.6697573374992472
2024-02-22,23.774052989148217,15.582607140694753,60.20694427091311,0.9442979261373748,8.52346317969932E-4,2.4364488797056484E-4,0.2408195347922754,919.208114140679,1.7362926477251521
2024-02-23,23.662649817960684,14.318364525918184,55.86542937561349,0.890861445828925,0.0012814997489840607,4.1574394253764725E-5,0.2403320811808226,918.565441590258,1.7451990218941467
2024-02-24,23.53304477445075,15.682991113731243,61.45611581504936,0.8573194310954512,8.44385089343405E-4,1.2536960368415206E-5,0.23993870673304338,918.3442372550663,1.6216979209586475
2024-02-25,24.54454923939559,16.702753026550386,61.78293838714847,0.6413028257385494,0.039848892950954964,0.005986947132318933,0.23980014533057448,917.2814709922267,1.5921795582766836
2024-02-26,24.886979209242664,14.626896904593293,52.98145517437546,2.0071010153431286,0.0018177998503380666,4.7047725195213864E-4,0.23951244680234202,917.6934497819509,1.7405673758488314
2024-02-27,25.015249869392836,15.664053958913804,56.18937094572558,1.3392155717389902,0.005486310117771826,3.5619391732562554E-4,0.23918604478082628,918.4719933744,1.6960467128524142
2024-02-28,25.0088755602221,13.770854026685166,49.91231821134146,1.2810883303133058,0.010564997114059985,5.452702130325269E-4,0.23886849537108934,917.8661140055048,1.7424554924934204
2024-02-29,24.63487769087812,10.50375641970317,41.42057654134578,1.3785537644738501,0.005797035876253339,6.009491169311191E-4,0.23861111384792963,918.7391783117533,1.7320305501340598
2024-03-01,24.597896765702973,10.937845170516685,42.53773278065261,1.3257258622926917,0.003912669062456609,2.546924189881721E-4,0.2383344947465367,919.5129269016879,1.7077261103425085
2024-03-02,24.36949743021882,14.533339523216995,54.51968886570338,0.2388299729586602,0.04414766183336001,0.0050938071736488354,0.23822747891402607,919.3601747743819,1.5987907352295314
2024-03-03,24.50370812342641,16.71561151160146,61.963486344371915,0.21355544561709264,0.11575040344215008,0.014969852001508509,0.2385720660546667,918.5953125420075,1.6047082557460448
2024-03-04,24.89062357764552,16.833398060308404,60.98253813887743,0.5522315305672595,0.021167296224851036,0.0034401731730633748,0.2386547818539004,918.6920774841603,1.594361898168768
2024-03-05,24.791788742444023,17.24550607026887,63.00546331135473,0.5161620043982759,0.05616343009504325,0.007819684368493524,0.2385710033398141,918.7468404688747,1.5141326566678004
2024-03-06,24.608181522769517,15.637246117912557,57.45249749045767,0.8505656244422721,0.015821071879004403,0.002260208610620816,0.23847547101045977,918.9119219569145,1.4498271906529718
2024-03-07,24.899996059098495,15.706815822425675,56.75712550879913,0.41845065711317553,0.006815992250940748,0.0010748237271863256,0.23822442607203487,918.2791613450253,1.4842987493640305
2024-03-08,24.695658004707433,16.506437542250165,60.52531416772779,0.5254674517405409,0.059854545679392857,0.009348863884523339,0.23821125527921164,918.7550821901659,1.4345736916400496
2024-03-09,24.909769802179238,16.411141368032197,59.36138851930356,0.8227471562568051,0.006309941731247903,0.0012142034098360035,0.23803181030528947,918.8965168091246,1.4917168093226945
2024-03-10,24.932595272410737,16.370335622585966,59.11414175888045,0.5871127448246548,7.694349103238205E-4,5.098054837295983E-5,0.2377315898798127,920.3659009699535,1.4803634572532507
2024-03-11,25.136638042685703,17.545151394567423,62.84002688909737,0.3580980150415032,0.008797575416134674,9.484462906158054E-4,0.23752130148812506,921.075254971441,1.3922254716639888
2024-03-12,25.616205222603845,18.08803340309562,63.27955983781875,0.2963105958533649,0.22498673524577648,0.029353260296887406,0.2381665887300442,920.4310055156257,1.5536475783274706
2024-03-13,24.787079348056693,18.643101512511766,68.8716645310539,1.0287377921667213,0.7867150121136791,0.1091892008085599,0.24176450124940513,920.1152416299248,1.623788280432943
2024-03-14,24.50061014378114,16.95266210740123,62.916640724748746,1.0131338807829697,0.002688986975042573,0.007708895720154311,0.24307938990479588,919.447700879623,1.4609737217216834
2024-03-15,24.92455044523082,18.190403042974346,66.3097557261676,0.7955744230585151,0.057109133068604476,0.0062583589323078745,0.24228564109762696,918.6925948014257,1.3925795600990887
2024-03-16,25.204188022349097,17.716266503048185,63.32865413189231,0.3971327606856211,0.09992659936783245,0.009647363554100405,0.24201583085798342,918.7313173740733,1.4176379124361298
2024-03-17,25.13603822003636,17.371301946923175,62.29602178418291,0.4673616372270121,0.42197581177082344,0.06422432580979305,0.2430763736172069,918.860686890403,1.6423702467053092
2024-03-18,25.16749850652341,17.09994743989766,61.10641992998246,0.23498648946127643,0.07545932794710274,0.015316394352256355,0.2433756259004426,918.6201975614026,1.497284063807774
2024-03-19,25.318462437873183,17.047527862105216,60.316781454111734,0.20008790064544152,0.00671300936096693,0.0012600297600405188,0.2424813633292539,917.9791760045273,1.3794812415345004
2024-03-20,25.601746488898566,18.093192704082785,63.44966913789989,0.5427466704922956,0.18575116571351008,0.016459148076289613,0.24198631753696973,917.6877409876222,1.5035385176022629
2024-03-21,25.35711359711991,18.056962337553255,64.2486048508508,0.5413484490760724,0.8765570330458999,0.06700667448239687,0.24469314420187066,917.6222946235089,1.635157487198825
2024-03-22,24.933621815180675,18.875470242905248,69.4715540814514,0.25901296099064003,1.0169145986043149,0.16674987979508832,0.2515168692350763,916.5680163353396,1.8670443917168271
2024-03-23,25.587049663186395,18.669881335259706,65.95935466339218,0.199982380028546,1.2504473583388502,0.20242313006559068,0.2567610823623265,917.1224658083104,1.9275932783641454
2024-03-24,26.0082144235335,17.16415534038702,58.63941799418265,0.2659446089022805,0.0852585428464982,0.025846351996993037,0.25731879697763704,918.3998773640857,1.7816384590888352
2024-03-25,26.269486855711556,16.54115142472107,55.75521834830557,0.321007441358608,0.13157202896371364,0.009141489820472653,0.25414349729987235,918.4321063200773,1.6925379246308483
2024-03-26,26.29333266523316,17.729940749176222,59.78585848440048,0.2376752310698473,0.17712049350195705,0.025072887793967966,0.25256821984413663,919.1628031745163,1.6512787082215472
2024-03-27,26.225111162889153,17.26089320747784,58.2366626321077,0.22892959251222428,0.05825902260192837,0.007752115139764554,0.25050332591377716,919.9774890011541,1.61712955344807
2024-03-28,26.466786609263917,17.579147744599094,58.46734485757244,0.23730344374477474,0.39387657175636576,0.047865215019773734,0.24969192477338817,918.6314541785259,1.690149141782672
2024-03-29,25.99006017024248,18.189671917571918,62.43153023739542,0.37494890162218025,1.2982266023969689,0.22316678456240144,0.2546630521228466,918.6134850982794,1.8292524187517325
2024-03-30,26.540086934965483,17.497342136205948,57.90249469611287,0.23409731238898046,0.1481812701792064,0.034150584754422994,0.2573350247880046,919.2713534619153,1.829094386219923
2024-03-31,26.26433725328853,18.011614169877436,60.80017172232613,0.5085548230542273,0.13339638011465488,0.0047084763483018245,0.25433107749627476,919.2174297395968,1.6490658314866202
2024-04-01,26.322573175835796,18.91129332072599,63.9981762883325,0.8902173473927819,0.18387874053404385,0.021686625846871203,0.2528281740206985,917.426539832438,1.6791868513004269
2024-04-02,26.63152583402421,18.62194203347726,61.76461074181894,0.7668691867360463,0.12469383537205464,0.010077318455412276,0.25076135574647324,916.6415920742369,1.579666853286707
2024-04-03,26.392954273284705,19.28647628957357,65.39766288396508,0.7693453830432868,0.679759643280859,0.08360766344822311,0.2515747052584713,917.1531493750556,1.7058647260574622
2024-04-04,26.352367106680653,17.717650516370995,59.30120201320116,0.4650072809269275,0.00346791174813641,0.006549701614854578,0.25108421711885615,917.5050992904175,1.646125199718984
2024-04-05,26.95455769210953,17.942887070045597,58.1739015721666,0.407953570332952,0.4479515667443126,0.046878021031442986,0.25000932357019784,916.8071297803441,1.5577984014887636
2024-04-06,27.669693999150017,18.545076573273708,57.97758796213998,0.41797199174054067,0.37284719039595743,0.028578775920603094,0.25016804886435634,916.0651066668647,1.657928136359891
2024-04-07,26.69948395113246,19.121039959325575,63.46845453359681,0.8966002605989691,0.31852117224457327,0.03624987211290875,0.25072595855857055,916.2434992336252,1.7032946063662082
2024-04-08,26.72464242469207,17.733460074712397,58.09483142229323,0.47900913094448366,0.0010988908110836021,0.0024978356889376846,0.24910406669484547,916.5211271943681,1.5538092209012266
2024-04-09,26.74842264792446,18.14313721297668,59.45979302798173,0.21739129273225935,0.04038416759285945,0.005165495511531996,0.24702137516597655,916.9815823371171,1.4329137829354395
2024-04-10,26.858770990120828,17.65992872365113,57.42718937751303,0.1971741381135331,0.02106511383912501,0.0028429819679381112,0.24528452168550474,916.8447000636263,1.4744488162286113
2024-04-11,26.914686112942864,18.478657504399422,60.17100342214656,0.31772990340623736,0.10641090728978655,0.015778640038970695,0.24418444991885513,917.0933335780645,1.4770830182957613
2024-04-12,25.779444494466116,20.18190509057584,71.41126964610903,0.26397062445508596,3.0459720138745827,0.43655268230709077,0.25694064513079484,917.2861626858532,1.807135569090728
2024-04-13,25.10364402227151,20.528183368106077,76.08141655545391,0.3437213936658982,3.720007364470869,0.591096046229073,0.28884804638436506,917.6928738255519,2.615368209829911
2024-04-14,26.631514303051606,18.52443287692626,61.90877656678921,0.5040516330401236,0.7714952836957759,0.11463790787730517,0.2891256953089745,917.5766143841728,2.0811524754449136
2024-04-15,27.380034402037918,17.27252701530308,54.70408458218608,0.3431264363452681,0.21980153622506746,0.03193798744846069,0.2823470513035076,917.930331035259,2.1002548306267004
2024-04-16,27.057369455870184,18.67042927820207,60.44837040380347,0.2512480639377523,0.10063949342106897,0.015304964484295162,0.27487086887142054,917.2806024760882,1.8456646434723236
2024-04-17,25.987142098105217,19.603108712794242,68.20053147441118,1.0637026107890137,1.0641639007519272,0.13624867852526135,0.27334856416523745,917.337139648925,1.9678820513926256
2024-04-18,26.603538350600765,19.53383021302849,65.39488436934576,1.1725102841309138,0.8632494260094823,0.09722521940448174,0.2734749632808026,916.4994183819613,1.8621219116269419
2024-04-19,26.1944614753968,21.113134181794813,73.93944060132263,1.0502698395931511,4.7821475222571275,0.7941063827431438,0.29372421301569107,915.4500019906693,2.1689469192182633
2024-04-20,25.254315612171208,21.18199057989455,78.41277726944448,0.6618345204100115,5.0617062196655755,0.7284205887212993,0.32744723853049623,915.7372466366597,2.6334362211413453
2024-04-21,26.440981532943464,20.52238468191118,70.32213071632508,0.42149941228055976,0.9127093331167424,0.1726129446069221,0.3296941775589232,915.6951971673952,2.614139498648507
2024-04-22,26.061879985079866,21.12836712887291,74.57282554435854,0.7959991523497513,3.742822481702848,0.7575274192836373,0.3314307939119408,916.4804763334837,2.638399485305084
2024-04-23,27.02722774314714,20.355461431178718,67.25951846218766,0.3217851610872027,0.7235694484172094,0.16630147871903547,0.3251139799808766,914.9115661229614,2.696860869113463
2024-04-24,26.53865470162469,19.49800332878834,65.63517469049525,0.6554839033211677,0.535819491188897,0.059977278752059916,0.311773407343424,915.2201383302262,2.363749803046584
2024-04-25,27.011359835995133,18.473844402536088,59.873432860041554,0.2404909599702009,0.07645563594358414,0.016875287554604424,0.3006996936126344,915.0911812693085,2.2955319388880193
2024-04-26,26.9853653853091,18.287173625595752,59.234430300340456,0.284254327212812,0.1071755451784452,0.017342595154959728,0.2904593562248385,914.990740251403,2.0761494909474645
2024-04-27,27.557688479030347,18.989550966029235,60.0317704294732,0.33703037641625333,0.2577836583816908,0.03578549830206722,0.2829999166612375,915.1790698228123,1.982558543114278
2024-04-28,27.718678029261067,19.254924601258093,60.384777237150786,0.3900949494463634,0.020229726595036066,0.004621175829132714,0.2762929125444202,915.8011078369619,1.9126476567384076
2024-04-29,27.73058529287669,19.191741473690268,60.08270616919431,0.5760558078243044,0.003483254112478682,3.4140081487502456E-4,0.2699627600658616,916.5101592921701,1.779582377414588
2024-04-30,27.19638500334496,20.325245934457204,66.5088615059208,1.1485600533355231,0.5019727051769869,0.06932518437980359,0.26697656707875017,915.6457576822768,1.8269082386253108
2024-05-01,26.938446025919465,20.84813890587183,69.50798771389026,1.6220050069436336,0.1443285949433032,0.02140859016395958,0.264420390847907,914.555725809815,1.5867904161489055
2024-05-02,27.655893243730436,21.505680615813052,69.42356060435972,1.1021502212070133,0.3450169377117467,0.046189933429803834,0.26244562410349553,914.8539649823372,1.6265707489681243
2024-05-03,25.93874224982799,21.913087767608246,78.6650973988068,1.308007328270102,7.5123656975919415,0.8530804900505505,0.3027343994672751,916.0584742738394,2.0579059878373864
2024-05-04,25.942322045062635,20.01476218436784,70.10475250726024,1.6787014071171695,0.2794568027690929,0.10161227968887657,0.32541911583798006,916.2352514308066,2.5249656117265302
2024-05-05,26.058279141322345,19.082910986232736,65.59420159618654,1.8315645209797773,0.017507759758252674,0.0019671335543392852,0.3090958565790614,915.5842428591325,2.127476374138292
2024-05-06,26.00727358252269,19.759982616956272,68.5769886804029,1.6122179964715562,0.03452949128896496,0.001400009077503764,0.2967681226200345,916.2475014880788,1.8845875196477375
2024-05-07,26.731626961697067,20.584587087322475,69.1487754103353,1.393894021680431,0.6681113126560723,0.04793009318875778,0.2889027444430933,917.0689871709385,1.8833274842003942
2024-05-08,25.426330690178453,21.664111137177716,79.77106484484614,0.32794518834051484,6.7930330005193404,1.0043998624559014,0.32065195165004795,916.0832656772094,2.547322841227459
2024-05-09,25.04107390653294,21.214680751913814,79.44357015803516,0.6920259482917231,4.509575853978282,0.8847372880460259,0.35448483779426077,915.7453476231693,2.918108602828426
2024-05-10,25.244629628884397,21.364058345134385,79.20637897098611,0.4311177757881535,4.696303006472988,0.8847675232472321,0.3656402747147678,916.6428230845843,2.8469921170726042
2024-05-11,24.83654531558073,21.434823931307893,81.62557800953246,0.4575404931523895,11.691158962546439,28.03746943082735,0.37680508245515104,917.2031633710637,2.934105165589479
2024-05-12,24.055207110687494,21.689281412681318,86.70159281204621,0.33220572571855345,12.461934925870064,6.419996736563253,0.4035881540763121,916.9243006410497,2.6984953256380804
2024-05-13,24.637718086082995,21.455979920459193,82.62730437402529,0.36624280407470644,5.668827959745179,5.647366812386359,0.4173337072208417,916.0496278864423,3.2850101181100015
2024-05-14,24.312165513199627,21.29528855635385,83.4645669171732,0.3732878167227809,8.955863915998023,7.749363855780827,0.4180791274456539,916.6567591578657,3.3403891024449845
2024-05-15,24.746755947029992,21.27189516923935,81.27628427946792,0.3105843154720928,16.547582530310883,22.328636743688882,0.42164493582328083,916.7057112804612,3.7970246060582147
2024-05-16,24.4522757541091,21.312023984956916,82.90258639969915,0.4802887927877291,6.2339723269769305,12.386447883629893,0.41779119105741386,916.4973344021997,3.4617102158853896
2024-05-17,23.434515120817682,21.63390773388312,89.71358672597951,0.4136914895031047,15.03037853079684,13.851857698336968,0.429943649442019,915.4500047577276,3.0201895862967127
2024-05-18,23.521490449301428,21.796480291030868,90.12383362442014,0.412855711747381,18.66594614013163,19.550457439895165,0.44184416052923076,913.9427275800948,3.23244194138629
2024-05-19,22.857860164815968,21.952254383262854,94.66194770232987,0.4667727963211264,14.745508297541987,8.565173009870852,0.4644757516328175,912.9431699052968,2.3847127358822626
2024-05-20,22.61936295961289,21.759897193640594,94.92564692667437,0.35806459892212467,50.260472660282254,36.5850002282651,0.4683583837530327,912.983564445061,2.384132302152333
2024-05-21,23.144881907266516,22.048681931023744,93.5841233507963,0.7326607293243053,48.418789841067465,103.79357594650732,0.46148739116745024,912.2930191755361,2.8269992650253997
2024-05-22,23.20117532998439,22.020088863127413,93.12676206682794,0.5041671431565687,32.59454165093477,52.03071708420425,0.4626269975821855,911.70508666303,2.9251807383134465
2024-05-23,23.094674526290362,21.89459306617513,93.0117526152845,0.58968389200672,20.35904271644661,20.912660982685995,0.4643224370494691,911.0049270507396,2.642463885079449
2024-05-24,23.441202467676565,22.232185092402567,92.96261395168699,1.2066328897238954,4.276981249543329,3.6981573944535997,0.46033656460241584,911.8972631750606,2.3779739702047658
2024-05-25,23.31098135033847,21.48129647386036,89.49740095115392,2.0176695978062886,1.430482340169428,0.7480790473538781,0.4559772359009468,913.3295933103087,2.4421746951051126
2024-05-26,23.294441786302112,21.46356250579657,89.51198715758775,2.1080443947035015,3.044472279561282,1.11709851035463,0.45163183611155466,913.9223004068579,2.8661790424392355
2024-05-27,24.016687181085054,21.35111812224252,85.12618765698414,2.451418260226094,3.265815336056044,1.3304652603475546,0.44733928688184976,914.1451829082765,4.006190456300613
2024-05-28,23.163443193238997,21.6379230915944,91.19164383605697,2.211366394328939,6.429896172406912,5.9208763489244935,0.4505395748998298,914.512328894713,3.6778780548557632
2024-05-29,23.268497107914186,21.847407093114786,91.76528568874575,1.967846427470881,6.297564219456522,5.307511279818949,0.45030162566753046,914.0749092633652,3.4878100688651976
2024-05-30,23.43477217796631,21.678209415981865,89.9376024379078,1.6823099350964714,10.305779488967813,14.949887594557294,0.45072326340763064,914.9435133744088,3.8581864517952575
2024-05-31,24.650232016006004,22.1574245595729,86.06520307831504,1.4901409525487455,2.003087005330638,1.9523441919874291,0.4445367763956035,914.889611600086,3.8092692579757736
2024-06-01,24.094754687237238,22.17366217084209,89.07297035695328,1.4460722973661813,9.825863749185617,23.073077976389445,0.44754353097750904,915.362303931552,3.7315014948499057
2024-06-02,24.215733466243815,21.837051977248517,86.62765196905286,1.2104208721515182,10.523911870725009,36.59649525747271,0.44876043596094445,915.7196484191214,3.8160842557164405
2024-06-03,23.57475165205856,21.3475567768717,87.3669562596338,0.7243214394855643,1.7544282307169183,3.1526451641746287,0.446953559556388,915.9325213927084,3.1632855690149535
2024-06-04,23.018810362731084,21.50067964813086,91.2044679109526,1.1534837586000675,9.338245309158768,17.385338828300725,0.4535404295719323,916.4932803078312,3.0973319193666566
2024-06-05,22.71025940584883,21.697553105784166,94.03444895911244,1.035512928299912,10.770623156353823,23.12251658015007,0.45415530311176283,916.9512789424364,2.687884179392585
2024-06-06,22.72931082635752,21.393458507417876,92.18922035359762,1.1059078446018396,8.788305895197908,17.07383219003746,0.4551075847713784,916.8136468777079,2.8706115217342223
2024-06-07,21.840159979759214,21.077445040988277,95.46437119384376,1.466991114666742,9.294969574079532,6.353987285895019,0.4713795554204328,915.4835312013536,2.856417815659724
2024-06-08,21.80983353119713,20.672535377514485,93.30222208445512,2.154203728544576,14.611184639938418,12.097303647308015,0.4647412918201582,915.5504583251945,4.00615970934951
2024-06-09,21.70438030963901,20.72177110739321,94.18764483859314,2.252980827080016,9.57069106194841,6.727337469905358,0.46939282022268064,915.8131481474602,3.646987126046701
2024-06-10,21.47178186251877,20.818984456858434,96.09873039747887,1.9134073128474625,13.731838266295854,13.143305356303852,0.4679780365176595,916.4884082275044,3.119285180323449
2024-06-11,21.55275234362038,20.908965345569438,96.16533164001274,1.9394536236141644,13.436394506756843,10.084913203756521,0.46928699830529164,916.721628501515,2.97997302236985
2024-06-12,21.176536682292422,20.617500480739487,96.63829167584626,1.6202907133107511,7.65291256151735,6.236936244180037,0.4677205480417403,917.583647150007,2.3245836912543485
2024-06-13,21.733975005733154,20.47817807927746,92.62048377775993,1.752480139218643,2.6673162950534506,1.1432924669402051,0.45938780623042336,917.1067411998354,2.343157099102558
2024-06-14,22.986006689659554,20.06265937577208,83.64623363695607,1.828779387350433,1.0832571439144405,0.5029883859793922,0.44957739373673095,916.0569656809377,3.4800238692936625
2024-06-15,22.79049274692039,19.282915108148146,80.64359557564046,1.8834034624479061,0.6017467323552611,0.2465127614363367,0.4377351489746338,915.6804463907436,3.437840711033101
2024-06-16,22.290312440463964,20.383797745789465,89.01109623165841,1.779312556002853,4.875477150917663,7.0200632327914505,0.44120231284411016,915.6297140446317,3.048426496653268
2024-06-17,22.490953087919344,20.965941033200554,91.12540739250213,1.4134680948326808,10.98129734125481,23.639879090172144,0.4534520047662464,915.8334180857706,3.195867593655465
2024-06-18,22.577549566506356,20.840428043445648,89.97688172901292,1.7515735869045668,3.895485188509556,4.684997379336851,0.45327889080965506,915.8935708693996,3.0715211287831052
2024-06-19,22.0991452098099,20.399235071386727,90.14183945146503,1.9239569879836147,4.32921533300822,1.7337573895872376,0.45598481987718303,914.9233289857415,3.227693808123062
2024-06-20,21.261589004991897,20.383040066434223,94.77126585222148,1.9441849049773208,5.011317656775456,3.3381611781813096,0.45838810852990775,915.225487481794,2.250378503743054
2024-06-21,21.489321779524442,20.553415905059897,94.4452609733257,2.0463983009599245,9.523366729238912,6.519556130949068,0.46028639863025167,914.7848692104999,2.9675384781896708
2024-06-22,21.600451236403586,20.71329926685168,94.72691406570323,1.8255278374890622,32.30344678700636,33.852913954855055,0.46359706424039615,913.2867028042048,2.8195545714301766
2024-06-23,20.650257927363178,19.990542342072484,96.04357781057173,2.2703241146763755,38.837870677209885,92.27899227335126,0.46087736962014375,912.7459134926979,3.264261193952056
2024-06-24,21.062232426948395,20.55788810320633,96.96231356657903,2.8136067750320435,21.548728402928656,22.36402746466381,0.4710177664667585,912.4042734708058,3.4507263830825052
2024-06-25,21.100597359878943,20.709533885137272,97.64971679098358,3.475650739632521,48.942414345391796,74.81754363924077,0.46685078922685896,912.4475088131414,5.257433663544182
2024-06-26,20.695935035210674,20.561527941866782,99.18320917992112,3.184550568384028,46.04741047295343,91.98450461812924,0.4684772232131263,913.0106265861589,2.939599145193955
2024-06-27,20.65236062872782,20.441461488946693,98.7190206812685,2.7891630221240566,23.351555716567006,42.20135715719375,0.47104414204287126,914.8893928271318,3.0802587455631967
2024-06-28,21.863936346245808,20.617176952963508,92.67152137318575,2.2955547181266915,8.684810076973358,6.9179750175427435,0.4732669547996281,914.8794529804115,3.689261100759619
2024-06-29,22.37800117447552,20.7793127858786,90.73712714042355,2.117326533375697,7.945393832108702,6.382807626116728,0.4614264293397705,915.5917018731008,4.426778904404326
2024-06-30,21.907280702983247,20.751390709122315,93.19388272183109,2.0572511048504003,9.799519374956825,7.804828553341104,0.46390937809278077,916.4041188236556,3.5054579184879167
2024-07-01,21.375989143924528,20.726918255323643,96.11705742016936,2.0829610506064027,9.147623520645903,10.968350026825632,0.4652319089623828,916.3311655506164,3.0129550165225387
2024-07-02,22.25795040984041,20.759022462987502,91.26975657818751,2.2069426879412766,4.491006161213634,2.1168077434313877,0.466681495681448,915.3292894621718,3.4633615228135746
2024-07-03,22.096519956307827,20.42272865587554,90.28447471178866,2.155646990993228,10.461955981013382,4.76452087555761,0.46525836768327783,915.9733433699444,3.9388226182717774
2024-07-04,21.664461097009656,20.64044468985153,93.95790037980468,1.6441455161278742,8.061762522987177,4.53093340713756,0.46451795621736347,916.3923543021408,2.617427156187584
2024-07-05,21.491104824656478,20.329450316227152,93.14065128719706,2.240236606520624,10.873811434993929,8.953803949987767,0.4623573981713381,915.0921424109199,3.68064226221449
2024-07-06,21.24340456186703,20.079708552346823,93.11436812053624,2.3389209950541052,9.342636836215112,3.9369697031309725,0.47030733642331984,914.6685199221449,3.2725887312353694
2024-07-07,21.125300283542273,20.06200178105121,93.69251852866553,1.8480716262466512,26.20953093793125,27.971567453646767,0.4636448259731269,914.6313913097603,3.0743283729239224
2024-07-08,20.750433615540842,20.261946170509628,97.0522812926579,2.029941866952385,34.83831076897266,63.38397323375286,0.4678741705904323,914.0975671897278,2.9119528045203706
2024-07-09,21.349425144959625,19.702417924361402,90.41070102438353,1.7251730871526105,8.470204793944523,9.547045329262245,0.4707231790087173,915.4761237019297,3.6463616863330923
2024-07-10,21.897347895875775,20.613418243050152,92.45181224056053,1.7031699264485654,34.505482455293816,50.10122547962947,0.466906384150407,917.0687257147733,3.5093261656748527
2024-07-11,22.25045638153457,20.33681749328564,88.9536060429265,1.9234696299378435,7.274546266969478,12.60222758900798,0.4630802110734338,916.0256174540227,3.6329031737461404
2024-07-12,21.59464065098164,20.566265219497865,93.92682873775259,2.2116516225528424,17.590925374571658,30.271635217730964,0.4593789383082839,915.2099624887779,3.6000083667958074
2024-07-13,21.248811241144356,20.048239656602156,92.91531723356022,2.8045754093818958,13.375054064098077,13.052745064116799,0.4716061490533557,915.2573067310535,4.372875793466906
2024-07-14,20.558109482306158,20.190175207004536,97.77040859517024,2.7692373333938214,31.167896765824693,31.76440711047657,0.4695285047424247,913.8806883773569,3.195031296136893
2024-07-15,20.540959922288604,20.3980187460726,99.13083534411759,3.88771013089291,92.24471671574724,300.4023698934932,0.47143262977510714,913.1079969505539,4.176757896971676
2024-07-16,20.652235176949972,20.29653507648319,97.84466702075937,3.6748506251724735,48.831071998379855,133.54424024817376,0.46527331967908175,913.6737016920928,5.238663915749491
2024-07-17,20.90803888113393,20.551422021974798,97.847423100577,3.436690239088179,58.388768012711274,124.5277773265685,0.46624741472031167,915.0990703692851,5.177326787141684
2024-07-18,20.293305262690794,20.12850235268998,98.99571029396388,3.4928122395665397,62.19771197887114,209.45309454547063,0.4660067200985775,915.1928713932411,3.7146797250243337
2024-07-19,20.351795623142877,20.087554289748276,98.39658859563004,3.537537316430857,32.61336108432258,68.01342534319619,0.4678885237972926,914.1454554276127,4.172651579418769
2024-07-20,20.831413103236915,19.97459882276238,94.8743989243723,3.6064678847236684,15.801644272119626,13.43088757612866,0.4703705354683154,914.7881365786999,3.822425824173352
2024-07-21,21.00202037701252,20.19003252169412,95.16681075493152,3.59484871265324,19.063663069815778,15.486567370788414,0.47232135622238647,915.3363333691898,5.0481818232229045
2024-07-22,21.712784446812734,20.387864970754357,92.2230388589015,2.873415208834234,12.771201287461869,8.859297858130711,0.4734779841688254,916.9352556955079,4.5328341046313225
2024-07-23,21.586583144405555,20.555844627664918,93.90916742617424,2.761385946648945,15.418286634790885,11.807091439063196,0.47071724803866105,917.0278240728862,4.348402009099319
2024-07-24,21.472779884870242,20.495069863804773,94.19448937330154,2.7854954936257172,38.86564135307718,30.86474862927038,0.47471478448996657,914.9979271370429,4.663282095603038
2024-07-25,21.377774021465033,20.801567647240763,96.54526422543238,3.255039701795144,43.644867601684375,105.88260219986228,0.4639322188069305,914.1597225631583,4.954425091601444
2024-07-26,21.227131728709907,20.58924078188465,96.1786846099169,3.2188421582573756,28.385332181083125,47.55373073378879,0.4671929334492599,914.9569341141556,4.308228831777293
2024-07-27,21.859950987098756,19.57652991662202,86.95142499303573,3.364682505791884,7.8764321521372676,10.662889172660964,0.462958878881486,915.3356782120981,4.200173784204033
2024-07-28,21.680044957850402,20.098975292935016,90.76900423873217,3.875237915232181,13.237200314951327,5.742653613103769,0.47166813484382636,913.594833480097,4.23057386577593
2024-07-29,21.213454232683098,20.63668576969541,96.5440537239935,2.954445249721021,43.45184178138955,59.77832661691192,0.4651342433650047,913.4342037268702,4.804106583742175
2024-07-30,20.43593550928684,20.338460023882003,99.4050926125803,1.9816050123871345,38.932142079840574,97.62147582873405,0.4647477223914619,916.0361840463057,1.9163938675100232
2024-07-31,20.85816897655152,20.51460624262913,97.92171529409165,1.7221753944220834,22.135111897212745,35.11677503067304,0.47119976922325413,916.5776002631545,2.587673314510643
2024-08-01,20.804096727575985,20.432132921564293,97.74532881011734,1.7596089180711687,31.681635451312058,57.70502743468002,0.4653080780073835,916.6313709398597,2.715315771824527
2024-08-02,20.538168961015533,20.1084956096203,97.40280923199113,1.9510904468214556,11.43547880335783,15.917194956770444,0.4653856714287263,916.7955867804633,2.808592705671373
2024-08-03,21.132600371625283,19.828315047332865,92.31586110639925,1.9986458195278667,9.672913464200176,4.489062498833868,0.46942239734907354,917.3326249163223,2.9486045611567073
2024-08-04,21.115056241559948,19.908202474976306,92.86624239464061,1.7071248055932775,4.64026825138742,3.3487521643352367,0.4683927378585071,917.3327083888433,2.518637067835676
2024-08-05,21.71091229252386,19.953068215966894,89.76248729892865,1.4416999642647634,7.505126148960204,8.521916552938576,0.46767629758276125,917.1966447839327,2.896037777285516
2024-08-06,21.190679737968253,19.96847590678583,92.76205464698758,1.4981702887965562,8.235813874928601,3.2265698828034064,0.47473064126216413,916.2482155449758,2.794557764502986
2024-08-07,21.02157799738751,19.896830508238033,93.3085863719771,1.3346888130050967,10.219084924988955,11.73520781381371,0.4625451262702213,916.5735121224347,2.609644780951253
2024-08-08,20.65808577632953,19.686820148820093,94.1847763484247,1.2547975917653387,8.292243140457217,3.082010681900935,0.46409539340914735,917.3936767122419,1.2371727480140062
2024-08-09,21.94578798791253,19.993343064469748,88.7105873795651,1.622691775157049,9.291325867182922,6.773775453736245,0.45815480112063445,917.376552154896,3.1093337995581036
2024-08-10,21.44011620732047,20.57921213404296,94.87833520204586,1.092617853713631,14.11476449381853,33.00095112958472,0.4567282827932374,916.9320041583325,2.236599803120258
2024-08-11,22.58536136310884,20.15815160839032,86.18619221965464,1.2306125889578843,4.605321028642682,4.366817138466722,0.4564838183797459,915.12502303344,3.2163378532007134
2024-08-12,22.966396542440112,20.43037263268302,85.64451121438675,0.7758478906564467,5.152749549281332,4.456574271328644,0.46171962040500014,914.2311442370474,3.2574437762106156
2024-08-13,23.04298451649236,21.007641539793635,88.33675225802929,0.849689085218948,11.14859337465515,11.952535950226029,0.46393481072648063,914.4351584128246,3.098490125276358
2024-08-14,23.057880680025495,21.073326709013454,88.61718082356032,0.3392723981975514,26.28477370495867,87.33739705395963,0.4580115841231404,913.70923302412,3.497642843624265
2024-08-15,22.8453832279479,21.09008542701948,89.86940083620674,0.3883723897989324,12.666293243161954,34.20577514845834,0.4565509537258295,913.2564100788736,3.142798786139671
2024-08-16,22.754279196880933,21.018156266317796,89.96573614772691,0.38774027737778877,13.285972995060265,12.533383774888211,0.4611419220328189,912.94292028419,3.0722216527978996
2024-08-17,22.900653384679327,20.41525082087681,85.9153793783135,0.7365476269446252,1.8115999003903822,1.8595800130807356,0.4541140578788203,913.9356718715861,3.1802067759554427
2024-08-18,23.636794153131397,20.281089165802562,81.50775859239384,0.7954052179854163,1.5912248168277956,0.7469056549520998,0.45055452799446355,914.4737600300474,3.251217645503385
2024-08-19,22.765682400051734,20.625471422755346,87.74534717782412,0.7994818117432062,6.86462061795816,9.573526676606438,0.45633046130831484,913.7783784411666,3.0282626974984774
2024-08-20,22.906644628769257,20.673162150134857,87.25731049144206,0.38024290452797394,16.646340758012208,61.45940263647128,0.4521878554523689,913.8217507664871,3.415647691976558
2024-08-21,22.22178761445283,20.344016392044114,89.18141395294882,2.610598637704442,6.945937302069314,7.295775927645309,0.4581688396226619,914.7174929082291,3.7233696619302163
2024-08-22,21.773744894948475,19.94405965929956,89.40116397202202,2.1819404772683857,6.540689716761051,7.194815520534097,0.4595945782204874,916.5409976397772,4.023620401658156
2024-08-23,22.30888544970425,19.950041680545354,86.55337676300361,2.355033399508386,3.78812320727303,1.5874276473570532,0.4543195560322144,917.1991787432684,3.6236085182223
2024-08-24,20.949068849524576,19.838340014754298,93.42251916566384,2.4469769702057182,10.375405614009882,8.479909695575888,0.45909600445223997,918.1701638332963,3.730974897230628
2024-08-25,21.07113718676826,19.76860145886485,92.30316179625055,2.474125553789648,6.948941809260396,2.8640240034223052,0.4676496636351532,917.3427999802564,3.345453811663267
2024-08-26,21.196668134770587,19.754704188762137,91.53336603362038,2.5970584071591607,10.204891799877752,4.452101895500883,0.4733041918680187,916.8519688566313,4.391245838194167
2024-08-27,21.211847517782232,19.883199512560676,92.17188550705322,2.045681408307679,8.691316428224614,6.715971237383949,0.4641608104785659,917.7859308538091,4.1192329067727
2024-08-28,21.234134187334675,19.880060191718023,92.02919052431096,2.1496182968655644,10.442279344298369,6.485524348788429,0.46797250705998394,917.5861362859972,4.155770015335911
2024-08-29,20.894987322763424,20.006548077194754,94.70122501073439,2.112771281644361,16.87403140979191,29.39185061407145,0.4646993922707434,916.3598984239226,3.9873496513512836
2024-08-30,20.97515522684011,19.91841065606458,93.72531233154588,2.244975697995913,8.065281327466614,6.108460241787266,0.46900540575406285,916.4529150263104,3.415042544235548
2024-08-31,20.979419469849876,19.637474291442846,92.0846042479168,2.4829495814437705,8.783998685281315,2.8536607699022545,0.46619925718911487,916.2592016454349,2.738802748833031
2024-09-01,20.735157462404793,20.217182627276237,96.88151383161167,2.056691933625767,12.892932265948025,10.533912030301593,0.47166237455865356,915.6280095072409,2.6605193008405705
2024-09-02,21.26759163032057,20.242422326182435,93.91904540701594,1.9761710112358097,11.702916305625253,8.79659957459224,0.4715337698720689,915.6256206317795,4.031557398118009
2024-09-03,21.505726179080533,20.03900835850587,91.40805966837947,2.2318529997374936,6.668754988663442,4.2536478431262035,0.4695079199256959,917.1703043060941,3.944820465494484
2024-09-04,21.70431135375184,19.902959726735585,89.5366197990076,2.316186001133445,4.096132411339666,1.8616107244506823,0.4668495295284648,916.8862646940078,3.687331488913779
2024-09-05,21.832278257222697,19.916332410400774,88.92915401928164,2.2738418562486005,5.453524636994282,2.447767670361084,0.46761099398582534,916.0801256417026,4.073178943326868
2024-09-06,21.82923953409465,20.089966353801675,89.90778495182842,2.167449387900942,3.775130022930541,1.72723847258845,0.465444719095029,916.5945057602444,3.4224767272669347
2024-09-07,21.737616334333456,19.989090263427368,89.84867385507964,2.178709061742852,3.661609517359104,1.3922385507423025,0.46159906449962396,917.2576035485561,3.293788145962763
2024-09-08,21.24646794866775,20.0944685562995,93.19790094645198,2.312255029437907,12.469915981075086,8.537358967822351,0.4635272633531709,917.210509540997,4.297321686129071
2024-09-09,21.138279472327955,20.084744592549363,93.75801959808936,2.416062576827494,11.093112742172726,8.750393122017403,0.46756251105451996,915.383251222869,3.7746769273620355
2024-09-10,21.256318346769245,20.023960927289405,92.72641368699337,2.4559216022881443,9.348395247727552,5.5032657732583345,0.47197103428942294,915.5160109102176,4.350495965094806
2024-09-11,21.438321292336738,19.9961112777699,91.53921061318674,2.2002699469404043,7.539519625286841,3.9973077557956103,0.4735858955475602,916.6553203103994,4.1807534687992804
2024-09-12,21.63309916113043,19.746128717296436,89.06403329170698,1.821240467794887,3.9852357374051626,2.1285480522507827,0.4691328500764601,917.3099917835904,3.9977849593019266
2024-09-13,21.8850293767028,19.25246713597797,85.05454181812856,1.8434412000522085,2.2878228504938987,0.888686000902486,0.45795358854966967,917.0245893227816,3.5832236155134454
2024-09-14,22.002632047390442,19.111794013829094,83.69815536329934,1.7888735052270595,1.2683091891685592,0.540101238930846,0.4506401082962738,916.8114673353213,3.505695223428849
2024-09-15,21.940448135576425,19.60176403405926,86.61915494330295,1.840923308636763,2.389394595062714,0.8006055396930566,0.44779382504895665,916.9066539138186,3.4722191907112627
2024-09-16,22.06101980241951,19.42024942087397,85.03284809501372,1.8601158732657495,1.9769639490560484,0.6366069140501844,0.444119303293408,917.259606874802,3.6034813640729975
2024-09-17,21.85750951301432,19.292502294555725,85.4098118042895,1.8896845343787751,1.3604569866410294,0.44970868986135576,0.4385968808383898,916.5532488940765,3.5026261984515616
2024-09-18,21.842216128177068,17.96497829463776,78.66864186752852,1.4123277453205763,0.20080091853757417,0.09065927828816943,0.42682643859174085,915.5024439267016,3.80849762690831
2024-09-19,21.759764974683282,18.76473430954845,83.12372886071368,1.3878692742797136,1.3225323422988302,0.3391326195750866,0.4214974346352084,915.7172008565182,3.5062746162751552
2024-09-20,21.713223821935472,18.89050282702753,84.02244990784777,1.4540295019956968,1.381116553090882,0.4078353540453579,0.4200924328588901,915.9934458831268,3.270490923970474
2024-09-21,21.832283398866746,19.443046229230976,86.33660229561066,1.6407381899326798,1.6754681805054619,0.46808026812138787,0.4198923506174338,916.17222685674,3.152486266529028
2024-09-22,21.618625012968558,19.293067510222276,86.66940606008328,1.5184100385848531,3.343197001038323,1.1536584333699615,0.4244226642562784,915.2214877614817,3.1875113195068248
2024-09-23,21.71160108096939,20.081763524577337,90.49220237298614,1.8924710376023488,7.840598459044191,3.7607018838954533,0.43704074382434005,914.8791827654885,3.1185019392185818
2024-09-24,21.4038121454314,18.973486165879144,86.13197801347798,2.1908486878474958,2.103703862530702,0.7930542957773818,0.4411892224856225,914.4849156952054,3.230548905976385
2024-09-25,21.343337222241182,19.68931392229122,90.34519858145377,1.8384676950702372,8.315092286408147,16.54959715016874,0.44033097134815136,914.5718365394831,3.211128335608797
2024-09-26,21.843892414676002,19.958571115660746,89.10423482015327,1.9046389160128787,3.773314682400875,2.3418787850949303,0.44518549374438515,915.1891739020881,3.757987570166519
2024-09-27,21.623562471149736,19.75527296016838,89.175846823125,1.3915747512950158,5.997673173218954,15.336852299650639,0.44016725121360484,916.6527063006564,3.444121046345249
2024-09-28,22.825571922879227,19.88405970005589,83.53744318263499,0.4907747361508711,1.5721439559233448,1.56650624921182,0.4348693200372288,917.0631367069728,3.4414069096738387
2024-09-29,22.708330461475946,20.36501649066218,86.6526868337595,0.8849114605833157,9.959924322234864,5.930243662632216,0.4498725721453971,917.4438524340436,3.368721167699767
2024-09-30,23.309525678593417,20.570388767690627,84.64884886159032,0.5100392216275925,5.3847986456731585,16.965053482825667,0.44704499354389776,917.0207979517426,4.136001526826963
2024-10-01,23.178128081631353,20.256861701584725,83.70808461726723,0.3406400791629117,6.873792590860369,11.054218025936663,0.4408938738316046,916.2864912304782,4.043045323563137
2024-10-02,22.982345686659578,20.812577809421988,87.61413832886319,0.8688028410293417,6.309249879255848,8.17311147893405,0.4428454427422065,917.4577894759364,3.699665445963596
2024-10-03,22.783467455419792,20.530805344971153,87.14626877501303,0.8247337397762139,3.4824281321425192,1.8423877878371908,0.4491680142479969,917.3837402422512,3.3677035642427047
2024-10-04,22.35136769738631,20.546673186266638,89.55319153041837,0.9232537791710579,15.10668467414262,6.7680324528116085,0.4570785521288854,917.3439628455794,3.354016197187545
2024-10-05,21.955923826154166,20.491838190279694,91.42049215947328,0.41542991172265303,13.102369724706227,9.651565958839884,0.4558134528400849,917.3561068199668,2.3320047454166994
2024-10-06,21.462937863880263,19.916860092534655,90.93435297592316,0.20651321938292064,8.550316298630698,6.0123143697687365,0.46645232902884626,916.9823037989659,2.5349418935400845
2024-10-07,22.727879965088785,19.580807616559866,82.47639401784258,0.5086352728052921,7.5279739145062905,2.8865436588424,0.46155238833740414,917.5775251011858,3.5962386790550114
2024-10-08,21.871541768927596,20.294937809100528,90.79032927386636,0.4349945629032669,9.451810077629004,15.063170766000148,0.459317678404728,917.3812645647972,3.202300619620279
2024-10-09,21.898221390491948,20.16244368050814,89.92114707820741,1.17237468298828,8.60321920428192,23.162975727048984,0.4531968745254227,915.886006887622,3.055986095645218
2024-10-10,21.334754375650146,19.496712219613947,89.3002624801897,1.1456155578606604,4.840810168122988,4.314017970244144,0.45670939068706884,915.0292403285544,3.189191453438714
2024-10-11,22.00201943209221,19.74975377764944,87.09109022317847,0.7455833104665212,8.160151068828325,8.575993333699062,0.45858369802290444,915.1568622208978,3.683779504665657
2024-10-12,21.185887885860136,20.34142744292377,94.95674455671701,0.6705421484311609,15.944273701350332,32.051550729198304,0.4611752000177181,916.0231438606296,2.6541827817423114
2024-10-13,21.32779556642451,19.953984938544377,91.89745389080667,0.19932033698880552,7.563006008760302,15.975809555321755,0.4624319712027943,916.5215753522406,2.3968663200330846
2024-10-14,21.089038797275926,20.2302479549355,94.85475649100579,0.35191046389594244,17.80512256023422,14.997793678960454,0.46367603530119006,916.4955130926963,2.1204991056452362
2024-10-15,20.36464935267867,20.031652129307695,97.96828087260252,0.44802418170780517,23.695478383428096,31.06404663641868,0.47032449743314303,916.2521366930202,1.4708062987128616
2024-10-16,20.370251313410378,19.48094982304425,94.66425252315786,0.40156433582760837,9.957512145432707,14.182676055221489,0.4583480728154688,915.7643741971684,2.187124497051893
2024-10-17,21.305356713936835,19.855784422872315,91.47297892569857,1.2812956557381872,5.5541507136134864,6.236431859017296,0.4564346660413734,915.669232456831,3.191634157063231
2024-10-18,21.964617009680662,19.7174063793355,87.11389942008708,1.0641593143739916,2.6979874005960878,1.2164165509768323,0.4567894741298186,916.565756453744,3.371256360165437
2024-10-19,21.9894231138945,19.697254756958728,86.85376910967186,0.3954921604859231,4.679485107912225,1.1205627473620847,0.45958623004480686,917.6809323835205,2.683968006704367
2024-10-20,21.84941223488247,20.129166237185434,89.98083041507903,0.24315874896308518,10.829774940390084,30.160198217146892,0.4574763977148063,917.8075458334008,3.491288375292715
2024-10-21,22.007691622401264,20.038928646394314,88.61438300779419,0.21976883604052372,6.311717735190065,21.710567894444406,0.45579003348220304,917.9359720669444,3.2728984117119904
2024-10-22,22.102043211749034,19.994984669338702,87.86591399194984,0.29132467474683776,9.828209368416553,18.25154615347871,0.46062851794584536,918.0709298962623,3.7597842552716427
2024-10-23,21.91937337023336,20.353715102636063,90.84759502863841,0.18332513016663632,32.86443435660425,48.25730518456057,0.465915120920333,917.5586185597584,3.4739854356576827
2024-10-24,21.669022381457264,19.809733296828885,89.20312949905482,0.4127888354668165,5.338526206127493,10.669444668671066,0.45690442754197025,917.4338590380395,3.1339864463630467
2024-10-25,21.79100499152224,19.02557551083664,84.32913624028193,0.5778361549816764,1.2001230594121508,0.5449836060485473,0.45681490354028476,917.8022502748117,3.612397809059323
2024-10-26,21.623940044352853,18.33713356769961,81.59573351661889,0.5843929422213321,0.7926943766370408,0.2613718801602225,0.4459864662581519,917.3277191564601,3.5960265586689415
2024-10-27,21.10769089163554,18.217075115138975,83.60162604879004,0.5999707414671902,1.1534376522956018,0.39255500602954296,0.4395083719608021,916.568183974068,3.38211899376682
2024-10-28,21.393923349457804,18.64410996612705,84.37432300074758,0.7722162908913691,1.6671797518824114,0.5425470966473609,0.43748879516006134,916.4848685678223,3.4378109494875972
2024-10-29,22.01201302580065,19.019208061293593,83.15976975413045,0.7765457211048429,0.6482125750224237,0.22882286451481385,0.43051363542139737,917.1330839580829,3.5526565718086287
2024-10-30,22.16041953667806,19.25570184622887,83.62860546849205,0.26801454253837387,1.0183577590280448,0.28582740785827254,0.42541807080696037,917.5469069182197,3.3601517960221434
2024-10-31,22.74365301818241,19.20531040797767,80.49222293381088,0.15225817442597295,1.2471477499699342,0.22288624067187843,0.418759082325795,918.0359519819075,3.614380674335604
2024-11-01,21.928887478091177,19.96318392980146,88.6462646242842,0.5301652888279228,14.684674038269904,22.04372221705932,0.4461084727652726,919.0006241474725,3.2858020354627615
2024-11-02,22.109383403893688,19.309262283248433,84.2135807752353,1.061061335818767,3.97327498379321,4.94090300205735,0.4530070713964912,918.8534845926886,3.983328209917163
2024-11-03,21.34361537333098,19.73517912927577,90.60129278188646,0.9972072185122268,14.240805885558926,30.001487479262853,0.46088241251601814,918.7581698419107,3.3129002540094916
2024-11-04,21.58800198879919,19.609870346622582,88.53490323249227,0.9231718878652659,6.9282363397567694,18.503869229247112,0.45590356325056586,917.9662886917458,3.6196219411315163
2024-11-05,21.338421035059277,18.139082832525443,82.10376499879035,1.1225198978451105,1.028462117692003,1.9829046465769813,0.4488477968064376,918.5015409906453,3.821925777885712
2024-11-06,21.851505202959913,16.70626699324052,72.62531180959301,1.122179830668268,0.026897639845797332,0.0628684231564394,0.4357120056656339,918.569785591703,4.245647609874266
2024-11-07,22.280405113606147,18.297613912413127,78.20957721257298,1.480921659964977,0.4002619121003497,0.12433162423264721,0.42703383947868295,918.4422386754833,3.2895721457808467
2024-11-08,22.289310487085793,18.527023668124738,79.31118347654322,0.9447023173033601,0.602042529321054,0.19514872213397,0.41961792456040137,918.1948298080015,3.5189805987602973
2024-11-09,21.885192655254304,17.330933382969285,75.38534550396683,1.554122927248531,0.07762248367191336,0.0288233638276756,0.41105523065299704,918.2708820913208,3.839003692109274
2024-11-10,21.672117468689674,16.236520366183036,71.2481415037234,1.562211666990157,0.14192708026417494,0.029053691414482424,0.40084263930174413,918.268652461146,4.072671771922553
2024-11-11,21.817829467340374,16.769771107210946,73.0732104946559,1.3742594064655258,0.11921281507229614,0.038352731526454256,0.3927890085911208,917.5730795662333,3.588243836614479
2024-11-12,22.078797222605875,17.30252587642614,74.35912163235953,1.6593708305920034,0.20334916237601347,0.038274091159037855,0.386016598393182,916.8976567317735,3.3086877476554033
2024-11-13,22.463014787748037,19.518493127000607,83.47527156417229,1.8455698486296535,2.8927242515184486,0.5909530763563808,0.3942506647826054,916.1507436907692,3.0218898496302
2024-11-14,21.894954925014375,20.053435769190834,89.30934734407519,1.570096526914344,13.749627824112945,23.747586840378453,0.4299794722433009,917.7545132700282,3.098338372170106
2024-11-15,22.183222240989085,19.801471598095162,86.3945765218933,1.7225559044887293,5.216561598202406,3.1463415421496572,0.44438469784918255,917.8794776759622,3.3989899712047595
2024-11-16,22.101415407693818,19.622418523185505,85.9170447811444,2.09558277248267,4.855628674660631,1.0867993806515959,0.45121200250334853,917.2323637437078,3.26841213590285
2024-11-17,22.172670061293346,19.530009790420483,85.01343568723718,1.9424415489421951,2.8542052533360356,1.5120966936643943,0.4488855872454765,917.1619941205963,3.5035893451308704
2024-11-18,22.13985720801228,17.66541459426797,75.79801484288399,2.1442991534082254,0.1008798272499382,0.11814218081009391,0.43437427131473216,917.8273084981824,3.7318440284037013
2024-11-19,21.86471494929686,17.16788011060022,74.72589055777837,1.7670748517166575,0.15941022590462156,0.03845458617407079,0.42125527256300727,918.1653891931805,3.5197771401044213
2024-11-20,21.42644213532031,17.032573649595495,76.06418220159738,1.444349676753013,0.03042242290484959,0.010353056038973971,0.4100273173493707,917.7472216832505,3.2849447935414435
2024-11-21,21.25758107844627,17.172410751910082,77.54653554268306,1.2194191912731391,0.02617220655976554,0.007489497411400784,0.40059381656329524,917.9649108217691,3.1821489600658492
2024-11-22,21.6862365515637,17.11066781364977,75.25368090153894,0.9456887755612742,6.009420725794087E-4,5.963979874191259E-4,0.39091217826898633,917.6835551929031,3.6751138320447447
2024-11-23,21.3192956284407,15.905287828697087,71.31675742968079,1.149447364515569,9.340223198959558E-4,6.335096736151525E-5,0.3815246391127899,918.4527980557865,3.539745649854039
2024-11-24,21.391569571581698,15.392975071787179,68.70352640179418,1.5134975526979326,0.0039644540214692405,7.195536209040075E-4,0.37258593131490725,918.2100813194476,3.6114397387801813
2024-11-25,20.71295802008014,15.035699347000739,70.02649526019617,1.661858295179617,8.729917088839999E-4,1.7908950021758933E-4,0.3658036367773355,917.4531295926978,2.7679023232561244
2024-11-26,21.44960468680639,16.76399029904891,74.70768877950009,1.8323891094980773,0.6589322633245516,0.08498338431116483,0.36273186597909435,916.9135115405179,2.7754636086941598
2024-11-27,21.627498552691836,16.961844394395378,74.81672669568502,1.7269015334609004,0.10582765018985295,0.03258116918440334,0.3593149233895447,916.0252520896117,2.658606069927591
2024-11-28,21.3787172719164,13.25114964807751,59.89715040145436,1.7485766517130075,0.0017189909726766928,0.001973903804814875,0.3513552635712398,915.9006780014979,3.6378027539670645
2024-11-29,21.572908219860047,15.360953727605278,67.81350244750138,1.6990891703463198,0.04130131645668864,0.008653941647854525,0.34375496832196395,915.7800015402134,3.072614694853979
2024-11-30,21.135604629959083,17.747841675039705,81.06600854860667,0.7686854068536976,0.9780166740859207,0.10563452142300533,0.34367649041594966,915.092212598185,1.8196216072860998
2024-12-01,21.53281185170514,19.086050591672294,86.019040666517,0.995665886906557,6.676543135333562,0.722692921407446,0.36125916493727855,913.6718280543371,1.9176371781036785
2024-12-02,20.129222998992887,19.955161516843262,98.93142319228077,0.319396566049889,31.04334216987172,45.93997076239601,0.45672586353646455,913.5898657287511,0.9428417613369925
2024-12-03,21.440336579379505,19.682912031615377,89.75396251752959,0.8811411668533531,5.063669187522793,6.1975836486434694,0.4621082794081622,915.8603131263623,2.5089146921983962
2024-12-04,21.725941889733924,18.71525454680329,83.07159629534691,1.456073104348682,1.7261868193801537,0.6060122068778673,0.4532669148110169,917.2084437077372,2.8879418978812037
2024-12-05,21.850217692452887,19.312734843177676,85.52497910275333,1.1845561682545296,2.3132658053689337,0.651969614417573,0.4489383263105749,917.9217767875255,2.8643812432667115
2024-12-06,22.315070283124058,18.590778039026173,79.49288383230522,0.9868786813899344,0.1255646987956523,0.07851033443946662,0.43752403001418644,917.8882288165414,3.7028956544527696
2024-12-07,22.47843147783588,18.39329237124979,77.81422486372904,0.44700483405869323,0.25819880512295385,0.0644750392633397,0.42483741716886747,917.7870569542935,3.5043638970036297
2024-12-08,21.88811713063867,19.090693728312228,84.2630810378814,0.22542974595450962,1.9760655033408474,0.5959593432857043,0.4237313315071451,917.728362134182,3.167807116936272
2024-12-09,21.849049094587997,18.81478159301188,82.98035547972046,0.3506022022611751,0.7398014939290385,0.24183079038471622,0.41900151295198035,917.5200391896481,3.2997808336219228
2024-12-10,21.88378506741886,17.840614713664515,77.88732305882803,1.300062795729147,0.40865686466884743,0.12328670627236549,0.4101840010179043,917.4754577646561,3.25943362334794
2024-12-11,21.94750491140553,16.596661594506784,71.67813157170016,1.9612128267993096,0.0037372984470262385,0.007548618957405474,0.39927441237704175,917.2281666999727,3.4844283010672825
2024-12-12,20.094628961264764,19.16841236914012,94.45108004384304,2.284965574283438,23.997604732817802,17.791263746473906,0.4486951700904958,916.8955219200906,2.324815768920643
2024-12-13,21.051527505525886,19.33358324600833,89.96360587401851,2.5201539733041227,3.326386144625755,2.384734243971781,0.4625756939549817,917.2368791741231,2.4101165641472213
2024-12-14,21.9654989190616,17.823293997511907,77.37406299106908,2.2387240296434143,0.06878876583600717,0.07498006774527863,0.4497851351876318,918.3394883985709,3.313702431470172
2024-12-15,19.795433512579024,14.18406645838612,70.15690685447753,2.2027966527319354,7.365112247548352E-4,0.0010292291613764601,0.43348250543118416,919.1422023881056,3.8837948605857737
2024-12-16,19.31332028412384,13.433257551222924,68.80024613172515,1.8047474484149832,5.21220259269819E-4,4.959670969082581E-5,0.4202757031520986,918.1174357416097,3.8261272529122303
2024-12-17,19.6698150761937,13.965471225915389,69.65854494720826,1.079004676516333,8.596848033448623E-4,1.2238216037532674E-4,0.4088309640712616,917.4259818408206,3.741541661915313
2024-12-18,20.786638841505617,15.928090569855527,73.78100861409884,0.7237303525325564,0.024957821670166008,0.0016067568944585335,0.39893136271894925,916.9805704772292,3.5617390209930186
2024-12-19,21.895437881042522,18.059927089295748,78.86828143210376,0.4020239740448315,0.042137844768878274,0.004455916989589977,0.39080006994675326,916.8571444721017,3.1359814717354393
2024-12-20,22.39783657416958,18.270600786138438,77.51274281372422,0.5153859082381261,0.19743814866984266,0.04107560024570244,0.38349698528183274,916.6467595483111,3.260040411714694
2024-12-21,22.068837608448472,18.50223386204638,80.24089703624765,0.6518612609069734,0.07456762200883077,0.01949916695350738,0.3773713094113026,917.5429518997306,2.9070908306736336
2024-12-22,21.184437289096795,17.071510497977158,77.38998855138158,0.8794562635067441,0.03110183691618289,0.005008402457674303,0.37025513216597317,917.6699537529,3.058941455701519
2024-12-23,20.61812809601576,15.820729669502887,74.02505032015677,0.24190439408320938,0.041748847207628594,0.007521081898245121,0.36323078939495956,917.5408789805132,3.0854508340417097
2024-12-24,20.564951628780143,16.316806890466673,76.66134954611597,0.19149809653410219,0.09872494555843138,0.02364724507933732,0.3568981817645237,917.8407175033892,2.8835465210439604
2024-12-25,21.026355589469503,16.581859963880746,75.7858908984673,0.5896502778677267,0.11087817973007408,0.0176981576744251,0.35086592004591904,918.9480326582651,2.9205613339180116
2024-12-26,22.10861802884786,18.48348506525028,79.98919682881214,1.552671122885593,2.245205513752906,0.20870652557559405,0.35309753691943624,919.9882739247497,2.5691110580671976
2024-12-27,22.44694068783574,18.086269316219305,76.44622278781533,1.963328463337344,0.1814264775580241,0.04712747619618797,0.35779074605774824,920.6385706362954,2.9648222401137247
2024-12-28,21.64106015456174,15.851581327465698,69.70831967411235,1.6500879418721106,0.0020712390859660796,0.001804197280277015,0.3489323006653495,920.3891134187496,3.2023223956568487
2024-12-29,21.355783052338623,14.945344423684617,66.95173943644437,1.8122699729958918,0.04216369216512547,0.0068600733669717025,0.3405875965541384,920.2542403835015,3.1282897321381777
2024-12-30,21.726061179787465,16.78885566739851,73.65450749921645,2.439881244764367,0.13071349316605177,0.017618668182048117,0.33438272685340203,920.1372842360224,2.5584895907630707
2024-12-31,21.918542962195723,14.82376046765121,64.19112543957512,2.521301247974169,0.0,0.001215219827329581,0.32754786232399863,919.9207247956335,3.2074390878910104
2025-01-01,21.164369990839678,12.532980153813114,58.02621969447034,2.5200657978061414,0.0,0.0,0.31999811287569446,918.7785281389298,3.2547769096057277
2025-01-02,20.43153348255303,12.835114022764927,61.88790609559098,2.2339278679426933,0.007276294184439824,0.0011276132669134585,0.31354604948820114,918.9212786750136,2.956834797389991
2025-01-03,20.105466456786342,12.520126997866438,61.885799698721165,2.4162053328056414,0.0010020309631136152,2.0501758937174197E-4,0.30800315502963904,918.5500840707529,2.842105307527979
2025-01-04,19.934920496756938,11.719885007490044,59.304859809052445,1.5716782949956845,0.0,5.7096222548842465E-6,0.30261394729142493,918.3639450385131,2.9069188322735857
2025-01-05,20.266566928090413,12.336930257535965,60.38824758342303,1.2410954604144109,0.0,0.0,0.2977632309483296,918.3801629890197,2.793483013423038
2025-01-06,20.463226117390757,12.298832669144412,59.512666090203965,0.7742054513730677,8.624298288850696E-4,4.761881618981043E-5,0.2931851224653521,918.1168951349206,2.756569522307111
2025-01-07,20.318029836449643,12.690304778441513,61.61830269815382,1.1525588678918453,0.0021358308686103555,1.9106760265668124E-4,0.2891396892717706,917.8675386707423,2.662373965738941
2025-01-08,20.17395346803766,11.8438089184879,58.82692357413513,1.5509002307166102,8.52346317969932E-4,7.217079280831735E-5,0.28548778729234214,917.8023122055345,2.608411516923414
2025-01-09,20.025062358967713,11.697816606103995,58.88753507762595,1.6932140132683688,0.0,2.961689487197512E-6,0.2820114100286615,918.7889590120174,2.550030520342712
2025-01-10,21.199732552200334,14.810331391898144,67.00159911839809,1.2237970835615222,0.0021506901930479216,1.8266155527736581E-4,0.2790105930830461,919.6270573447388,2.365913246179358
2025-01-11,22.08859472678053,16.04023452120298,68.6343221499966,0.9816757591212214,0.016973165581074357,9.902237108300696E-4,0.27648151978033675,919.6615187319067,2.223942595368665
2025-01-12,22.366985452875205,15.892431620201442,66.8517315824752,1.4664730304674092,0.00496495908712349,7.708599551205589E-4,0.2740820027507522,919.1150309186653,2.3314488032492147
2025-01-13,22.313711327880515,16.8716023093907,71.44111447666555,1.8476474085111125,0.25981737488263473,0.02799282593669561,0.27323918841275885,918.3157325083279,1.8704873883672015
2025-01-14,22.187041544255887,17.877322135433328,76.64656445656037,2.0201238418232665,1.913784015537258,0.1996533009695256,0.28039640628893664,919.3625156877487,2.341090422949939
2025-01-15,21.80388240450132,14.503593350075818,63.38040330755853,2.3196672845829327,0.10449557425139476,0.02639225618326797,0.2838030904239601,919.5219118477281,2.308211803242267
2025-01-16,21.970944033204947,12.537683861317113,55.240399471501405,2.1604840985647393,0.0013128445877011684,7.188853092327662E-4,0.27966852595043623,919.3492929259174,2.5504198097450583
2025-01-17,21.46810846603811,13.610449511712678,61.152367517958574,2.520577908877583,0.00604827367263456,3.2363260948846157E-4,0.2759122478205125,917.8605367551239,2.2647157577562327
2025-01-18,22.065280914130845,13.621785512948316,58.9177825551351,1.9941579056935146,0.036918130328498305,0.004059551778405146,0.27283209756657134,917.6689190688597,2.3125389352421934
2025-01-19,20.813159778212746,17.162278080202693,79.70850894244857,2.155479803775028,2.0718647960354235,0.18603635666653062,0.27839125704920076,918.4999907168989,1.3343658682844417
2025-01-20,22.241517252811644,14.539329496180693,61.73785314754896,1.7794355378784423,0.002275169864065128,0.017611854579306127,0.28438680877140526,917.6037584845831,2.7545668265881775
2025-01-21,21.420426627458507,9.271472656171493,45.979770705574246,1.8952017837260078,0.0017136334804490616,1.9405332904406467E-4,0.27923920446036116,917.0341316500168,2.581793935618576
2025-01-22,22.117977308227985,11.975499341337454,52.71178840675499,1.232753538050488,0.002139806724699156,1.5551101805661346E-4,0.274527852471241,917.2199585982058,2.454210822621254
2025-01-23,22.202078765732626,13.877241322880435,59.334902389025544,1.6069285809540375,0.0014118570482103989,7.270432614637335E-5,0.27075390552565143,916.9217840460135,2.2909460838887123
2025-01-24,21.700244683842477,12.773739237733533,57.01982436566387,1.6301902792140917,0.0017983326957691696,3.790855236022699E-5,0.26742916083003476,916.8533593313043,2.300287088350719
2025-01-25,21.8067826040999,11.422231883601999,51.84042695620884,1.8194371670589764,0.0,4.419355791331245E-6,0.26432542859141295,917.2238173596332,2.3590131445058904
2025-01-26,21.756798344015227,6.730194903363232,37.98299011149786,2.1843527736421127,0.0012874602361989673,2.4977773136086606E-5,0.2613897597216999,917.1583225936589,2.4242749162338506
2025-01-27,21.456351261539652,7.688423848605452,41.252735223138416,1.6262608787314454,4.351138045421976E-4,1.7560672507278924E-5,0.25875344759730157,916.7924350490484,2.3056546123987003
2025-01-28,21.038178338648148,11.16965690500275,53.376632661457066,0.8850940327732504,0.0012993811537853617,7.64819825488118E-5,0.2565818452869878,917.7499893713451,2.1319105574778106
2025-01-29,21.92877011809541,11.066480884609895,50.20479879226383,1.550350898570237,8.644283866487967E-4,2.404720171460194E-5,0.2547825622353479,918.1574453975279,2.1535593414103364
2025-01-30,22.690521460630343,14.538789796512413,60.105517979502224,0.7471176238124957,4.351138045421976E-4,1.5130370206335113E-5,0.2531464339337343,917.5318442609914,2.036526690821299
2025-01-31,23.12593868419855,15.723392295566379,63.20207901947605,0.35068350692848116,0.023868983106313652,0.0032690098406821027,0.25182131253643314,917.2499480241235,1.9952869715572756
2025-02-01,23.513426948316184,15.480577689414542,60.739924578226685,0.6458787510218487,0.018769413354881734,0.00362461260049378,0.25065989303310504,917.9271574173588,1.997277043182078
2025-02-02,22.92487095078554,14.191618807006256,58.03746612631626,0.7672296660320529,0.009855045575568286,0.0011630511693188584,0.2494651499800716,917.8355948457212,2.0176748592659326
2025-02-03,22.648033841062784,13.040693260782156,55.01481346191185,0.7082210192425803,0.05023994987899559,0.007358735172082948,0.24853341042933635,918.6131010849646,2.0145959894610983
2025-02-04,22.857662594719024,10.031904802198978,44.428554490503046,1.0590579919883354,0.002262146407740878,6.76353731275168E-4,0.24759344980089174,918.4041044962757,2.039099625619872
2025-02-05,22.6972607006752,9.057700114025494,41.9814868391904,1.4951946175633541,8.530021819607199E-4,2.013948851294308E-5,0.24656810731928477,917.5143019430953,2.042029899844295
2025-02-06,22.523375609631923,8.289261690548475,40.23633723540152,1.699604502185521,0.00300407407394232,1.8248213698669218E-4,0.24560409909537817,917.4714499061356,2.060461137046743
2025-02-07,22.40261224483793,7.6639062197192045,38.850512029373405,1.682002023920366,4.351138045421976E-4,3.7470093547013626E-5,0.24474576210267815,918.7706975055553,2.0569747380173165
2025-02-08,22.60806632790786,9.114179578578161,42.239991705966645,1.892745173758841,0.0,4.481164963237974E-7,0.24396445556422622,918.6554683263612,2.007969030137126
2025-02-09,22.871979078983006,11.792120193368362,49.69913814700554,1.6553047244943546,0.0,0.0,0.24331636828440745,918.1056920153212,1.9366431353361133
2025-02-10,22.438458615358105,9.493643217427081,43.80096543667965,1.6683440047637927,0.0012904404798064206,6.66508903727579E-5,0.24273976756986415,919.2503501710007,1.956682993687782
2025-02-11,22.230583870478252,8.723895622798755,42.21778135592389,1.2049574593785142,8.52346317969932E-4,3.0646189276366374E-5,0.24217465548634898,919.3892048260047,1.9536012693937437
2025-02-12,22.90019526659825,7.209563781070799,36.57275243917357,1.5634261877220117,8.52346317969932E-4,8.424933515175764E-5,0.2416576032114407,919.2523380810464,1.9406981254152083
2025-02-13,23.113835140219063,10.194226296680512,44.17260291752281,1.0540137105621892,0.0017298235093221592,1.5586556233435628E-4,0.2411931696431484,919.0741468739946,1.86035507273301
2025-02-14,23.66146639343983,12.901787628145719,51.18072260432217,0.3843130508618701,0.10149511113841685,0.010533788633011413,0.24108986250746287,918.8740099994043,1.8052873764496575
2025-02-15,23.905353295946387,12.535954842419311,49.19268302432383,1.0736876611161597,0.01203502770795009,0.001678994432587903,0.24112896758638216,917.760997891447,1.8982096668665471
2025-02-16,23.614060050078574,11.652904349160565,47.30028807507572,1.1624187029677067,0.004156541959918428,3.998096238661642E-4,0.24069206168053908,918.3881310162654,1.8524753080251943
2025-02-17,23.523025580207438,11.517506358496886,47.044636886017194,0.8847772636784745,0.0013517043347258508,6.906144807712042E-5,0.24028512935885288,919.372161502216,1.8276017193991214
2025-02-18,23.66210904099974,13.199379892030967,52.37018830181123,0.5190997781417823,0.06265812946747686,0.006679072933189328,0.24009856133113575,919.3727806686082,1.7791369301945683
2025-02-19,24.094538416377013,14.770868556364066,56.24660740678743,0.283221977175964,0.1334537901022918,0.01573579512284997,0.2403116644850413,918.1080413545731,1.7974636433657882
2025-02-20,24.366789291551225,15.892521727388683,59.41106996520539,0.5347890606111989,0.04576629910332155,0.00744322444700621,0.2405884812292737,918.7123024950446,1.7692571142560691
2025-02-21,24.471100864922487,14.30744569509378,53.520176107321326,0.8005166419764772,0.031828831790555775,0.002169754535993379,0.2402821795138345,919.7251309768459,1.7832775502282707
2025-02-22,24.435156014572083,15.179089121037112,56.57036554931534,0.6422285386542471,0.7760293274407066,0.0735565269717232,0.2420559132360581,920.44834259093,1.8596555570876396
2025-02-23,24.526246090135302,12.71641971954267,48.2310417977459,1.6378932101981463,0.3832933937154555,0.062020825397475186,0.24642153991671092,920.0321957180977,2.0746471238424387
2025-02-24,24.23583797622297,8.62060076133419,37.11673897157029,2.2317575286411033,8.61157957388059E-4,0.003937130075182859,0.24610813346130525,920.0972536684199,1.9285070770727566
2025-02-25,23.877413136994726,10.531082663221282,43.04404942573223,2.066268867056344,0.0012804500215679582,4.139154212020731E-5,0.24460679882155192,920.8014804934296,1.8534862682839697
2025-02-26,24.519939127139452,11.439776695381296,43.970509068207484,2.501924705428207,8.562867037653632E-4,2.552718799747977E-5,0.2433476400992542,920.1109320144544,1.8405060138223301
2025-02-27,24.136397003983745,8.821856735706556,37.84925124129967,1.7675401982075483,8.560012929592631E-4,8.569154916291467E-6,0.24224227702795742,919.1191856321278,1.844193842504545
2025-02-28,24.696785446784123,11.903430413011286,44.91487761456973,1.8467633466671483,0.0017670031876612171,1.3687641118745512E-4,0.24132525959784806,918.2116084237917,1.7623593891238007
2025-03-01,24.72447502128028,16.24857665396473,59.32586506383019,1.5292431956826433,0.11974287096263768,0.01258755761407627,0.2411284492317742,917.5386292746782,1.624595476669614
2025-03-02,24.957217746501243,16.882864857741904,60.91291424432001,0.547385909397824,0.540347551519499,0.04298935964856367,0.2419499872961219,917.336008501161,1.6856496649937962
2025-03-03,25.579084914907398,16.77572878095401,58.505367640947576,0.6711934910571496,0.06631671050023696,0.011017814970521945,0.24379375068191905,917.5288028784757,1.7756562148189605
2025-03-04,25.782392414774453,13.675971393663612,47.70263433398914,1.2511546271390805,0.04203550739970092,0.0046947590044421365,0.2430214953504042,917.5183633036414,1.7168749864663326
2025-03-05,25.588464337594466,14.370743205414854,50.26166691676437,0.36385318697716684,0.2226329333627914,0.02527056361263915,0.24284309851352703,918.047078335,1.6902920901938465
2025-03-06,25.407707129862807,15.487260306983556,54.87198521193411,0.7519427804272448,0.1456774449290761,0.014552082520899842,0.24299016353945477,918.0283081561967,1.7352627290052014
2025-03-07,25.025361180656216,15.187867491337869,54.92048830237688,0.4784866994575223,1.0701014206065793,0.11382036010664666,0.24578372698782153,917.1690617288618,1.8600411839746276
2025-03-08,25.064760215719158,15.019579220554352,54.424215956692365,0.6261770709552543,0.08085725890762434,0.018786881061066737,0.2487901832740849,916.0512791009027,1.989582712535746
2025-03-09,25.155639481019822,14.77688757132409,53.01551050783713,0.7978895974455286,0.07246600482460618,0.010007445976569062,0.24726863038719818,916.5716080252831,1.7404810198510705
2025-03-10,25.072442726507138,10.027876568913788,38.88122988684379,1.9914485823206869,0.007237973314126263,0.0013132114017019353,0.24569651162738368,917.9403991318993,1.7539216026274036
2025-03-11,24.803071903961765,15.717831691928476,57.218067696858455,2.4078541205835036,0.30114068795516663,0.021326487731763277,0.24536358863750565,918.1630761495585,1.6522058258409358
2025-03-12,23.77493662010231,19.22557756863703,75.7116259566715,1.0941600544496004,5.956851938153481,0.6892533556720548,0.2738710033429787,917.7310666470805,2.0210831775370255
2025-03-13,25.058301019974444,18.284208174118497,66.3455724321686,0.4573152309344936,1.2838311118943164,0.125543302909503,0.3002181153704541,917.4138747152865,2.4962813275494815
2025-03-14,25.47172302421615,17.875655423404037,63.31340030410858,0.31149140835235656,1.0897096891386797,0.13439596705426268,0.30058616977795233,917.7198452770863,2.6990791795828306
2025-03-15,25.300070557526748,15.861222864335554,56.77502490990833,0.3444773542537924,0.6940150849087169,0.0821734964332488,0.29524455169573416,918.2415154483805,2.5186539559042083
2025-03-16,25.335794348829754,17.55036451066701,62.78745887049621,0.5640967880543863,1.337221813887912,0.12203063337240283,0.29144291643878995,918.2947971578379,2.3663973705960064
2025-03-17,24.26768836704056,19.62522864592454,75.53963562195354,0.7663553742717212,2.4586083056918753,0.5867924939989974,0.3029571068324897,918.3087509759245,2.398175063254042
2025-03-18,25.101402579296327,19.402107532201036,70.96439507266275,0.6118749937916133,1.0357892118728922,0.19824738911610482,0.3026056072470843,918.2261145874216,2.304026453112701
2025-03-19,25.307929720649515,19.266391468498643,69.5334694790994,0.3269897280131074,0.8257505654437104,0.11439212971444315,0.29733014992224094,919.3616340975179,2.258373993570277
2025-03-20,25.13536787661981,19.275421187381095,70.2758832376243,0.3238517527354426,1.032793544785532,0.18292380172146785,0.29486050169721656,920.3823814723851,2.345984064661518
2025-03-21,25.10896421024392,19.00191328199101,69.21418731613844,0.4197959809838851,0.6769752306303181,0.1204096221669037,0.29143886029200644,920.2766531310533,2.1679587770600666
2025-03-22,24.92455543186661,18.225519756934403,66.49223597894981,0.5446059924361036,0.3050556873002041,0.03748589115581532,0.28549279085011253,919.5408159581573,2.0115216697126996
2025-03-23,23.21361422646627,19.59829210881407,80.2203266137498,0.18167373743033902,9.270182101032802,1.9850748348502538,0.3318556784741059,919.8262369904188,2.7086459321729293
2025-03-24,24.16644237556552,19.001218830470105,73.07881799913305,0.422258531215548,1.0189517692069683,0.30969560484565306,0.34384500694223635,918.6571391110788,2.8664880313184398
2025-03-25,23.598300531636927,19.05938047454551,75.89136848434617,0.3872399172220199,3.871176647701647,0.7849437080436154,0.34753546048342493,916.9661849414035,2.7754833633776546
2025-03-26,23.246076828212743,19.77917903412707,81.0766846311835,0.5638789395053859,9.924789612703801,10.556273012027022,0.3655411804922396,916.5327277621899,2.969605137602306
2025-03-27,23.529964699210247,20.003419118755907,80.85127554469393,0.7032241140682308,4.751187613717905,5.736761051796179,0.36887516868999487,916.2363045229579,3.1610143387344447
2025-03-28,25.058159067510193,19.59222693934293,72.10294605765891,0.35104755632358764,1.0530451959689027,0.6104861141995552,0.35714258552261474,915.6497773477256,3.1295948175653114
2025-03-29,24.819261569627404,18.68665822878841,69.5551793223511,0.3220263500767846,0.8855909621464622,0.1938622581148727,0.3446494834774782,915.5852002881417,3.0078042376031453
2025-03-30,25.581765746850575,18.634192505568503,66.20352321849646,0.29934797221482645,0.5729388972231684,0.09150273182800339,0.3324085187540216,916.462949180118,2.9736256837692037
2025-03-31,25.572503848324413,18.69462204350166,66.58374964369962,0.3609745795781875,1.283048523648826,0.2749039062798565,0.32596516110140056,916.1085745797518,3.038632374088161
2025-04-01,24.828931986819086,18.957587412086145,70.4428287506804,0.5246210453352321,2.7610055266766187,0.7386126114790141,0.3264287801438471,915.3644515238379,3.078699061718524
2025-04-02,22.67727378298438,20.11444944251395,85.5966943738015,0.6435055886338474,8.802154823051506,3.915186664097072,0.3619613037244164,916.9589392549768,2.999276607719615
2025-04-03,22.693093396496824,19.835700200879344,84.02527783072917,0.32414240014817397,10.961081037947498,7.058061066998193,0.3910605654800917,918.7596074310262,3.2320025638054912
2025-04-04,23.02973459144662,20.01623187908478,83.2143390807531,0.4789796738573233,10.939578733791443,5.862803276517084,0.4276872174038509,918.4770317726561,3.778645912446498
2025-04-05,22.40049888314012,20.383492761863877,88.44320199770483,0.2095619681717263,17.688049134558707,49.63355743340089,0.43356737149367475,917.6919908329447,3.2526663253333856
2025-04-06,23.300799651266278,20.688780683375434,85.34808307838436,0.40149346311633194,13.141246872854646,32.361812175336624,0.42689669344215225,917.128437727853,3.93609261391971
2025-04-07,25.384118764131387,19.598195112037732,70.51808964203398,0.21098454214074777,1.1903973613106578,2.1456013652435404,0.4073683159295583,917.0676977509994,4.550624479444081
2025-04-08,24.620556850413585,19.453681159668722,73.47670684888742,0.39656324815150495,5.432283348484457,5.347450622312895,0.4026129190358726,917.912130823406,4.341151545246819
2025-04-09,23.927567281575445,19.677438234573252,77.6495223078085,0.6344665796435169,9.030587672935749,19.201014126635002,0.4020610110763489,917.2526558057326,4.146679165147598
2025-04-10,23.106763515098095,20.45729447697498,85.20084734052763,1.4381369782878013,3.319098815341505,2.219011547840785,0.40606453724847347,916.2793414877443,3.5811542334926343
2025-04-11,23.116739362926275,20.120915615827403,83.37369539692418,1.2248662141309674,4.037618436529202,1.1409754889659556,0.4054498687502692,916.0502059077737,3.6265149959155405
2025-04-12,22.417155746590083,19.94149006980079,85.95074309491746,0.9257201051993044,9.3502249188139,3.2406102667200702,0.4218839756807076,917.0728876677823,3.8736431891304
2025-04-13,23.474948252811885,20.216334325895403,82.17077574239578,0.4587307009600016,6.87237203708442,21.771820930600757,0.42350600746208406,917.1791619095015,3.966684294159525
2025-04-14,23.617596456556516,19.893143548242815,79.87067040952581,0.4139882236967759,6.877246963583578,12.985175015665149,0.4166655919379424,916.8397042249969,4.151651608831823
2025-04-15,24.566867426534447,20.278636466146935,77.24505526049214,0.6485392769556692,1.144489694200461,1.2382359716833937,0.40809053846707144,916.8252929094895,3.917648266519744
2025-04-16,24.199938694560966,21.51084382379919,85.05295277227997,1.0181647054138039,4.687745407822905,3.394313297928863,0.4097279030253784,917.3035253437419,3.7232970378701475
2025-04-17,24.21741078849964,20.852425221953307,81.60670111663454,1.049459461857565,5.027860662119498,9.795496565400216,0.4121441558909389,916.5158178957545,3.9997273827082593
2025-04-18,23.953433116293564,20.61008244896237,81.66572448625351,1.270414291034493,3.3977956900764026,5.500136756363183,0.40925231040171933,916.5289735544981,3.9879362042965396
2025-04-19,24.07050987008066,19.60494535437159,76.23543589235389,1.279199907686096,0.6581640967734708,0.47656670584029925,0.3962388997364186,916.1424103343695,3.9264254962186507
2025-04-20,23.806153857688304,20.607845585543203,82.36986149518846,0.8097874029028289,2.993079433050274,0.5704168011816928,0.39530628595675593,916.7156117792558,3.47827179195375
2025-04-21,24.993001227846417,19.860850774439275,73.46054505841613,0.21296243347157412,2.4349014661895056,0.6666306452616417,0.3937875055637705,917.5581778865392,4.2807612745626775
2025-04-22,24.991420319254626,19.909070516100574,74.13257773457663,0.42615165696296237,5.16939268016832,4.351018180594024,0.39146346604901433,918.0473951148921,4.344706688952319
2025-04-23,24.502240302653657,20.624718216735907,79.3825886998993,1.1248627168069807,4.835699501881456,7.9246763050253985,0.38888860290013966,916.9296090139977,4.083778090759561
2025-04-24,25.301803177729084,20.505309877330816,75.15465634929443,1.0993177247402437,1.519661256101389,0.9151889340268917,0.37981953536483887,916.110912823578,3.9637872307757815
2025-04-25,25.023548756040615,20.884592585807805,78.3399736649025,0.9093278290041809,3.4325110424700354,1.1142211933916977,0.38068721409505485,916.1974122813434,3.9019222722283318
2025-04-26,25.26734977672649,20.48249669062377,75.30801749639812,0.40064655731802185,4.60181809615836,4.252231549048824,0.376061280733265,916.0933552265692,3.906119798335532
2025-04-27,24.636997758147704,20.788768495331954,79.59810509878334,0.5630495758989581,4.68927407564215,9.551185287100813,0.37533920455987113,916.4882107021077,3.602608594421466
2025-04-28,23.72458243298451,21.0645196681941,85.24892647011035,0.4588613692709463,7.718964431994915,10.540835206970003,0.383669621540516,915.5935920646357,2.9928038326626556
2025-04-29,24.72976670788059,20.510708332087425,77.85740848495165,0.5439709402999608,7.054220271668192,6.171626538097915,0.38640796652439807,915.5614389886795,3.919207050590276
2025-04-30,24.40034118349362,20.86731518486358,81.02858772709958,0.8948008038403429,5.552471235183296,8.947070834806045,0.3842883330728023,916.4516671366256,3.705636048647634
2025-05-01,24.51521364896169,21.384976304179514,82.88572208531085,1.0272555456769963,4.980000366541431,4.529090044303813,0.38908341530075635,916.9507584911088,3.527998333419779
2025-05-02,24.123008960144155,21.468883956544104,85.23868840852782,0.7647461535018538,14.214173945647671,20.145486593881724,0.40963612627625057,917.2228504078556,3.7025021766205644
2025-05-03,23.582775232706478,21.22379834142551,86.71462758983455,1.2532580303593273,4.954214099983917,6.362303248123201,0.4174908206050523,916.7682791001146,3.491556538248107
2025-05-04,24.786905314819155,20.784722624804157,78.60008946412724,1.0399133515388441,1.394311803107266,0.6725943866983677,0.4106434165238739,916.0923457035373,4.001674870174386
2025-05-05,24.529280100016404,20.775717169693586,79.80738041869218,1.0168391905779683,2.5110396025036206,1.1138903705298262,0.4056495442782175,916.0170229128182,3.707155942837891
2025-05-06,24.957176974790663,19.77941082068276,73.15057164236583,1.2799160423110385,0.32565780248396586,0.14279934590842702,0.3906606870591836,916.2804443618171,3.8599146113464102
2025-05-07,24.46400956210535,19.376043543541112,73.41699869101822,1.1977982728799805,0.30429366784681927,0.06578393582684307,0.37550246999867837,915.9002899755261,3.6892567644599037
2025-05-08,23.60839604663701,17.738966256903645,69.80219544445681,1.4380235153320293,0.017057769820641944,0.011053732108624793,0.3619023151751528,916.599540323063,3.6466184395943477
2025-05-09,23.78226795414104,17.111130192772755,66.45710407788684,1.1121136197246935,0.005495423840860474,0.0019366715048875576,0.3491150865944161,916.6564861063101,3.5381034610664006
2025-05-10,23.713215810294706,18.69540605938793,73.62297884106674,1.3296849075046988,0.09871840971321014,0.02595461784388862,0.3389303636893371,916.960902003264,3.286708953072157
2025-05-11,23.708624870557298,19.760675648935685,78.71704624619393,1.2025909259552294,2.406124596712211,0.6806391648332676,0.3426774453470343,916.2587995066214,3.1067854833741624
2025-05-12,23.82547086746541,20.675240802365668,82.67584383137999,1.2074721178589705,6.822014273165689,7.429173352718968,0.3653561973432593,915.0829137917767,3.351602367030912
2025-05-13,23.3697879185292,21.02409525973581,86.77694091588627,1.1723612966241148,8.253933383727016,9.634233725949674,0.3972403532935759,915.134593761327,3.0446598762999355
2025-05-14,23.99270060935157,21.227735321737065,84.6393071792218,0.7575549979892516,8.108650457475822,9.439398629133953,0.4188087197608623,915.6155803793789,3.5692854817801734
2025-05-15,23.275137944827154,21.184203679289592,88.11462802008728,0.8636597394562998,9.318550431165797,14.722621599745608,0.4268851760950406,915.980619854453,3.5380886196755355
2025-05-16,23.362331693482073,21.228207689661765,87.88146089243541,1.1106063235486219,10.535460012666322,18.807557284332376,0.42581441876122483,915.6977884499397,3.844656478255207
2025-05-17,22.94681203516693,20.848040823085437,88.03760000092136,1.252806168377876,9.778605962788946,8.608069807387176,0.4262090514422919,915.2041538136762,3.3456045377285744
2025-05-18,22.304108631491392,20.69866148096748,90.67456590171547,1.0127957264081193,9.37452652952243,11.376997772082715,0.4499273766440976,914.0167006346287,3.2955692502204155
2025-05-19,22.37353471390513,21.127393325973884,92.69549758012134,0.5891613432031078,19.763669776384543,31.86459994403492,0.45265409776764015,912.7760533083779,2.829292444215005
2025-05-20,21.170730445818762,20.327858915642892,94.99890234819728,1.9493013199841822,13.246773080420473,18.89691694065206,0.45233467822297035,913.2231358776988,3.279408933501464
2025-05-21,21.172864110080578,20.38521668944405,95.30602674456898,1.730640407941408,5.971252600002656,3.629056130324397,0.45489015237487596,914.653069528122,2.5990191932502786
2025-05-22,22.515881232850543,20.314702458884756,87.4564075703346,2.1339834557737487,4.0270781095352906,1.396048948943945,0.4477116045289065,914.3070031602786,3.6883355230041497
2025-05-23,22.052953282069957,21.070649986839967,94.20685089741752,2.7908587766345523,30.882703849681164,27.80047572504501,0.4581976500589296,912.3043251704455,5.040122492139941
2025-05-24,21.381002983664374,21.167172050219712,98.70463451199414,2.776896205965072,36.869383304584986,33.963820064657774,0.4647245348133963,912.2297810449511,3.2828118125654284
2025-05-25,21.158793442083663,20.990939459720344,98.98268808035237,3.084169710042864,58.34796363712112,89.92172170270317,0.4661251046431661,913.3794123703843,4.329544883631301
2025-05-26,20.986520154768204,20.880547882823198,99.35434203929415,2.8714020572740613,39.384621782145715,61.010062685750334,0.4672680627815769,913.4122848704487,2.759503288642438
2025-05-27,21.12321110943083,20.670120149271,97.27174198753576,3.021447406642497,33.808467283134796,47.93782369493888,0.465654101098706,913.1654843017868,4.366145736336886
2025-05-28,21.298405981402666,20.715942195835662,96.50675197876375,3.2720932978050263,38.55866879509787,42.440523043092874,0.4704043767133305,912.8006079931399,5.1104795701285815
2025-05-29,20.695936250882617,20.599693903252952,99.41232859804485,1.9295786175715237,85.94557318095171,224.9187881856477,0.46995426990672984,912.526788735104,1.9740863898598409
2025-05-30,20.540169332763398,20.34641350776449,98.82315363581007,2.285468189695169,23.123523730989394,67.51922822510925,0.4691345783158482,914.4308794699756,2.020219848056119
2025-05-31,22.389170233441597,20.548662493751518,89.37353165622656,2.5182403877512356,2.995203641457385,4.408471056658599,0.46423554393916133,916.4638275526472,3.523963335388568
2025-06-01,22.560218984913988,20.19451221261391,86.55524856717287,2.2487397444022883,2.8882638242310756,1.1840881291540386,0.45869114862570864,917.0042714073737,3.963127400481847
2025-06-02,21.814644977490342,20.140616019381902,90.27141736901177,2.223098477131407,8.14753858047856,2.4687257204867947,0.46492311576043005,916.5051775778218,3.9365207273154668
2025-06-03,21.682665870608805,20.282360272466708,91.78677104923106,1.9145227503246578,7.399599585663875,4.1560307132241805,0.46522850427511453,916.6494031949273,3.79294081741193
2025-06-04,21.73403796230306,20.13144848974418,90.65235592362346,1.7022356473758673,3.0451766197938532,1.276529487340471,0.4620880982282181,917.0937051978466,3.124844981759859
2025-06-05,23.074662018027407,19.424676633664102,79.96412804026815,1.3608153017444746,0.4941802692929779,0.23684898625940395,0.447978601617949,917.3855951960339,3.8630863051139976
2025-06-06,23.073536072996333,19.105491319127417,78.40391668001888,1.3173535530655036,0.46737337218189107,0.16984248947837632,0.43562268296955364,917.5958834974477,3.8381822028235217
2025-06-07,22.529259588088717,19.46144346439443,82.84356617065718,1.6370945080809567,1.3356167996864798,0.43526176577415693,0.4309512733676016,917.7108962139142,3.5582766699164607
2025-06-08,22.673502867490242,19.899793080634907,84.39136868739902,1.7024564437448761,3.194552716985221,0.9224170037511031,0.43368764104402513,917.0405305231947,3.698591929242857
2025-06-09,22.624821120454566,19.716355147546555,83.68348717503365,1.90045288517224,0.7086083009328022,0.2844169107515261,0.42894712933729595,915.6601407966681,3.2499603385661353
2025-06-10,22.225508804166004,20.52189005001144,90.11184931261904,1.8774668232946206,8.095888241719296,7.926793033730349,0.4421257074423988,913.7524214656141,3.280366814811941
2025-06-11,21.459862300947396,20.825409770408413,96.20480988389286,1.734695776670313,26.02387963695341,52.54085912756679,0.45509640205454505,913.0127780150071,3.252948665231043
2025-06-12,20.978598902125434,20.51610337278008,97.22161039509456,2.1245807934792995,17.7832112669112,18.543623816185466,0.46583927346616444,911.9637668551454,2.836844293667411
2025-06-13,21.240944888451953,20.72427977154543,96.89789356669526,2.064542825290822,19.3245903153358,18.254941615656655,0.47061623394084107,912.72940884494,2.855095827784842
2025-06-14,21.038046565742462,20.664618818706,97.7515837917167,3.3145908010485647,70.55896966809304,199.34024974366412,0.47097997976374073,913.4097771435014,4.276882335569388
2025-06-15,20.426198104065502,20.285116839929916,99.14184366718327,3.8047240619815628,84.10000828864325,325.34078721749813,0.4699346204871162,913.3651262429353,3.6137202890468143
2025-06-16,20.389865678011542,20.26441697536282,99.235968175223,3.3727302020658434,47.8596984221962,156.40508798385102,0.46679265014622656,914.5116548126678,3.3055482475598477
2025-06-17,20.85327755179042,20.17042291421983,95.90537899827032,2.7042509717253504,20.51906764630912,29.29623935876841,0.4729271221486873,916.0572083554248,4.662589478333407
2025-06-18,21.579881562061107,20.478941003859752,93.49248257331666,2.3860515589876456,13.49931775503762,9.31587625371756,0.47438912842732184,916.0378118877028,4.478264893524786
2025-06-19,21.836555078023522,20.446805716896005,91.8619526929759,2.210487414987596,6.998457865295272,3.781649132653761,0.47472368215376387,916.462807020643,3.84448807948827
2025-06-20,21.757924526906308,20.212202710900613,90.98242835871143,2.2690321893400647,6.040028002985336,2.857568771975946,0.4740318669451269,917.1340364797119,3.933808039296522
2025-06-21,21.700195812218478,20.1675215402653,91.04862116381865,2.2910703851537533,5.4790102043782145,2.7950439083411722,0.4719638097037614,917.0764673345714,3.763641492270601
2025-06-22,20.84966113446575,19.824665616328467,93.89778269772353,2.306586553346106,20.61989547428684,22.501519307415183,0.4672070838121534,916.6247242402712,3.951282078952459
2025-06-23,20.042509127152197,19.52939671456607,96.88777649216735,1.7249898624868918,12.725943317631318,12.898372682606603,0.46902521714117734,916.105433169999,2.4686683001953247
2025-06-24,20.77147404238181,19.881391546190294,94.68460787116246,2.6069014664069767,13.682530718578347,8.5335164978501,0.474409473699171,915.1152906268304,3.654860476336009
2025-06-25,20.830418838590084,20.16755200466007,96.01833781665573,2.5967549035175246,22.263260964983704,24.13358032700824,0.46915048094587286,914.806159096085,4.1786361940060015
2025-06-26,20.430958891011997,20.10239983854718,98.00701896880012,2.3908886709445847,22.812605041528514,25.26535219108867,0.4659636420176574,915.3779670625726,2.8827063900690386
2025-06-27,21.350365598962604,19.957644532624883,91.81327345159266,2.6834394422570815,10.580822336109215,9.531705223688341,0.4651535591066591,916.0779510545166,4.511227676292309
2025-06-28,21.34400281929937,19.954241148422017,91.82950748417738,2.5362403975415337,12.735010618372632,19.41193604863504,0.4678999322137512,916.2147668507196,4.59489760969123
2025-06-29,21.76595341687967,19.528903918737523,87.18817149776184,2.375993463513954,3.049001800479353,2.400853017093756,0.4647309969577407,915.7688233355793,3.613319220168378
2025-06-30,21.361725450077625,19.600782794427168,89.751510344113,2.473615271440809,4.593572713818605,1.9639718784863864,0.46318037518983557,915.7377429060912,3.442343113563422
2025-07-01,21.104841571515884,19.773751325446522,92.15914731650908,2.36486509386082,6.74359695107064,2.997296528684912,0.4622831477562888,915.8673903802311,3.300902641762826
2025-07-02,20.316306605893793,19.769394675911684,96.6988633236254,2.0640297296094867,18.347121107680614,12.527107189547108,0.4659755709863832,915.8769132193487,3.081314051327431
2025-07-03,20.728582778630624,19.56278781050632,93.07318576184596,2.0598536836519683,5.966386475662915,3.2738535675169853,0.46222946428367145,916.6716192960528,2.839840798136455
2025-07-04,20.950272449071925,19.711376255939538,92.67571504762749,2.4873278704725243,11.228209313558326,8.323066856620674,0.46735411155112583,917.2477288746392,4.01306181821145
2025-07-05,20.873454481827352,19.782027475329464,93.51921063113635,2.6732713323213595,11.455535064160722,7.63324946821807,0.4718119997113248,916.8692864365045,4.150490357532715
2025-07-06,21.057954877843244,19.852955862429816,92.89414123257184,3.350546971393426,17.697300227100595,17.79561217259201,0.4715825595233776,916.2006848747918,5.315918432466443
2025-07-07,21.11464736489571,19.896552186829638,92.80709490917499,3.0116957380880973,10.821748496145817,7.170750425278844,0.4734732192768708,916.3668789398935,4.251532513282996
2025-07-08,21.11391491935924,19.9519999102687,93.13446259060252,2.766718664328147,12.3307691945611,8.1862280643624,0.47412800077387146,916.8286109541451,4.499457015950279
2025-07-09,21.2393209341581,19.87216609284257,91.97114061999592,2.667937416988881,9.085782452902965,5.393654364727241,0.4745906902063725,916.6292524132197,4.300037352255562
2025-07-10,21.303466440019086,19.732727530940554,90.82096314547104,2.3918061401943764,10.032272335805862,9.764405970753218,0.46597945227272997,915.8757712216404,4.354463396687286
2025-07-11,21.416858168776834,19.923180572527958,91.2519760679246,2.1009711584483965,23.166233672659047,27.01498652723702,0.4607299754580863,915.7448985096255,3.8236940509455857
2025-07-12,20.879788051959355,20.20977315076758,95.98567766499905,1.7321270223285141,9.582349416567759,7.3961651752996795,0.4665189561295555,916.3925071435301,2.407283364983043
2025-07-13,21.02024349769829,20.005234564860213,93.9687310416581,2.2357512777674162,15.158143645311092,23.626719482448234,0.4649630869369367,916.4186956220052,3.9591108385384635
2025-07-14,20.669650889935593,19.787712296466392,94.72753015981651,2.402477413034055,19.57293739858923,23.087121578889974,0.4692606855089838,916.4054443391252,4.156343592325447
2025-07-15,20.455610876079362,20.269152079655246,98.86186663131568,1.97160792932859,31.120006708668587,66.39529106084109,0.4667060748907298,915.3133797835325,2.463166805518389
2025-07-16,20.63832929890824,20.319081474805582,98.06547758942058,2.2230498526170033,52.174993698945016,97.35396104187772,0.4694227492676062,914.6112039921926,3.1530140359471885
2025-07-17,20.534122365113586,19.99424635429338,96.74951396845412,2.2863188457735495,28.35815512193967,52.80061477954272,0.4629087951017853,914.8912983791693,3.434845978963525
2025-07-18,20.052222893322966,19.92454234883365,99.21997776802334,2.3417878169112596,35.88966429732443,58.10415599208017,0.46826115439105426,914.7177843452047,2.278338844131071
2025-07-19,20.031096159194448,19.941443705779477,99.4497486763281,2.22123438808914,62.05965000338626,241.75219237160567,0.4672854026076237,913.3266899017054,1.8455059255669366
2025-07-20,19.891516730032418,19.772408635300323,99.26900243292377,1.9389221117819475,45.361377303806016,130.29417868088515,0.46591341861332625,913.140925985249,2.010438021867763
2025-07-21,19.712136034718856,19.61816558398361,99.42180255343244,1.7461006512079345,30.12656235127614,58.76610037023083,0.4660259900556602,914.119861812112,1.4487741666773324
2025-07-22,19.791016656039282,19.69970478301509,99.43906481043636,1.9738032377703336,33.28520990500376,49.621402186733576,0.46392723261066987,914.8064062087425,1.7422800234439855
2025-07-23,19.636872668324372,19.521084894765703,99.28919842873184,2.6544136400172786,34.86212188129481,67.85758651568942,0.4673030901766501,914.3813843760801,2.2798852348187877
2025-07-24,19.637091353753046,19.345957380909354,98.22497287227642,3.2361183929066435,30.981696445798832,51.65355070427049,0.46814202520619047,914.0464567919946,3.638629753390261
2025-07-25,20.41402408839986,19.71292290851472,95.77942007839805,3.6442086409919066,22.580553526523435,22.309785645473575,0.47137623043494703,914.5224134089829,4.05302234290176
2025-07-26,20.1483790723374,19.820075770732434,98.00653740576563,3.5022067157069965,41.572407528419824,73.81832785711254,0.4651707727137986,915.8128951618131,4.365945541365229
2025-07-27,20.546796761902602,19.480090167016346,93.64151373639524,3.0528503627054002,11.40509870644607,12.262677855816277,0.47112934097751247,916.5057381386493,4.244424108476362
2025-07-28,21.403059414912217,18.864894318964325,85.509221467525,3.0438872345218715,3.8709025244130992,2.2288168057145192,0.4701773039173932,916.6768858793872,4.077495908361863
2025-07-29,21.203999324789375,19.52862729143154,90.21381580449132,3.165233885200478,7.528162789600264,2.7906788043700987,0.4716599427752218,916.9498652657306,4.350131480378454
2025-07-30,21.31649195194961,19.667018208344597,90.37234154171846,2.935537065610342,7.162457681193935,3.005834739311442,0.47253698536605887,916.4210108781492,4.037086793412219
2025-07-31,21.52208161720161,19.73391811140684,89.60952563040095,2.413120139174229,4.6525767814776735,2.1878659174915884,0.47005811986429846,916.173151663528,3.521157972457112
2025-08-01,21.73483391287197,19.673064963993514,88.11095409338208,2.0218783852229922,3.4241478331297133,1.282635777038368,0.46451669146435237,916.0223616814006,3.2559792209738125
2025-08-02,20.955714075456477,19.80881255290091,93.18871175942965,1.591028991851363,25.976994032340517,26.978893266474206,0.46327050552576216,915.8985270360449,3.0735827545039953
2025-08-03,20.88068890245427,19.76007025031154,93.32443176165872,1.1292179501324493,13.089377552897608,16.45721032827498,0.460073706072386,916.3857550433037,2.113122007783717
2025-08-04,21.32850104865747,19.797220013091014,91.00652319294271,0.7887765272148116,8.303687823595945,8.661674843593076,0.46553634501146357,915.9701481076659,2.561283201796486
2025-08-05,21.20067222317726,20.208868984883637,94.10369401546451,1.5214349377706637,21.64324135561678,49.28829852617811,0.46676155018834853,915.6130276353647,2.8485553723284895
2025-08-06,21.722236624187847,18.644899368769643,82.6893004184576,2.1585426155159153,1.438774269846238,4.4853464447143,0.4612824828658513,915.5321656692125,3.4115592945765845
2025-08-07,21.844623893388825,19.247137653590983,85.2094600924914,1.5220791583220867,1.5406454711104784,0.5321100342176193,0.45361958399077923,915.2538057468025,2.519136391943233
2025-08-08,21.92287665007189,19.533937607883992,86.35847949811011,1.1531416393681522,2.334672382919314,0.6162664832755268,0.4518150888234875,916.4300844518211,2.674295039666573
2025-08-09,20.574811924993273,19.807861157703858,95.40375340467436,0.9247462799456272,23.0556178132448,9.691406331650775,0.4710248886414899,917.6024088731076,2.3516274384294933
2025-08-10,20.298164421342644,19.60724149840896,95.83172262199872,1.1472863930613342,11.667836649183776,7.876757181247735,0.47215695539945446,917.2959733674898,2.307741075427092
2025-08-11,20.817726745807676,19.084240949586576,89.84655269999153,1.7374676601230254,3.3775413537000727,1.487858009281377,0.47262071560489266,917.2804412603864,2.6404225834161266
2025-08-12,20.756455511705646,19.06992379847948,90.10328498358177,2.043216698569005,9.454429372347635,3.7421375255109335,0.4711265964671414,916.0527059081488,3.384809455057315
2025-08-13,19.75921789761876,19.555967148937125,98.75515293354547,1.800743395631749,14.054691220129111,12.238003084976242,0.4728469877934938,915.2254171062456,2.33383596532355
2025-08-14,19.91973886238972,19.343548253368503,96.51283903274278,2.094107353107421,14.713638231130961,11.018787721337873,0.47502277430088125,915.2051897879475,2.8428397924635096
2025-08-15,20.058233391839853,19.45159327631592,96.34402897717406,2.833115920425148,18.963878157040806,19.169764446446806,0.4733748409785346,914.5805432527884,3.8425956989765884
2025-08-16,20.264879042271666,19.600786442761628,96.0053865010354,2.816129627554633,20.321133474093642,28.219677255275283,0.47277129285689085,913.3087470247792,4.150854214070436
2025-08-17,20.290292689658983,19.66336349255527,96.22320486907074,2.8750262974585614,35.93798572360019,61.97504772929048,0.46759803651247894,914.0767237149521,4.89343069882224
2025-08-18,19.73058604879829,18.98982841430752,95.52828683488652,2.809725007408378,15.056726042010101,20.677962335156447,0.46161535054796654,916.1967917155754,3.6285295562054833
2025-08-19,20.321265514916032,19.089844954800874,92.69259948830546,3.0134447579703525,6.110769485443177,3.306500059123796,0.4679797052004765,916.2021588846221,3.4464899742846415
2025-08-20,20.43186213365922,18.82329558283019,90.53308860698532,2.1992021587504205,5.04699256301669,2.600170007920482,0.4685863781008307,916.9365057313267,3.612697002794394
2025-08-21,21.590337823005672,19.02185664580762,85.34181203767419,1.8460781752209623,1.8314280681256976,0.7546288936193644,0.45850444221870174,917.7655704010909,3.1269750027633068
2025-08-22,21.80173970639408,19.13879524607785,84.85304108019764,1.5452745944506951,1.2594706857790932,0.40018501285790214,0.45087134265339257,917.300621561009,2.8744762386087523
2025-08-23,21.613729107765906,18.66509085207368,83.33956766408967,1.8263935846290211,1.300984363508336,0.4241278465665118,0.44550879076612554,917.2560983824551,2.9604124167775456
2025-08-24,21.50327201849417,17.95169855929395,80.24068747867834,1.8137880594540734,0.23071983124559023,0.10814989374755013,0.43566398893115243,917.8132862213282,3.138743152107727
2025-08-25,21.754021085661577,17.937244712963526,78.94781326217682,1.5630205339000838,0.014238652717079595,0.0071179274967950465,0.42500145288731045,916.5684225578847,3.2392878165640915
2025-08-26,20.64267910031647,18.681068411004194,88.57635100993593,2.0733442390305803,9.308642738116676,1.8066428105980723,0.43771354935202816,916.7570811843857,3.0141493951770233
2025-08-27,19.94873432209679,19.854096185135027,99.4193435205665,1.8919335173750311,56.873238650537424,61.04681114905998,0.4675377550069081,915.8279672641709,2.082373273228085
2025-08-28,20.147393021809023,20.006654324945277,99.1404854561708,2.3957096752369242,61.41682766022,138.66464412933308,0.46478242782942636,915.3145151408634,2.640615056211676
2025-08-29,20.539055241541103,20.000617592601323,96.75210219587734,1.9504705858575198,17.625738628009486,28.897206680592724,0.47269242911513343,916.0602211825733,2.7189200624062964
2025-08-30,21.00632884161868,19.958421750564447,93.78420477754767,2.2876323415946036,14.444308034580342,11.559220288227413,0.4723170205333217,917.324435110147,4.752148008775617
2025-08-31,20.962950357574215,19.813261664341837,93.1983016075714,2.236855127398383,10.920163785793301,8.169909434609592,0.4687464983226946,916.6553416611008,3.831312560731433
2025-09-01,21.020861035973446,19.44214155825164,90.75835945309996,2.505105315209511,5.275068085953222,3.3233066580168913,0.4712772901950904,915.6142953998607,3.7304111208579123
2025-09-02,21.118329648418147,19.30181840033001,89.446786929919,2.587449067043456,5.151052853193956,1.8245481273994453,0.4691894353386095,915.3807250111096,3.6685711935227787
2025-09-03,20.710416380780504,19.26915609250812,91.51848560730447,2.2731426377507735,7.001477465507578,2.735207772442775,0.46931432546794405,915.3753118479453,3.1733110292532123
2025-09-04,20.594541214583533,19.511429830789176,93.56279169022207,1.897506519105015,6.417291636409264,3.437042095969796,0.46662220883654226,916.054733689152,2.879157889669138
2025-09-05,21.159335962814126,19.588698522748928,90.80252003496247,1.803126725719281,5.552323973114308,2.754878377865324,0.46847741396996617,916.7583760257336,3.66619962442167
2025-09-06,21.75707761701016,19.539550957985796,87.25168336212286,1.6927781108270348,2.140946741032673,0.93750407341329,0.46048536995485845,917.211413389967,3.316124786570992
2025-09-07,21.71415961316442,18.982578082772726,84.49817072918597,1.7709562150827918,1.9083615175635449,0.7271375786116052,0.4535511029445618,916.9544508586564,3.549002357014403
2025-09-08,21.59857689449123,18.68508729632516,83.52244218341183,1.3040653824397288,1.2260653088692868,0.4404402899294353,0.4458019052062957,916.4302434399991,3.3982141231636196
2025-09-09,22.423316857594763,18.724935424780682,79.62353904822866,0.9012808165371894,0.35879818273137726,0.12292716468015093,0.4347597868590786,916.6478429721478,3.674342347988679
2025-09-10,22.667857608472136,18.810443069772152,78.87280343665802,1.228721637546433,0.2432628289169828,0.07670394894281198,0.4243187104226733,916.841956135102,3.822102338789876
2025-09-11,22.054209872900447,18.639158972854357,81.00517225622474,1.5085082139948434,0.08772362870463497,0.022713280806468374,0.4149782171482709,916.7855889687931,3.3198638620317102
2025-09-12,22.026344608571062,18.458032545442915,80.23723558747224,1.330286675074708,0.1880216822747654,0.03599481999887851,0.4071984249137992,916.2749245471664,3.202914608862868
2025-09-13,21.615463474155177,18.618199033019675,83.10641457035115,1.3461696536220864,0.8384325348344805,0.22456559490681602,0.4039784457206763,916.7117889126981,2.983883083246967
2025-09-14,21.70603994505836,18.437055246149733,81.70303605700258,1.524071768578491,0.6403773463325428,0.18558133642908914,0.4006876815284282,917.0946101243838,3.2504244682522097
2025-09-15,21.426472908119965,19.0885313661343,86.56272032755462,1.5159211529142858,5.387359220703893,0.6966864863379043,0.4072684988968383,916.6771561237526,2.9320231115080437
2025-09-16,21.12178983735605,19.82092921419685,92.3014383785791,1.2460116403593582,13.005762684522429,21.279175514390715,0.4525214611085259,916.459322539349,3.2103360283002553
2025-09-17,21.163501215843677,19.76926160865783,91.76729162412283,1.235524958863585,10.289347695685551,27.256406178140583,0.4588920795299877,916.5760310588284,3.0890977762786314
2025-09-18,21.35439755500966,19.414309303499675,88.73782620007839,1.635861108703136,2.263848755351134,2.5521873215648885,0.4568075500252692,916.7914293723309,2.9010945878067056
2025-09-19,21.39946675311405,18.877871409351496,85.58467071416177,1.6833141199747912,6.794398090419331,3.9829601176269387,0.45524942244454897,917.3696067905989,3.526252913228143
2025-09-20,20.936903577979585,19.28217898585417,90.3053325001762,1.4899670032923211,4.258885121523699,2.3841729632516873,0.46075514810867385,916.9569597361223,2.8193700055944046
2025-09-21,21.610339410439554,19.35278001253374,87.01729161384256,1.6307682876500598,3.1283246723315083,1.0563093479557486,0.45561659529758824,916.3689113769811,3.658950751726117
2025-09-22,21.308556439427246,19.529609693332453,89.65261810834411,1.8041242275155143,4.880999459367347,2.93616129651791,0.4531541450665459,917.5081077080883,3.283433169869079
2025-09-23,20.49950815016131,19.414304225148218,93.54075809842733,1.570617531741121,3.589477801682804,1.802562685432914,0.4574859616356924,917.7562719251165,2.0572686762558523
2025-09-24,21.277715485018255,19.114056544225715,87.49847440846517,1.8928855250467322,3.033142821458315,1.0318852388470083,0.4525252763185788,916.3331510968014,3.3370253367830025
2025-09-25,20.82307156675876,19.38417320938602,91.50490925826436,1.7785602464993417,4.969569412652957,1.6876677795257387,0.4571541587928336,915.6756949151536,3.126305032545953
2025-09-26,21.037845538800454,19.044923140602794,88.43074878224974,2.187310767812928,4.820892460289878,1.2024502354803983,0.454686929018774,915.8637076984196,3.4333067866835676
2025-09-27,20.295245551528243,19.47337562566018,95.0700633079093,2.319814174343837,10.597662293069,5.223152085946429,0.46119371727644054,916.4840046149395,3.4766057730476523
2025-09-28,20.85842095307778,19.651792297292975,92.85837345873117,2.5458117380830636,11.071131795104373,5.554734214046663,0.46451436765925486,916.1526752051466,4.4490342932076254
2025-09-29,21.106853478851434,19.451270060314556,90.32864029662147,2.1474995692215466,4.938417285166104,2.277457943461514,0.4676908606660986,916.1830500641964,4.096160657503854
2025-09-30,21.26379541097555,18.632880671000446,85.00911143574636,1.8285218724679762,1.9721617025574527,0.9663778112868392,0.45481209671249645,915.5064818389827,3.6103446859626436
2025-10-01,21.24399024931735,19.27699807843165,88.58809476797191,1.8466061090772392,3.4629020658365124,1.3529827352774169,0.45121333714192996,915.4726244362366,3.396433162376214
2025-10-02,21.436820652303876,19.311197869900504,87.72452804759641,1.6718441133159292,1.86454623857538,0.6900690903736705,0.4467542297202704,917.1710931879617,2.808487963376506
2025-10-03,22.2287831016623,19.86168591074121,86.48178321406151,1.192351972171153,3.307698668205777,0.5908338530095357,0.4438843493976775,918.540128194035,3.249303445280944
2025-10-04,21.789584962736665,20.242367696910446,90.94379300147097,0.703196826502255,4.5191982615137,4.760048738489235,0.45405702993480324,919.0262117633976,2.659340051697832
2025-10-05,21.792898390877994,19.316075664338175,85.85784005272504,0.9652661790975121,2.248602740201925,1.2877051805344883,0.44927813537330413,918.759363122184,3.342462029157421
2025-10-06,21.93287097076606,17.791437418451622,77.37328804777209,0.9766614805834357,0.028552708137152293,0.06987875955646553,0.4338164702581499,918.8570624285871,3.8918324892451737
2025-10-07,21.931643732168148,17.675168373151006,76.81436800011492,0.6969082114988766,0.045076841884445565,0.011168676350698835,0.41959448395847854,918.5473290561794,3.9656690698190404
2025-10-08,22.122180370889478,18.66648656397724,80.82872768280384,0.2140888120990244,2.114877089582095,0.3996555809232479,0.41459789108368367,918.20009016597,3.654926748323281
2025-10-09,21.54492978464009,19.86991729078497,90.22226686952465,0.30893272944386035,13.943378094175744,18.929617624523406,0.4424281882338707,918.2627411644667,3.1259733279376123
2025-10-10,21.95751690838743,20.07294102424934,89.08125060056018,0.41045983200920816,9.094340594315643,6.324835330344882,0.4539159707458639,916.9020943321793,3.059250365173106
2025-10-11,21.61741876809853,19.7051379262877,88.92609680877483,0.6385296056729912,4.170437397592457,3.631271245495653,0.45757762886812453,916.8345946312954,2.6819062546824433
2025-10-12,23.11639785836929,18.828905241303634,76.85017321147409,0.5907280484909909,1.4140716518061796,0.5128494060277141,0.44328858296836476,916.3354769000229,4.347127363508967
2025-10-13,22.426544600679186,18.764019848191783,79.97422506008661,1.1415795229948291,3.8724467660352357,7.583777601679891,0.43744534648050337,916.0810350802989,3.8456879324394664
2025-10-14,22.364536639267527,19.811538365365525,85.50280795535002,1.049677528477162,15.76001722557808,16.555428848113525,0.44588133132910546,914.5120991517929,3.626163390792691
2025-10-15,22.14358555118021,20.304090677492784,89.34484768882106,1.3623348237008592,14.410224434678105,27.541860984858307,0.45775286129516607,914.4436623989267,3.4288926634249464
2025-10-16,22.3190044886708,19.97955267255281,86.63063986658386,1.6582519552045578,8.856001458108398,9.710643293473602,0.4568691061000631,914.8642804234267,3.7727634816192595
2025-10-17,22.552157744368014,20.227400294781276,86.73515019105659,2.0763046921331165,7.64756569019615,9.61464370273269,0.4557980660007319,915.7547769839105,3.9426387983136832
2025-10-18,22.388376334241265,20.05725010941007,86.69074289482798,1.098147641145708,9.213719589086796,7.116945882586786,0.45962481720864995,915.5695946114167,3.2194856262822378
2025-10-19,22.21330702327094,19.980672542593876,87.20728248517018,0.7064722203735577,9.417935776633591,9.337935212328695,0.46187144893103105,915.1130022406887,3.487176517019699
2025-10-20,22.200777011388897,20.167026989459192,88.29358813069844,1.0110671428034799,10.161441895136685,21.19465190275554,0.458823792024312,914.5588198630195,3.699002775130444
2025-10-21,21.423885590541982,19.787458648839888,90.41674204774132,1.4242746651335667,13.373246209345895,19.423124821443913,0.46121540480542395,914.8455568666033,3.1686064031012444
2025-10-22,20.80415189593383,20.2744694124285,96.79906251624944,0.5044243049417476,32.689849409236125,79.11863111119203,0.46434140109235694,914.9368234997087,1.8181852478697518
2025-10-23,21.757570476204545,19.202698663488214,85.44051255690513,1.8489381928775936,1.3783145230045097,6.218224010678264,0.4533629731867871,915.8360228857384,3.245806046257763
2025-10-24,20.39267767425527,19.738564237522905,96.04969603723488,1.5514716843043608,12.58674040471709,6.93990130770253,0.4729760257120108,916.5232031420657,2.141868895745377
2025-10-25,21.22232540398879,19.15333990475118,88.01208572492885,1.1521266904088876,2.5267345964503405,1.9044122821884792,0.46640112715327486,916.6574858744059,3.3959575851164256
2025-10-26,21.482838169980937,19.061868630506055,86.12033267453332,1.2433281990241958,4.5143200931552405,4.109615522813124,0.45938390245469474,916.68906965797,3.598089041992093
2025-10-27,19.99861444183984,19.74505152983085,98.4522387330138,1.3638378329104275,16.08671603151297,12.728297194655504,0.46988164077830863,916.9485731171774,1.7987262937917945
2025-10-28,20.704839763384246,19.551599637543738,93.13904438766917,2.432815582795824,4.214473515062682,2.269250293651722,0.4686882195441765,915.6987269866257,3.025395508547823
2025-10-29,20.83391225159699,19.11306982648794,89.9183547664509,2.1555243926214844,3.7459717293484323,2.005950620616618,0.4687776481674422,916.0089623199227,3.622067081818713
2025-10-30,20.768787147535768,17.915602189701488,83.73893732173379,1.767587589738983,0.746245294971429,0.47047478505794954,0.4549738303826701,917.9940779563321,3.479164632846166
2025-10-31,20.962510654267653,17.62777083705648,81.26233863441169,1.3261584480958257,0.0378312548399933,0.031756585898906474,0.4413205386444313,919.0587855619975,3.569671372965756
2025-11-01,21.25357759065993,17.80434171246849,80.71905172654343,1.032565693900336,0.07571088692975127,0.005020316926712455,0.4294186167331106,919.3030072630264,3.8462152248753863
2025-11-02,21.50042924183226,18.344460928663093,82.25419718337437,1.0654791559810135,0.3126663330493091,0.09025574530554138,0.421342346174411,920.0549792287775,3.5675839452421294
2025-11-03,21.633624056119352,18.19222878240271,80.80636867515362,0.9832349523926989,0.024781735045855766,0.008859009242563259,0.4121383257934507,919.559280562577,3.825644393008222
2025-11-04,21.515034237245693,17.99762462108016,80.41983946493248,0.9242708479406,0.05889419425549924,0.014525171923450582,0.40346606039536653,918.5930480332077,3.5280485512258015
2025-11-05,21.24261017017124,17.980012126884105,81.66713926033741,1.0358713849935546,0.29489261753281126,0.07241380157689367,0.3971372070265617,917.6967318130285,3.448721904340654
2025-11-06,20.52167589996582,15.377225657817402,72.38753556705853,0.7507757810696543,0.001832720479718448,0.004878615751658212,0.3889825866121381,918.1245052595302,3.8706459591547406
2025-11-07,20.88802302246588,16.700946271896164,77.00490295602094,0.5805667565312733,0.008132364950719577,0.0019731880631888017,0.38119892063661703,918.8106382271201,3.4361911510724816
2025-11-08,20.93685958735722,17.417252800066056,80.36304877108586,0.7754774201879635,1.050418206015746,0.27732528219891656,0.380169762871702,919.2614621016335,3.0309120790827095
2025-11-09,20.629098212812842,13.816561840596698,65.05424765941429,1.2647147138487476,0.002037142572794267,0.01775984054529827,0.3736232578532369,918.2943493510286,4.078259591692665
2025-11-10,20.87275382616731,15.670799936689498,72.18537244984815,0.30362507420556933,0.004650241458349348,8.538653806876938E-4,0.3648238023286975,918.44902528058,3.5572805736904547
2025-11-11,21.503869010558155,17.205473105248256,76.56389169078321,0.4517133423864255,0.1433958032103786,0.026667241004085008,0.3589764229597599,918.7651067838855,3.0705463629452465
2025-11-12,22.334759042306725,18.101588239104657,76.99968789906143,1.1582119023430957,0.8017537137784531,0.1621891346645597,0.3574544100294961,919.0754429911337,3.123478449323936
2025-11-13,22.214026928596322,18.436293612912127,79.23570755899325,1.0722502218660628,1.1533753469333983,0.22387089769416363,0.35868190340939576,919.4317999173576,2.8889474296636095
2025-11-14,21.421829415312683,17.637844476920716,79.09710011230095,1.4619650246694766,1.5222773260222777,0.3458461387812411,0.36350621003940153,919.0625459806143,2.9766173411544012
2025-11-15,20.990805973372833,15.01487065395206,68.70269629705216,1.4508420710148207,0.04515777069352879,0.03126884028032252,0.3584915744538138,919.6203927439423,3.4181467010739923
2025-11-16,21.529574855961673,15.775616640838974,69.7851884223056,1.438513698748425,0.0012827500211256163,8.88384086276161E-4,0.349275654186488,919.9249249698671,3.409385132917865
2025-11-17,21.712836374135687,16.134343352107038,70.6263170993227,1.445719033811876,0.005562701407559507,7.899358108002737E-4,0.3410685623086312,919.2392696638736,3.21415757576051
2025-11-18,21.293758076354532,17.634242424157474,79.72600547776739,1.921093784481734,1.9463509839651048,0.2766771276146328,0.34410392448283755,918.1600436495718,2.050014812684283
2025-11-19,22.195338643474003,17.214211847060866,73.44562518488944,1.6225540259732476,0.133711392526458,0.041393487499508524,0.346059459289675,918.3879497708489,3.084295659893352
2025-11-20,22.43434265590318,17.077931988625274,71.74163362904363,1.305356462338814,0.007762438384920215,0.002572444939423793,0.3381241678518555,919.0579036925288,3.1829039084515074
2025-11-21,22.679139145553272,17.83815764835842,74.19326062449082,1.6752075692298403,2.075740130874828,0.22599087889217284,0.33783847527390964,919.8329324078627,3.30190219973169
2025-11-22,22.077267686501287,18.98016379607982,82.63489553022352,1.9454366667087952,3.2145953141206562,0.5005098083544222,0.35567348900856627,919.5304799170633,2.821356615369043
2025-11-23,21.535549357695903,18.740711949809942,84.15523313880642,1.609457806324849,2.681727035554656,0.45545879390461125,0.3709056469804153,919.5023523067835,2.3875743922681862
2025-11-24,21.791461002121174,18.054961582680086,79.3559967963818,2.0476346889840666,0.4952942079244526,0.11258289820588338,0.3730054546135995,919.6236537226847,2.56013177461456
2025-11-25,21.739377576559402,16.030116349139824,70.03671333561492,2.0120388470125334,0.033504050338084,0.009405888103679214,0.36106431034160075,918.9345802112734,3.2355905419166415
2025-11-26,21.068809992733144,14.9200831138745,67.9616532757104,2.147259795450922,0.004365341442770529,9.129590267189525E-4,0.3492597308984645,919.2226308887056,3.0961193024995404
2025-11-27,20.287584038277448,13.856828748736211,66.6094021973193,2.3662385336864347,0.0014382444261633745,1.47739373150063E-4,0.339440357741404,918.9321292905063,2.8716456196555775
2025-11-28,20.00655837557342,13.99526484630423,68.38290806982768,1.9705281854154284,4.462704941612313E-4,3.292368556898522E-5,0.3314861763950756,917.9181344453177,2.6275080829680224
2025-11-29,19.7535177308852,13.90715872248176,69.10856305864208,1.7239427192293102,0.366138892673413,0.006175206709957463,0.3260470132204722,916.9002396178771,2.0271631896449462
2025-11-30,20.28282773316437,17.07101722818673,81.83850740915622,1.5874027545893443,1.5028529551628342,0.22629546440441575,0.33438276421361257,917.4104710763545,2.0856365417907736
2025-12-01,21.954638608025686,17.00152282728032,73.5360266470449,1.0999242860474425,0.07223472924589053,0.01718843921715109,0.3297170304334552,917.4085625753507,2.6177549673546325
2025-12-02,22.101135116889523,17.026647450511245,72.98856050173384,1.009101916160494,2.098855365152976,0.06703935758434884,0.3249855781382585,917.4421218289191,2.7261929790843387
2025-12-03,21.735317023615337,18.899553583151537,83.94683021899365,1.7777741670453588,2.3293978469982304,0.3514977070933347,0.35014059858882174,918.2550278980615,2.5594956764672565
2025-12-04,21.524879393929407,18.963541891091673,85.38381612050449,1.9070783159424174,6.9691248015745355,1.2420708169148311,0.38304018044877386,919.4244176601446,2.4073359633006453
2025-12-05,21.438480314827725,18.48065230566663,83.30021597270078,2.5800267974862723,5.7844280619708615,1.3311929923091312,0.4182450224572431,919.8745720659393,3.553914816077677
2025-12-06,21.84702505485372,15.925138686141638,69.11275072876467,1.9607197866984036,0.012702368580123385,0.08985127896149459,0.40036004771879324,920.3239608927918,3.4029326323423668
2025-12-07,21.601098399054806,16.266501347808152,71.69784579471207,1.8035065627034736,0.11091180438545328,0.02225519200117993,0.37945349804243506,920.2448798511566,2.997732929338547
2025-12-08,20.8600693485679,12.83247725594479,60.116881802520126,1.7313906022815655,0.0,0.00140051514009875,0.36380270528560754,919.7246236594345,3.3479280708015806
2025-12-09,20.550551582471538,12.785264315332132,61.168552142193995,1.8805264999163853,0.04479589859507219,0.001349865957564068,0.35023997828731224,919.3540063520629,3.2554814936031953
2025-12-10,20.719883480116735,11.879488169460656,56.96283582379369,2.1821337269450907,9.189594360709691E-4,4.0679663567378755E-4,0.3390271845064246,919.4967992262962,3.256861850368645
2025-12-11,19.825622786681524,10.445534324536137,54.84516717589138,2.402603050454986,0.0,1.648244584179485E-6,0.32874525187179165,918.9262239260776,3.163364686793838
2025-12-12,19.60075946458729,9.505031462009109,52.19230997549439,1.9100474826154814,4.351138045421976E-4,1.6901374673607135E-5,0.3197645764703065,918.7943077605759,3.088494049182808
2025-12-13,19.534859951854564,9.055952132183636,50.80849361982065,1.6202741685513389,8.553266184208042E-4,8.519450040549806E-5,0.31186214304466636,918.883560647693,2.974063624394066
2025-12-14,18.866087240450696,7.912955154464093,49.065967010978994,1.834451687304407,0.0016984948842946324,2.4278213494603344E-4,0.30481906500711325,919.1438888200643,2.895714723815091
2025-12-15,19.09254801291937,8.63285725171582,50.80340946827922,2.1052364277887303,0.002165799742215313,1.742443479086784E-4,0.29870221259274665,918.8197166847297,2.76209738857547
2025-12-16,21.036650184285318,16.424444829893417,74.98454034741346,2.352765426443119,0.9447295402845954,0.10601487703924424,0.2978538808842044,918.4266223181567,2.16891529148646
2025-12-17,21.950054557291335,13.908524077749128,60.389978393790656,2.7461462818610696,0.07942376732003144,0.0179064164895563,0.29696007652501,919.5781511511859,2.688021745684269
2025-12-18,20.253326846141555,7.357702514323793,43.37856517700773,2.5025481357620647,0.0021422926579361956,4.955756388195154E-4,0.2910777581801643,919.2830362686618,2.821344258041581
2025-12-19,20.00272977115255,9.899335559438132,52.2344421863218,1.9112168538972059,0.0013023613405493961,3.3279946768169835E-5,0.28595775002528895,917.860957361684,2.516063660883707
2025-12-20,19.35535382446885,9.875054986362368,54.30150663952344,1.4318009110981875,8.52346317969932E-4,9.052468302173264E-5,0.2816549052738689,917.1768538327068,2.4567259344029697
2025-12-21,19.316591291577442,10.566953365494298,56.94704961797827,1.5074070699451652,8.583068620282575E-4,2.0146356198710494E-5,0.27793194988784187,917.9316845836272,2.3419664147264774
2025-12-22,19.022328623721044,11.359554066727451,61.21609878377061,1.8408775811781453,0.0023009174251949556,1.3624131121535443E-4,0.2747574954298998,917.8098044538328,2.179546923823985
2025-12-23,19.195955414326477,11.328789763456687,60.369558215573704,1.5224960518580042,0.0014414031785340519,9.795723594351699E-5,0.27188649290913863,917.5524058241859,2.191190374237159
2025-12-24,19.336785474852626,11.206922804414226,59.35171252496178,1.3962692288740395,0.0,1.078398357628265E-5,0.26919836480986453,917.741306156376,2.171335944366979
2025-12-25,19.47152475877977,12.303122500748445,63.266184526201485,1.1149168338518747,8.703376057435113E-4,4.795361587097189E-6,0.26675284344255273,918.3986748719744,2.087999482825098
2025-12-26,19.73064710226836,12.674071142811504,63.82208251387102,1.3096828124261337,0.008696880800225048,9.679344757105402E-4,0.26473464962890086,917.9685371677352,1.9868522337768217
2025-12-27,19.389649382830566,12.86760614794165,65.9837430616282,1.4331736193435975,0.003289432404417126,3.058090333853988E-4,0.26300933422679496,918.2050660814043,1.8233279573656758
2025-12-28,19.91899743802255,12.702552986357484,63.168878044432795,1.2321873563946448,0.0012844800494349329,8.236758925148603E-5,0.2612076689123159,918.6352643921916,1.9919242769323506
2025-12-29,20.508312592541415,13.879538560766159,65.7633148599738,1.0010385923863667,8.52346317969932E-4,3.61343286652515E-5,0.2594654231813732,918.6320748118063,1.9507548792294358
2025-12-30,20.631700808299513,14.981976320981936,70.10153308268943,0.35160358004493814,0.0026403737293223257,1.9690256017682078E-4,0.2579371190114143,918.3142758039115,1.7851194576491736
2025-12-31,21.067139709873526,16.46928797506237,75.06128631242059,0.6460515936141487,0.42174782546352957,0.051756960422792986,0.2583835098689138,917.2965215865432,1.7285604623948696
2026-01-01,21.549096908976658,16.168773724056066,71.52473792184736,0.2315743356998889,0.15895157083080083,0.011792776865582265,0.2588262085852894,917.5913492583496,1.6101125139721197
2026-01-02,21.369257786664345,15.958986564205796,71.34416494145135,0.4300660952276295,0.27461883716132207,0.026064574858404434,0.25970378403528654,919.2670368201233,1.6260262963316219
2026-01-03,21.3901437216358,13.453624831386211,60.617691098701094,1.5827330958664272,0.0034070692139850137,0.0017454815715781439,0.2586415933977557,919.4403787940674,1.945212087011829
2026-01-04,20.4000761708178,10.552225595272006,53.218546991613174,2.2993095883569095,0.0,2.456227814715803E-5,0.25674984616911317,919.7403567901868,2.010354536133423
2026-01-05,19.93980126081859,9.271365405702207,50.31013091360721,2.2439170083897713,0.0,0.0,0.25494325253007216,919.8215702089437,2.0181664295416435
2026-01-06,20.75929729092318,12.953153222533084,60.999487774154304,1.7317606097322449,0.0024254200315918157,2.2280832935222926E-4,0.2534589840345093,920.3172824739568,1.8188874922398315
2026-01-07,20.786419646586236,11.804097936215422,56.439448020118554,2.418171483637527,0.0020471850165657106,1.788392589174392E-4,0.25222326276415613,920.4333416138796,1.7761585734778593
2026-01-08,20.02920168642856,7.380118610121171,44.036188349640284,2.5738895568583366,0.0025654608180047944,1.2626927051968332E-4,0.25090004578527497,920.4536315511491,1.9946926586636402
2026-01-09,20.0951984304279,8.885018249440243,48.632979488915765,2.3508812355020976,0.0017225742112714215,2.3279823676165457E-4,0.24967827276640156,919.5505949477392,1.9034686622713441
2026-01-10,20.91920089733403,13.64712474070082,63.21421671381878,2.0613054897119696,0.01333957478560285,0.0014370709729779765,0.2488052291099471,919.2643146552485,1.6365215714120798
2026-01-11,20.596394935637527,16.200949908070225,76.04536344316615,2.313549466107863,0.2758556987265828,0.024398861564322402,0.24949177989863752,920.5025030667371,1.0506966467747176
2026-01-12,22.064370077031892,15.692834813146973,67.24359630881237,1.9757244210691183,0.023626366322271157,0.004261501497429269,0.24985881635028057,921.6387202232263,1.5044521028760776
2026-01-13,22.090169055653192,16.52794887425371,70.81549851985515,1.3757449921209686,2.9017860713413692,0.6305192060565148,0.2657739550863061,921.4544831283141,1.8578025274496364
2026-01-14,21.9096474750336,16.153810121753327,70.08374018944889,1.004791838908054,1.1671629751576023,0.315083520769599,0.28267787992393395,920.2021693594991,1.9940705749949128
2026-01-15,22.526409704196155,16.03947794727043,66.92544420860054,0.8113138674911193,0.5473125396095446,0.05080092448094347,0.281541620691045,918.962819456934,1.9490804220836804
2026-01-16,21.814069852650626,13.424353338986531,59.049957217745536,1.3322077265234211,0.025175589234124468,0.007829249874384037,0.2785779282936565,919.0455137957596,2.232073731218248
2026-01-17,20.46235031003105,10.082387901529168,51.418201444146625,1.5386945082824637,0.0025749204723979346,4.319671332417222E-4,0.27301731154304887,918.0539517529663,2.0989504693111853
2026-01-18,20.29107151723759,11.86755113444554,58.51594495510982,0.28404085943338536,0.03364859833212168,3.2892351752671377E-4,0.2683257815630639,917.6213569592297,1.9578493383416578
2026-01-19,20.631370392839067,14.165337322364202,66.56937268753234,0.5270918314829074,0.026132756491550193,0.0018487058932749082,0.2650290465498682,918.1771879245761,1.8298790955072395
2026-01-20,20.52572783068607,12.838714172794633,61.61302071299392,0.6546238942273432,0.0012882895092553824,1.0036178442283303E-4,0.2617908864864287,918.0101516173571,1.8652460369056016
2026-01-21,19.923338494211304,10.897792481356039,56.31778780211046,1.1194381587810525,0.011199231328523601,0.001369126382298782,0.25899776073856806,919.1083542444554,1.8163677762113468
2026-01-22,19.744594751149933,8.880054983118622,49.74758898980525,1.54229697798706,8.553265615773853E-4,1.5290043900427497E-4,0.256421896116284,919.5617739514543,1.873939769495562
2026-01-23,19.6715984727315,10.426642668521493,55.28313662148661,1.166002192335567,9.070200212077378E-4,4.966109424489533E-5,0.2541555228923586,920.4040215248447,1.7786435538248089
2026-01-24,21.080737504337556,12.725974562336905,58.91997950122772,1.4593359243552217,0.004162340458374917,2.5491969646403753E-4,0.25224642052730845,920.4561922739679,1.6518988468328952
2026-01-25,21.940804917968855,15.241285936481823,65.7652191892687,1.9308746215779269,0.10973026027103581,0.015186640160440067,0.25113385191673226,919.7574849052323,1.616533023472315
2026-01-26,22.064279312744464,15.559114091189505,66.6350395797633,1.3570776843475212,0.1762381682547832,0.02055316098976113,0.2505338410012215,921.0783378887119,1.5204416802349359
2026-01-27,22.341527535249963,15.716936247895568,66.19986230274228,0.9705629452693417,0.005040009821221004,0.0024317161857511788,0.2498464838912805,921.5154384053749,1.5434127894174066
2026-01-28,22.559801546315047,14.835187478359817,61.777122918998884,1.2144072667763994,0.0021004233166347073,1.8565463223467224E-4,0.24847888664500234,920.1614364746035,1.618264228198259
2026-01-29,21.86270634262604,12.69582031943877,56.0475617035094,1.4455263215315015,3.045561099632062E-4,4.20378557354751E-5,0.24716563927494092,920.1140033301468,1.7104524381219248
2026-01-30,21.517234768372855,11.743481494378939,53.824717005014044,1.4707798020273595,0.0013239640918332404,2.7687075171331637E-5,0.24594282544455404,920.4298806056045,1.7232680481872822
2026-01-31,21.195363887328746,8.460322946629871,44.172337608470734,1.620941616882352,0.0012859769811804469,2.2833338255211424E-5,0.24480343190976378,920.2480667087417,1.796688285183798
2026-02-01,22.05912403750311,11.797499661006661,52.311626360999526,1.5862905023000369,0.0014671244354978802,4.0584589042536105E-5,0.24380641330262318,920.3522430842107,1.7009896880481663
2026-02-02,22.75593747568512,14.235493943332049,58.71568592700098,1.3216678869478202,0.007543175887204434,8.377417714272463E-4,0.2430036724788113,920.1350955686257,1.6138221214809012
2026-02-03,22.461035101762725,13.339080959738673,56.5028181966496,1.3144454159010304,0.3085187793264699,0.04200429077974757,0.24343519309343822,920.4534081898099,1.7289621023643
2026-02-04,22.07330538527038,7.414698095754254,38.944573149313776,2.04974226158348,0.00300916417472763,0.00359651088879424,0.24355742449437556,920.1051310557976,1.8090354221810638
2026-02-05,21.636570718633937,7.634164239712249,40.793901329964875,1.8393305494048773,8.583068797918258E-4,2.2666796875351624E-5,0.2426127206575496,920.8012102044312,1.7498521596109182
2026-02-06,21.90953536019165,5.150470683872938,33.607605905665295,2.275339964550437,0.002575978101049259,1.988143522023248E-4,0.24177071190825358,920.6709122737296,1.7846793690482816
2026-02-07,21.82015635905081,5.839151582110999,35.4661847629385,1.8410201928114769,0.0,1.9172861741179484E-5,0.24102036716815595,919.9332352009354,1.7359324195789758
2026-02-08,21.71180460833505,11.311739533324001,51.64572264509808,0.968120737992566,0.0012904405366498395,9.158488201207725E-5,0.24039765318523199,918.9576318282486,1.6155146336652313
2026-02-09,21.990089167919344,14.597600071129055,63.054038504741676,0.41932784874472356,0.15491926629341682,0.006010365082325096,0.2401167827848969,919.1505843292117,1.50989638887211
2026-02-10,22.044609212276516,11.292571153306355,50.75966264381988,1.3480838664533112,0.004613139563708937,0.0013909737784160087,0.240510432233128,919.6492019314232,1.6429776970525878
2026-02-11,21.387856754877756,7.548119094323565,40.92737595291318,2.138066584889433,4.351138045421976E-4,2.1193678278241212E-5,0.23994581557530736,920.1779685107068,1.655459918853516
2026-02-12,21.08368057851379,7.710822847711168,42.31195893071383,1.3013573354289447,0.003004073732881807,1.976820425114223E-4,0.2394361026038834,919.5880263618238,1.6329653687952834
2026-02-13,22.120231604800477,12.797841620405901,55.57454690314765,1.2984303412084035,0.0012904405366498395,4.643757423781513E-5,0.23903466340523685,918.6597189792034,1.5206884191226526
2026-02-14,22.41153184940783,13.577550317226832,57.45912498430364,1.0386871156744875,6.768220051263516E-4,3.901017208035633E-5,0.2386804264152261,918.5608763092847,1.5146815314500928
2026-02-15,22.580577735960958,12.909455814735926,54.6199013746055,0.8648489346455787,0.003185194943498552,4.357211819743352E-4,0.23836176835955405,918.4495590531698,1.5286082186827268
2026-02-16,22.42438746123893,11.699532064051173,50.809159022585696,1.1408837965236291,7.639042606571677E-4,7.296572743589555E-5,0.23807226372153384,917.437420740609,1.5258767152436252
2026-02-17,22.363905855405868,13.541627354538946,57.63337480472397,0.7241661503142499,0.17772582289824462,0.021930156666873472,0.23850303288314106,917.5657263077165,1.5019017418386995
2026-02-18,22.295797436778628,14.778248871983038,62.511904544961446,0.2548090618467932,0.1457041305933444,0.01964626162265602,0.2392904791692968,917.7378767951466,1.4299591384061485
2026-02-19,23.57027935736164,13.404734509840202,52.98123136483907,1.4971652324142433,0.0011102777092581611,0.0014789100950565574,0.2393220620994657,918.0909910449699,1.5663628557960698
2026-02-20,24.216560264186274,14.573300783151726,54.93899982715535,1.6115023846792795,0.0011317150917123924,4.341407557871088E-5,0.23883402024783468,918.066416194907,1.5090472401965456
2026-02-21,23.785313312002955,16.424088726577754,63.46549703540171,0.5255420577883163,0.13936317057046893,0.01576881559986523,0.23890368707783374,916.6806590789819,1.4253127112768318
2026-02-22,23.778665128753985,17.4299851526509,67.76230733923002,0.37578987878720627,1.0955545093288868,0.09772180738310644,0.24185062854865155,915.4585262705324,1.4989351317619575
2026-02-23,23.38761447244707,18.136617461092214,72.68325947490192,0.38849351716938874,1.4840563823689972,0.25657187129601255,0.2537148483668429,915.598676541961,1.9828574228673392
2026-02-24,23.550111952493545,17.453740401974393,68.78991690299264,0.5237414655954451,1.0906750109544523,0.09214714996199933,0.2583432967301021,916.8241435874683,1.6439197028489523
2026-02-25,22.581149006765312,17.340943245950598,72.54275714310894,0.623120282913113,2.3224015179036437,0.40477629976742185,0.2718419033513071,918.3806993490109,2.1716662707166305
2026-02-26,22.882296978512123,16.932024802799763,69.55661143117779,0.5457262318809989,2.0305222557545464,0.4554959841399633,0.28309084672543633,917.0970150499094,2.1237309243921056
2026-02-27,22.80110477884553,15.44767249912768,63.72902723383459,0.4921993152689906,0.5517401780635739,0.09244452934033558,0.28277948709678297,915.6558510820761,1.9151698579033722
2026-02-28,22.43911594306334,15.699619486504389,65.89766379134144,0.5941870403259732,0.18883409588349628,0.031034344652100417,0.277918802243698,915.8663561800275,1.5775188851961197
2026-03-01,22.745806850657974,16.073150208756687,66.14330917319286,0.23037513066753473,0.08903108498566381,0.01604423769911199,0.27273676478469483,916.7428071472282,1.6817721267937855
2026-03-02,22.993483661271142,16.081364133231013,65.2565725733453,0.2829932151859859,0.0917585211451777,0.015598727274921745,0.2681189608582154,917.8516846522647,1.6549876555740346
2026-03-03,23.682071456619116,15.049440006030942,58.6601208447121,0.6374951064991896,0.038955348616094065,0.00495933702786214,0.2637105346866048,918.2290999247687,1.7659259894168482
2026-03-04,24.05897703174075,14.579451684929465,55.70665411832343,0.5058297215543128,0.11127316827516309,0.010125312740859904,0.25986238069311235,918.595205777625,1.7878064633133441
2026-03-05,24.213784901167408,15.813165408909269,59.698645059263534,0.4267990716413413,0.1580523446937357,0.020143045330325057,0.2572658348501051,917.6377953264224,1.7693565881774924
2026-03-06,24.471228383892043,16.104398850749664,60.073304802370664,0.5295511146560739,0.6874056267070803,0.061285158576146984,0.25639028681420173,917.0269806427436,1.7520796703111396
2026-03-07,24.6074332244899,16.875307127273558,62.47893795501965,0.42649516639255447,0.39921730653775717,0.05224777160461137,0.25767232009460467,917.3763105073429,1.9119529457903834
2026-03-08,24.828766319997808,16.3861179256282,59.64187033753472,0.24273743425985814,0.19877120482363628,0.030368425081657744,0.2565598557995969,917.4758721516646,1.7905396661827508
2026-03-09,24.73965987338722,15.136052041775903,55.596386338730454,0.8785541330480543,2.5054130919017052,0.3202401980652981,0.26200341246170844,917.669833075212,1.8099841984425191
2026-03-10,23.700247725110138,11.399447676477752,46.53605337669542,1.6255900434852026,0.010927730379092976,0.04345989549045998,0.27183610826985977,918.8189367885351,2.2085792630668784
2026-03-11,23.89521798448374,15.134654338646373,58.197540300500386,0.48815960774382783,0.10083708493634569,0.010733775642558523,0.2656535733820688,918.7002240137684,1.7466140499565788
2026-03-12,24.68668457498914,14.839225291828567,54.56740722783949,0.7069701511143769,0.003076182393547521,0.0011216197087751281,0.26113485869675657,916.9695438569466,1.7164553116321535
2026-03-13,24.650686903454456,16.013858983549405,58.9807868374127,0.19271732964667554,0.256031392796109,0.032840407152908827,0.2580487292707619,916.9308196401921,1.7210195286997598
2026-03-14,24.486239441353998,16.511612335417837,61.49671109854845,0.18708307686493122,0.9830540391840901,0.10482262404081198,0.2586393925150761,918.4688032422908,1.841800796325813
2026-03-15,23.93445518361209,17.886703121608594,69.30165184618785,0.5968060363693632,1.0510208821043747,0.17410423681749454,0.26409008827389674,918.487731256316,2.012138067688765
2026-03-16,23.74735435343433,18.212614205636577,71.35192370111417,0.594364839532343,1.794685873276968,0.3063034685591505,0.2720107808065299,917.4453320640683,2.0564290943738706
2026-03-17,22.673412370438207,18.38760869787712,76.94680450671693,0.463940444837791,3.2168296440561552,0.42229493420435016,0.28804328620454417,917.1096852117148,2.207884140272325
2026-03-18,22.40401064396621,17.709731324766498,74.90594478612904,0.2709263961218947,5.721650002766649,0.5468683226521437,0.3139856569768005,918.0893164199399,2.5899224421102782
2026-03-19,22.19898383936887,16.583646906781574,70.59188546149666,0.8798370342361252,0.858100117633304,0.14536775136092855,0.33629361562256016,918.6393695140791,2.734942311492503
2026-03-20,22.964576908329455,16.835239786024356,68.47035717468198,0.20918781339305478,0.3063021796202583,0.0467465265251302,0.32405774551323024,917.2904137615834,2.1511868390551157
2026-03-21,23.82876412468253,16.887685986263328,65.23138681488916,0.293724655635203,0.07932934223719627,0.013801632684034497,0.31074883660655883,917.4946151547853,2.0676507004080094
2026-03-22,24.133835584796778,17.397935494044457,66.17814115197898,0.27379222199083286,0.3389256026142237,0.05084644800912869,0.30090182019016243,918.1886335001856,2.035841622640631
2026-03-23,23.924492711105557,18.377550155567004,71.24637999942223,0.17327574377072205,1.0112298836719433,0.15303741091921766,0.2976847879118453,917.919996798051,1.9996264957596337
2026-03-24,23.687524155324756,18.397750402477616,72.42003137225804,0.34567074917219204,1.1060024909560755,0.17071808099760438,0.29685606928828046,917.2992392292322,2.0929863004683282
2026-03-25,24.4459572228537,18.334384151493484,69.12751610654684,0.2794828317572656,0.729778212142696,0.13377857133222482,0.2947033251669246,917.135594259116,2.0285289678158187
2026-03-26,25.9225327597358,16.225765980208006,55.47642631772213,0.5785782567924501,0.6335576346729986,0.054859481464334434,0.2883115292932368,917.6555091976231,2.174663482128077
2026-03-27,25.84399791126654,17.946667307718084,62.364297776898766,0.5585481893721714,1.9379238043224474,0.2159052780077251,0.2886966993655185,917.4732579819554,2.4174256583988867
2026-03-28,24.148207217346652,19.380769047504742,75.06516627650561,0.8131339587479217,6.164924394928494,7.950831643970063,0.31155932850198004,916.5256265212724,2.619558642583482
2026-03-29,24.60578574571679,18.402017279968266,68.9094620571987,0.5126821230851054,8.106580826113673,8.714115816933699,0.3269380959249537,916.0213168844228,2.9584156357456712
2026-03-30,23.55715185894224,19.073922522033165,76.2697352682218,0.4276985312182646,3.6913504439072566,1.255839732158485,0.3432092025275695,916.8443984428258,2.6657566487632915
2026-03-31,24.542240989551175,18.825719667714484,70.83281971647257,0.2885218092703329,1.1491422663712774,0.2397851704493524,0.3413798077322488,916.904280997842,2.7427794597420583
2026-04-01,24.69442252232267,18.97592974707944,71.10159804979814,0.43978993244222037,3.7042258339511482,0.7192317513582244,0.34048869755702404,916.9904129390609,3.0882069901119515
2026-04-02,23.84562677747578,19.57932499330543,77.49167447973626,0.6380449984586704,4.197688819068198,2.4416407095728707,0.3445409492088013,918.1609840640317,3.0167418639273778
2026-04-03,23.74801005684947,20.181425370234958,80.66950395963788,0.7938477755747674,4.458405250008034,2.919683360599513,0.34619798772725224,918.1795120803147,2.925447124684375
2026-04-04,23.398801553172913,20.68374668230783,84.86307399522391,0.9895248847083904,3.9436666165948644,1.0766377780933725,0.35743063069499725,917.6640680316785,2.696860129013014
2026-04-05,24.106025369565582,18.896538735761975,72.78759141092964,1.3903371691152377,0.2596404429075534,0.08907901821309268,0.3465077050450018,917.5563909817638,2.8617715583012147
2026-04-06,23.952519838693785,17.33198423727358,66.6558564351577,1.4512109118735814,0.11240366814487215,0.011076782208212042,0.33139696116454226,918.288270823694,2.796317682808508
2026-04-07,23.350737710102944,15.228613196728034,60.60056294725588,1.5617089445533683,0.0017545990863173486,8.331065127646016E-4,0.31826652528027555,917.9835902956307,2.7523523984001117
2026-04-08,24.3537648224101,17.019699363373007,63.89987059058729,0.6503476127919612,0.027490768916033886,0.005062536883428357,0.3071366428903121,917.3140135621678,2.5630158480925966
2026-04-09,24.123786039264896,19.180123816391053,74.1079376326994,1.0955653068385978,1.1327058093977997,0.24800560295389526,0.30407773257538057,918.2393847217422,2.4808564003690456
2026-04-10,25.970428665729024,19.3690871834604,67.3205870252219,0.29013161560217005,1.5118413685598544,0.1583169716090455,0.3025071507120716,918.4332392854171,2.5582832897749204
2026-04-11,24.76752450867323,20.89416777782967,79.24275507159535,0.8656768234999763,1.943930022067389,0.3146272590906475,0.31119543587542925,917.9099930678201,2.6666712632242033
2026-04-12,25.788631005728,20.28719253572273,72.13330552002711,0.5015151070650863,1.9231103415942528,0.3343422490786209,0.31451972983109355,916.6902059317778,2.8390339905678745
2026-04-13,26.080291831675165,20.018713235560273,69.70804081002748,0.7795842114523868,1.0265829354396612,0.1942906979403197,0.31255510059668323,917.5605434521366,2.8088172108556466
2026-04-14,26.58683077901605,19.39232099449352,65.13199740020377,0.47279641589987914,0.554823869589713,0.07659095093849988,0.30514194835609065,916.992669775674,2.5903740709986414
2026-04-15,26.32157412014484,19.836986878766467,68.06511542588252,0.8966876307090226,0.9189347713516219,0.15940224795396976,0.3004398467551088,915.9613299348866,2.5907212209249644
2026-04-16,26.087677573315304,19.68117482123501,68.52691178084488,0.607770476292637,1.3917786790516822,0.2950290528114579,0.300522074307669,916.0395109230448,2.597678417104059
2026-04-17,26.903051167535843,18.704521325021265,61.40958166940481,0.3084666283456479,0.40587289748595456,0.06970355072793685,0.2955238828553937,916.3862061542675,2.4521270608468275
2026-04-18,26.45869274929832,18.863763793717947,63.678342591290296,0.3146265017847133,1.186128334455713,0.2270736475660238,0.29330720493823426,916.3306549800602,2.536379750755775
2026-04-19,25.893207394278747,19.027817295987386,66.443810625882,0.7879151560520404,1.2404013393857465,0.27460658173569885,0.29546863171903837,916.64747666088,2.394099471834566
2026-04-20,25.88240439116867,19.455784536227583,68.15688692606781,0.5071144881213507,1.2557384590967338,0.259376303656047,0.29585437948273297,915.9500674415854,2.385486692519819
2026-04-21,25.869822377463034,19.38901039386084,68.06439477317544,0.6439559324039783,1.3430444638511254,0.27796156427143,0.2959465607477094,915.9731692873737,2.4123394638402953
2026-04-22,26.564141996902112,19.019766002267826,63.811921271836226,0.33112873779630836,0.871474023591199,0.17032750647955877,0.29345682100724635,915.3797739685575,2.322772229786759
2026-04-23,26.757185490589148,18.699662446644254,61.99360743802374,0.3016109705377227,0.3333651864291034,0.065704230109672,0.2883707992894202,915.105507974154,2.2725967404051977
2026-04-24,26.291009976546405,19.326793557958336,66.29185202207323,0.26636790210919037,2.195891993415838,0.46917881809328665,0.29120147329424856,915.3241432504703,2.389507325713171
2026-04-25,27.064777283914488,18.98740232479155,61.88164393813413,0.21193686759787708,0.3387315085247675,0.08541162658333849,0.2898739471447267,916.328982433277,2.1800064142810154
2026-04-26,26.146949215472286,20.254877355316033,70.76610987301943,0.8201501491031308,5.081432480207687,2.202179657621775,0.3027524837138315,916.1574710750041,2.6607498437937105
2026-04-27,25.64501943174001,20.9567715099927,75.65618618001089,1.278013500037301,1.599807864387047,0.4605654670436997,0.312972127061224,915.3726758166939,2.631449169259437
2026-04-28,25.665312082172225,20.857379249168115,75.05683383015864,1.1485086428411673,1.439649364904045,0.2477913590579253,0.3106200996208754,915.3809411915988,2.3139735783809465
2026-04-29,25.516466759358917,20.20350212983266,72.68338114833878,1.2024549799173658,1.8314889061990465,0.41121858659187827,0.3123164696504238,916.1325355923778,2.5538402463696097
2026-04-30,25.041912842368284,19.61287753333759,71.98868616274443,1.3282027556567886,1.7039247581542418,0.2072815314280381,0.3137198395913484,917.1487957694518,2.3905828131378035
2026-05-01,24.823458687620086,20.285083288043403,76.00159872757112,1.2883421387609768,2.0600135050441883,0.2350297646288196,0.3187270636437113,916.9099464323381,2.4745576762917176
2026-05-02,25.210326025257725,20.077335654101,73.37722674332092,1.635020993322932,0.8768731216603446,0.12095543084942342,0.31761667730896437,916.0980316052634,2.4051277797704786
2026-05-03,24.970522052776484,19.124397716602083,70.15586856619235,1.6034053610800032,0.7442655075645149,0.08553237037142787,0.3112109804334749,916.2866608309957,2.356586877399566
2026-05-04,25.25884073222798,19.799409910330166,71.89432272973802,1.1604836081630858,0.8776088934223656,0.10615948496229957,0.3057881997844638,916.1852122994815,2.145470149736963
2026-05-05,24.786933459364615,19.966318299244122,74.81545730389287,1.0886351738143094,3.6122277554855673,1.480284627273323,0.316616083402927,916.2395491217651,2.464608982293812
2026-05-06,25.965642467466118,19.08448323853699,66.12688932448987,0.45192348785976816,1.8779667292124125,0.1869006622172758,0.3157938628920662,914.6783137535117,2.239481842475617
2026-05-07,24.423323820146177,20.629300880234357,79.64220035902122,0.5522567559876875,3.128176508974228,0.5159591730142783,0.33121016047794516,915.06019520148,2.447932080826817
2026-05-08,25.70322733566768,20.316463909888338,72.50635192604389,0.6226560016794928,4.047686155508133,0.7643707453696351,0.33575595926477514,915.0440904663242,2.7643440667720536
2026-05-09,24.465341445334484,20.265615404550044,77.91447116969904,0.3299967939663624,5.515554001857644,3.692404562544096,0.3496798338664633,915.4112918762543,2.978734308511435
2026-05-10,25.88387924423187,19.170134116642128,66.93882929443764,0.49184879403868587,2.2510555076244527,1.839931336608072,0.3431928805841226,914.6147670431291,2.9552283319429478
2026-05-11,24.590885639509352,21.136930576504252,81.39704871949448,0.8826859197020701,3.8370275912194995,1.3066727645726972,0.3484104008664915,915.0765880563292,2.8164635475384556
2026-05-12,25.62522354823369,19.892895150165426,71.07749120988024,0.6678562780723846,2.4971715081829835,0.5343064885989548,0.34566585474695183,913.9381400508843,2.863562718460445
2026-05-13,24.296937548728277,20.830950736420807,81.3079516745956,1.254924834152772,2.819141373682138,0.5246462457732733,0.35034945835535913,913.4359925004186,2.671477056289443
2026-05-14,24.347788338094034,21.013893695507097,81.91299569693221,1.0579523014073504,12.693947036492931,9.916948012922653,0.36661000806129623,913.1092629406063,2.891820889347908
2026-05-15,23.801037057383674,21.047186180783157,84.74049527896521,0.9079300421173879,17.281575331503543,10.77738876169845,0.4072082850791784,913.1340665152818,3.1872354366287876
2026-05-16,23.382526689451716,21.493067755905948,89.25430376725409,1.113202185517669,7.854883514768088,3.8866022854325726,0.42758426694829327,913.5665157741269,2.9336911752675783
2026-05-17,23.886312897725396,21.454523549199145,86.34590392979096,1.0052753010805027,8.39643324032085,11.253754689350341,0.4259464050596538,913.9242456186897,3.552719485604868
2026-05-18,23.503360579994272,21.275617899731557,87.41184939021166,1.153621552519785,9.67379638812813,3.100478003748634,0.4296550828383054,914.5440955835534,2.8728581149431953
2026-05-19,22.578330627126718,21.01816152238663,90.9602163586387,1.6568507479789054,22.856805907809324,49.448849288664086,0.4354925157471032,915.6235979372503,2.730680962693775
2026-05-20,23.824785999937344,21.185293986342536,85.23047830679786,2.0082146575861337,3.5573663813464305,4.977151913338094,0.4242353099792669,915.6696164941502,3.273245357002739
2026-05-21,23.9653511778891,21.532638573876397,86.3406876083416,1.711616493446129,2.0719060271451517,0.6463854963300912,0.41994231645607755,916.1479424054666,2.7763910597182315
2026-05-22,23.465965496739692,21.017081754868848,86.22507943885631,1.690630057065424,3.6808435268117337,2.2068486476742195,0.42043894917824715,917.9132372570537,3.268126708336594
2026-05-23,23.55279053813574,20.993994556290332,85.65494220889298,1.7308888620645309,3.3746813454514255,1.4999238129261796,0.4187032017065192,918.5633464423073,2.790862625169271
2026-05-24,23.02443787447709,21.169780857683822,89.38965726675788,1.527208145754548,6.890255122130362,9.338399743345153,0.4211107897869281,918.2270553739479,3.4684738706999525
2026-05-25,23.704606081713578,20.472352664049573,82.19179971453866,1.4173170627151308,3.0385380863805196,1.5209239305245228,0.4173582003551286,917.7380755524514,3.640009088158222
2026-05-26,23.73889824879375,21.163744827785074,85.58392670739455,1.4250186596602672,5.213668196199705,3.380681062938122,0.42048737423785404,917.6884007195963,3.4559848621231786
2026-05-27,23.354738825662427,21.31055641134761,88.36592245046282,1.304121727834032,8.277741223278705,12.800123567871813,0.4265766477843063,918.2582662842555,3.219507833480704
2026-05-28,23.605617421119423,21.526593374536642,88.22376313919956,1.3131204175570927,3.6191558155242665,2.099091997935635,0.43108990927072566,918.2442000763411,3.091494800027806
2026-05-29,23.588089928874457,21.03877252906261,85.72059449149818,1.5252010345694302,6.019226932212395,3.7392347883456716,0.4248812632585086,917.6005260968392,3.3322213354325947
2026-05-30,23.294396292334152,21.058639552856324,87.32763528843688,1.204314509693713,5.8722718906287215,5.203381380462668,0.4266972871274861,917.4211513363193,3.209891342212972
2026-05-31,23.088350157831705,21.196836033388287,89.15580224615486,1.137804678915479,11.996421803570657,24.245753956426185,0.4331995438846313,917.8194190379538,3.040097743789575
2026-06-01,23.360022480037237,21.34714413283312,88.52978594063168,0.830038255678844,4.302793614172588,3.853797287209021,0.4334112450783212,917.7537533114684,2.655689299183001
2026-06-02,22.2538783658479,21.27357646720763,94.2193265245418,0.8648280898405303,20.12793470604337,28.17045553131428,0.4479228494884955,916.9553402020894,2.394378753573214
2026-06-03,21.762228898811266,20.550696779853205,92.87127594520051,1.6392784052357043,12.906885387118919,33.115628202049734,0.4516074948355354,916.1380768584354,3.7793282939670334
2026-06-04,22.294761949974262,20.449322806654795,89.36489421260956,2.308177054101207,4.348749314390562,3.1234195091277583,0.4471960256381459,915.7738697432078,3.089518736443125
2026-06-05,21.388502656878288,20.778440061102536,96.33820919442041,2.079202441813179,13.756284181809212,8.629349024408572,0.4606612290078631,915.7258093646633,2.9122065010176144
2026-06-06,21.063616449501357,20.624451279130184,97.35550782918203,1.7824764945326532,30.914827664805454,34.08141453561677,0.46671379607417046,916.2513428225712,2.9555102817775154
2026-06-07,21.39565128110021,20.73864525614301,96.07678885904325,1.3215954525377964,59.005795226749264,296.00018069301734,0.46123117755377546,916.7186031671872,2.6540303130017433
2026-06-08,21.38546884683769,20.356682907660083,93.8993264897568,1.9435860298967345,12.20599262218768,20.081379464807625,0.4586040021252668,917.2104476091489,2.7400552717832976
2026-06-09,21.618677041676865,20.618887001738234,94.063880524007,1.8711387736649365,10.367891672295809,5.832475796577973,0.46879544034505816,916.9787697547899,3.264633707529608
2026-06-10,21.717015853054363,20.59991380017801,93.41365230050846,1.8383954308547437,8.233584063634392,5.154932933774861,0.46663845745141896,916.7928140162094,3.2746368309418328
2026-06-11,22.11757642862669,20.44464524338662,90.28659238576383,1.589774958487295,7.762593226590399,5.90631329044674,0.4572415967761735,916.6211103504746,3.161526923913988
2026-06-12,21.799302194469867,20.52988898442145,92.56280095120022,1.6539886664197068,10.1396609003668,12.865778468253076,0.4619762649796922,917.662700035909,3.395944000190132
2026-06-13,22.0967286917601,20.41107088272057,90.20913906651553,2.010127698601693,4.510222659784477,1.9727697203637387,0.4593623408515978,918.038843477251,2.8460098955033835
2026-06-14,21.86794536334332,20.253088192412893,90.59802007979744,1.7571058796392018,2.2960616148401334,1.0050175998453057,0.4581983625401218,917.4822016167797,2.8369090234299987
2026-06-15,23.04008163926552,20.171571763770444,83.94291724725642,1.6920405441679833,1.3884825293221783,0.5130136813931935,0.4462082202786989,916.8919511354558,3.3778211651089856
2026-06-16,23.613260767271903,20.658415208850176,83.5607325124534,1.549751429089977,1.5837833484141932,0.5030130725197286,0.4382806969077218,916.9993061854809,3.3477167039294096
2026-06-17,22.821042402668706,20.61623411743023,87.42633370538023,1.6547832283980652,2.2141946938003225,0.709099593788114,0.4371386192249401,917.3324256793067,3.090033462731015
2026-06-18,22.12571855329602,20.34600249622059,89.67412521349395,1.2306331246959634,9.78382913024178,13.207645417856499,0.44737561228784695,917.0234802957314,2.5797843561177354
2026-06-19,22.5922887761321,19.81103299313778,84.33152285573662,1.1833580723583528,1.4355277541953169,1.356878614383423,0.4467407139681698,916.9432521005265,3.110413652577424
2026-06-20,23.452513340434567,19.285993404236816,77.49535431044568,1.484243033866388,1.122655072771988,0.2959375538516531,0.4355162320087759,917.2563530467158,3.5972626154841207
2026-06-21,22.367447672667883,20.684775193594593,90.2537431424882,1.6451035335071382,7.585509513563208,5.953947091819587,0.44991300087460034,916.9534997247756,2.937543150653472
2026-06-22,21.63248782736066,20.343971301053656,92.4326956777118,1.9020745216528714,14.788868264341462,24.73919875044189,0.45458314638283964,917.3631021756602,3.222220232734923
2026-06-23,21.295878330278644,19.612059893188537,90.19198626899158,1.946660917475215,4.049989866403593,3.1969934925763184,0.4615022091060282,917.1875459331687,2.8876575768708155
2026-06-24,21.398829837489522,20.270687610388737,93.32247137251395,1.917360163335265,6.1025433718766715,3.9487599222128376,0.45209559822163103,916.9705996955279,2.785294982981868
2026-06-25,22.274057909634458,20.292897177989747,88.60191738972564,2.197048543179832,3.3811780920582493,1.474292436984844,0.4524058780669435,916.5813900255298,3.209377428994694
2026-06-26,22.161503754089935,20.333531746423162,89.4340030328205,1.8463131646247741,3.6568735664046588,1.4307588377053428,0.4530616315887166,916.7026444402585,3.175098209695849
2026-06-27,22.457720175769968,20.28760155113255,87.58359203450173,1.887597036410885,4.7703852338551345,2.3504456659487714,0.45175333056402467,915.7171683063102,3.47743286808191
2026-06-28,21.358813418720118,20.60870514252992,95.52248949873807,1.9434330954463188,28.314147701752283,50.08921473668953,0.459621585696946,915.6586313977461,3.005344759226909
2026-06-29,20.905695894718026,20.2381117165874,96.00864530417076,2.29782191471619,27.86005140805671,31.152410196619645,0.4676374915320372,916.3469400799747,3.8449091239965307
2026-06-30,20.99040651411883,20.142187378191082,94.9487880602662,2.871638443888784,26.75945841627282,38.378691659586345,0.4657304745260349,916.7913941790242,4.457139373915867
2026-07-01,20.413520413058226,20.297751565229927,99.29386772840222,2.4649070681879874,37.0889821951806,41.12165302822826,0.4667318023038166,916.7458045733669,2.4480943839860974
2026-07-02,20.699842843570984,20.514427640164588,98.87249600924571,2.283828668198336,39.57782792866225,143.06421508802902,0.4660471579114398,916.8705558589852,2.4684254456277555
2026-07-03,21.195407242900803,20.450703551911477,95.55229916268827,3.2582335117496157,35.2799708385627,41.575830801720514,0.46900972151768183,917.0523892996624,4.5129201105713275
2026-07-04,20.90542882781667,20.1618487074339,95.5457481714113,3.3192314993253342,21.97954143590197,23.613481944733145,0.4693581339043534,916.1138311692328,4.608490802746844
2026-07-05,21.173799790034703,20.05814473466831,93.38245089598516,3.474937509042201,16.859284796949634,9.636938203435669,0.47094077139482765,915.8728496374675,4.311680104418248
2026-07-06,20.931108843249646,20.301102760954628,96.2326278988754,3.8957503331027103,30.010854386043718,30.864263632657654,0.46805284323357,916.0266016348882,5.899593916109235
2026-07-07,20.95903340577852,20.22200608048183,95.59067584103663,3.7802947307614914,26.320047503623798,31.348510822494784,0.47070739549183455,916.7739751535975,5.625062348173638
2026-07-08,21.382427400956097,20.517540801973848,94.85379955706016,3.302108746976376,22.78949573562227,20.917491579364146,0.4707667944173719,916.7970712100356,5.307978441695597
2026-07-09,21.725062473377864,20.354603643967163,91.96021070417736,2.506728636610637,8.288511033534931,8.632265318278233,0.46728370359710647,917.4706284982514,3.8069868952839427
2026-07-10,21.643839113537528,20.4730249175252,93.11030985824829,2.0038186062331076,10.930888408861316,15.303585603867534,0.465969360840322,918.3757480949957,3.59480415652999
2026-07-11,22.17971303941067,20.203204423822616,88.6260783486564,2.101068936490683,4.080252323794548,2.8586456993611282,0.46580491196190316,917.3139173506769,3.8441500014529235
2026-07-12,22.61065087350472,19.397751135543555,82.1138112010718,2.619406083400981,1.2803749288206467,0.5506111188962419,0.45433905982026185,916.2053365513724,3.162889478564853
2026-07-13,22.341979342312417,19.668874606953604,84.87479686416613,2.3800320297498954,1.853824282236401,0.78411267256734,0.44978589023016197,916.8209686482066,3.1650261224854543
2026-07-14,23.017179963141597,19.237220261452904,79.31334290249643,2.11506861595472,0.21730609987086563,0.08766854728939814,0.43803991159590805,916.7918275378697,3.252730098878035
2026-07-15,22.712410024760253,18.674990906656628,78.01462139970657,2.165842625488861,0.7804156626211503,0.30593601603677756,0.43016748669720994,917.4700328990202,3.4509552395895593
2026-07-16,21.841273379671094,19.14090692920338,84.70100174026076,2.1332274562863893,3.358428652886216,0.7655693512993247,0.4316560763040299,917.6337832622731,3.0121822372638603
2026-07-17,20.422081435425866,19.809078191763156,96.30785264191604,1.8288314723961734,9.192960490764213,4.395562027931824,0.45778474134889197,917.824428120394,2.407970261899663
2026-07-18,20.758035953294808,19.557738250229622,92.89647116293958,2.0466781937954317,3.5237479303361074,1.5200513966277671,0.45876838207043413,917.5822173904185,2.191979898523351
2026-07-19,21.553005768843757,19.79243058683267,89.77266629102245,2.142325337458928,5.4244547322449215,1.8447793394358065,0.45828176437537904,917.2245566729932,3.365970349430983
2026-07-20,21.061178584047006,20.065965248653246,94.09324963864297,1.9360798741341523,14.54452456918671,18.16161499732251,0.45563878316037204,917.7815789360079,3.789505780945896
2026-07-21,21.93148108888673,20.144325286206545,89.64435724543256,2.124534598927457,3.5119499444192366,2.151271239157433,0.45393355282723696,917.5507220229492,3.1856524891424245
2026-07-22,21.09552992867515,20.251492460388377,94.96161768998589,2.011491489764249,13.479934413865704,27.77191241150428,0.4609730376915965,917.5571665108636,3.19765222983514
2026-07-23,21.604673631655437,19.64198969718559,88.67134496763063,2.228973139061605,5.440689993352434,4.122105888830913,0.46488177229211036,916.9874231577296,3.9143494043513387
2026-07-24,21.666292759056983,19.861339111216807,89.52803201684716,1.8996904906555008,8.21025608280642,17.675560705388644,0.45374847356728354,916.6428641611952,3.45732856111354
2026-07-25,22.197190303929236,19.737291217429927,86.02355181311539,2.3474132058790858,3.4839163878693453,2.967632777095253,0.4516000664535881,916.5810159980041,3.444451685496526
2026-07-26,21.8215235575684,19.821047927877558,88.49846715477736,2.7490044231318786,6.754472214080857,2.478220047535867,0.45951824588939,916.4300281249775,3.905746137425226
2026-07-27,21.603869164130597,20.109339320823114,91.275659689227,2.758682851939193,9.74166783393464,6.782002129825611,0.459262299144827,915.685963272556,4.117372206144308
2026-07-28,21.55128581184817,20.361235486006535,93.00277224185096,2.68457318306622,14.285272273791076,10.146422546023404,0.46529622214746197,915.2475528726623,4.2633646636641584
2026-07-29,21.436990041300966,20.34780800282401,93.58140548986898,3.3170059395900475,13.870943040979721,9.436988165216423,0.4697768574747736,914.503191180797,4.57481821750644
2026-07-30,21.582620220431224,20.356255183795163,92.79916103896053,3.728394182157617,18.853170366752263,13.381130819098713,0.4691600864025224,913.2307244845148,5.303789655147767
2026-07-31,21.074599341219546,20.36992898709482,95.80279424736793,2.897293585724739,29.176126307994064,29.47027055517238,0.4637355033797447,913.5820602428828,4.899926702753231
2026-08-01,20.705606167887026,20.27565042736228,97.4079540393662,2.4948386047935944,36.05126882966616,64.97928095668784,0.4661182104389748,915.152354663143,4.063657214211584
2026-08-02,20.898440403738146,20.327478734697085,96.57834163658727,2.118755643187082,11.639259141091129,10.305776674678585,0.47157241996222765,916.2719645926799,2.4252700990576503
2026-08-03,20.818833897480726,19.986759148548025,95.03520134154401,2.063584073665495,13.146042629090545,8.902122635192168,0.4621219922170599,917.1017180626892,2.9849467898005084
2026-08-04,20.999837273617768,20.106515024059718,94.66861410349864,2.462535682791024,25.45942061219784,45.57624186726845,0.462493363478704,917.2227116596172,4.3671660319267716
2026-08-05,20.801788500880225,20.15787267412795,96.13357305827236,2.186876345562083,14.250989481297015,24.68570312151371,0.46601282790696397,916.212337297156,3.0448614790398665
2026-08-06,21.233994600284536,20.0288225826289,92.88020863955651,2.651149498529611,13.839681032394315,11.039532780705654,0.4709442553443466,915.9767760103862,4.359304024157044
2026-08-07,20.555947777374932,20.070106387644763,97.07261129718137,2.5267825312428522,23.957664973485972,57.51379250279115,0.46596728639631585,915.795176317596,3.820317796826266
2026-08-08,21.003037624855093,19.867114247439563,93.26398219781447,2.4956249307042366,9.369914884306763,9.486961016447117,0.47135324826478436,916.3312285060231,3.7917813581495743
2026-08-09,21.5676663498773,19.844710226755268,89.98588153756725,2.2875457004977795,4.1767801316408875,2.399587292305294,0.46844551413730523,916.7070586010261,3.4270514508206893
2026-08-10,21.902349305653804,20.17341864995705,89.96898249932387,2.054730863677805,3.9196977391098833,1.6982229659360646,0.46472270482237593,916.0906679395694,3.209875785509712
2026-08-11,21.971606098990694,19.975341854717414,88.50166499895509,2.208566402211182,4.2290387769248055,1.500119376931477,0.4625617525162463,915.9271966951477,3.4305846727659084
2026-08-12,21.92505701745387,19.988204408148906,88.82152006512753,2.1147986937763794,4.095212631900495,1.420004071625082,0.4613822815847427,917.324154780974,3.415852548604544
2026-08-13,21.683585977581817,20.231543621689294,91.4952697953649,2.066194432240783,9.487649978911069,6.553997029520865,0.45899580759071235,918.0629326107736,3.537303190890826
2026-08-14,21.42699329475704,19.85725022253091,90.81935827882143,2.1955292106374897,5.998353790077612,2.3615547958154095,0.4668117624578715,918.0071290534638,3.274315043164434
2026-08-15,21.410426829391156,19.78552673044773,90.51581133584396,2.0851813773009202,5.028831581627509,2.291755741117654,0.4674641792000532,917.9085190855574,3.6238848708929696
2026-08-16,22.034859790766124,19.641404727417605,86.36559630991601,2.1126526204575877,4.187469995575818,1.7698898089285378,0.46205648189362564,917.6998085844483,3.782273798357721
2026-08-17,21.431354399680124,19.431571502720722,88.43773658507732,1.9810428903789479,3.9357095204677077,2.5742340928237812,0.452692463553922,918.8522767502434,3.214979373019046
2026-08-18,21.671082545438452,19.624574369742703,88.20576338485014,1.936604882330541,2.839402520810654,1.0729522759470198,0.4491160040000261,918.9781722447789,3.029228704139678
2026-08-19,21.35413366160179,19.77645032163106,90.7924240825395,1.9416070224866437,4.008932722261773,1.4190277940378937,0.4552947825017822,918.8086730296444,2.6450610823387612
2026-08-20,21.876967140250812,19.23009854720461,84.9877987712885,2.2905611858385435,1.584308788734917,0.6911503920454569,0.4488801870101763,918.299623256425,3.3848400253801247
2026-08-21,21.58706597839033,19.091706699582772,85.76875962332647,2.363170183197135,3.9145587318262876,1.2047538197504812,0.44645968562937566,918.0649738763811,3.587745295745022
2026-08-22,21.41755402049983,19.716051602135607,90.09958717850375,2.321506000192462,5.2383259897525285,2.0821470761250365,0.45319035194544366,917.6643824705887,3.6209514013704354
2026-08-23,21.37058873207894,20.01854551766342,92.04935526502508,2.196483881974667,9.693246000234131,4.651120206810511,0.45496970977120976,917.7000502762592,3.874563666448804
2026-08-24,20.99088851028258,20.335633018283584,96.08041540032323,2.3726455949566994,23.19250529139361,31.80273162654528,0.4665586624148437,917.8560466561856,4.35156499174405
2026-08-25,20.607745691958687,20.25423047022919,97.85860400048487,1.8813502344473483,15.142249091317922,17.18625419811041,0.4728977754102598,918.4803515666256,2.6776733368151
2026-08-26,20.472185830710643,20.064827562480072,97.53194222039487,1.6033552294964286,0.44146848035333947,0.7797641586716209,0.47011670199307537,917.896968299469,0.09756422457740745
